2025-06-11 11:17:38.314 | INFO |  | 连接CTP接口
2025-06-11 11:17:38.315 | INFO |  | 等待CTP接口登录
2025-06-11 11:17:38.315 | INFO | TTS | 交易服务器连接成功
2025-06-11 11:17:38.315 | INFO | TTS | 行情服务器连接成功
2025-06-11 11:17:38.438 | INFO | TTS | 行情服务器登录成功
2025-06-11 11:17:38.438 | INFO | TTS | 交易服务器登录成功
2025-06-11 11:17:38.439 | INFO | TTS | 结算信息确认成功
2025-06-11 11:17:39.315 | INFO |  | 等待CTP合约信息初始化
2025-06-11 11:17:40.397 | INFO |  | 等待CTP合约信息初始化
2025-06-11 11:17:41.421 | INFO |  | 等待CTP合约信息初始化
2025-06-11 11:17:42.421 | INFO |  | 等待CTP合约信息初始化
2025-06-11 11:17:43.422 | INFO |  | 等待CTP合约信息初始化
2025-06-11 11:17:44.424 | INFO |  | 等待CTP合约信息初始化
2025-06-11 11:17:45.424 | INFO |  | 等待CTP合约信息初始化
2025-06-11 11:17:46.424 | INFO |  | 等待CTP合约信息初始化
2025-06-11 11:17:47.435 | INFO |  | 等待CTP合约信息初始化
2025-06-11 11:17:48.436 | INFO |  | 等待CTP合约信息初始化
2025-06-11 11:17:49.436 | INFO |  | 等待CTP合约信息初始化
2025-06-11 11:17:50.436 | INFO |  | 等待CTP合约信息初始化
2025-06-11 11:17:51.437 | INFO |  | 等待CTP合约信息初始化
2025-06-11 11:17:52.319 | INFO | TTS | 合约信息查询成功
2025-06-11 11:17:52.437 | INFO |  | 主引擎创建成功
2025-06-11 11:17:53.744 | INFO | SimpleStrategy | 数据服务初始化成功
2025-06-11 11:17:53.745 | INFO | SimpleStrategy | 尝试从 C:\vnpy\udt\udt\strategies 加载策略类
2025-06-11 11:17:53.747 | INFO | SimpleStrategy | 策略文件 strategies.combined_strategy 加载失败，触发异常：
Traceback (most recent call last):
  File "C:\vnpy\udt\.venv\Lib\site-packages\vnpy_simplestrategy\engine.py", line 518, in load_strategy_class_from_module
    module: ModuleType = importlib.import_module(module_name)
                         ^^^^^^^^^^^^^^^^^^^^^^^^^^^^^^^^^^^^
  File "C:\Users\Administrator\AppData\Local\Programs\Python\Python312\Lib\importlib\__init__.py", line 90, in import_module
    return _bootstrap._gcd_import(name[level:], package, level)
           ^^^^^^^^^^^^^^^^^^^^^^^^^^^^^^^^^^^^^^^^^^^^^^^^^^^^
  File "<frozen importlib._bootstrap>", line 1387, in _gcd_import
  File "<frozen importlib._bootstrap>", line 1360, in _find_and_load
  File "<frozen importlib._bootstrap>", line 1331, in _find_and_load_unlocked
  File "<frozen importlib._bootstrap>", line 935, in _load_unlocked
  File "<frozen importlib._bootstrap_external>", line 994, in exec_module
  File "<frozen importlib._bootstrap>", line 488, in _call_with_frames_removed
  File "c:\vnpy\udt\udt\strategies\combined_strategy.py", line 9, in <module>
    from vnpy_portfoliostrategy import StrategyTemplate, StrategyEngine
ModuleNotFoundError: No module named 'vnpy_portfoliostrategy'

2025-06-11 11:17:53.750 | INFO | SimpleStrategy | 组合策略引擎初始化成功
2025-06-11 11:17:53.751 | INFO | SimpleStrategy | 已加载通用策略: []
2025-06-11 11:17:53.751 | INFO |  | 当前账号的所有订单信息:
2025-06-11 11:17:53.751 | INFO |  | 当前账号的所有成交信息:
2025-06-11 11:17:53.751 | INFO |  | 当前账号的所有持仓信息:
2025-06-11 11:17:53.751 | INFO |  | vt_symbol=ao2507C3100.SHFE, volume=18, frozen=0, vt_positionid=TTS.ao2507C3100.SHFE.多 @22.0
2025-06-11 11:17:53.751 | INFO |  | 当前账号的账户信息:
2025-06-11 11:17:53.751 | INFO |  | vt_accountid=TTS.12821, balance=9972058.93, frozen=0.0, available=9964138.93
2025-06-11 11:17:53.751 | INFO | TTS | 开始订阅行情
2025-06-11 11:18:11.801 | INFO | TTS | 行情订阅完毕
2025-06-11 11:31:36.198 | INFO |  | 连接CTP接口
2025-06-11 11:31:36.198 | INFO |  | 等待CTP接口登录
2025-06-11 11:31:36.198 | INFO | TTS | 行情服务器连接成功
2025-06-11 11:31:36.198 | INFO | TTS | 交易服务器连接成功
2025-06-11 11:31:36.308 | INFO | TTS | 行情服务器登录成功
2025-06-11 11:31:36.598 | INFO | TTS | 交易服务器登录成功
2025-06-11 11:31:36.598 | INFO | TTS | 结算信息确认成功
2025-06-11 11:31:37.198 | INFO |  | 等待CTP合约信息初始化
2025-06-11 11:31:38.245 | INFO |  | 等待CTP合约信息初始化
2025-06-11 11:31:39.246 | INFO |  | 等待CTP合约信息初始化
2025-06-11 11:31:40.246 | INFO |  | 等待CTP合约信息初始化
2025-06-11 11:31:41.252 | INFO |  | 等待CTP合约信息初始化
2025-06-11 11:31:42.252 | INFO |  | 等待CTP合约信息初始化
2025-06-11 11:31:43.254 | INFO |  | 等待CTP合约信息初始化
2025-06-11 11:31:44.257 | INFO |  | 等待CTP合约信息初始化
2025-06-11 11:31:45.274 | INFO |  | 等待CTP合约信息初始化
2025-06-11 11:31:46.284 | INFO |  | 等待CTP合约信息初始化
2025-06-11 11:31:47.298 | INFO |  | 等待CTP合约信息初始化
2025-06-11 11:31:48.308 | INFO |  | 等待CTP合约信息初始化
2025-06-11 11:31:49.308 | INFO |  | 等待CTP合约信息初始化
2025-06-11 11:31:50.309 | INFO |  | 等待CTP合约信息初始化
2025-06-11 11:31:51.309 | INFO |  | 等待CTP合约信息初始化
2025-06-11 11:31:52.319 | INFO |  | 等待CTP合约信息初始化
2025-06-11 11:31:53.319 | INFO |  | 等待CTP合约信息初始化
2025-06-11 11:31:54.320 | INFO |  | 等待CTP合约信息初始化
2025-06-11 11:31:55.320 | INFO |  | 等待CTP合约信息初始化
2025-06-11 11:31:56.332 | INFO |  | 等待CTP合约信息初始化
2025-06-11 11:31:57.332 | INFO |  | 等待CTP合约信息初始化
2025-06-11 11:31:58.333 | INFO |  | 等待CTP合约信息初始化
2025-06-11 11:31:58.699 | INFO | TTS | 合约信息查询成功
2025-06-11 11:31:59.334 | INFO |  | 主引擎创建成功
2025-06-11 11:32:00.638 | INFO | SimpleStrategy | 数据服务初始化成功
2025-06-11 11:32:00.639 | INFO | SimpleStrategy | 尝试从 C:\vnpy\udt\udt\vntrader\strategies 加载策略类
2025-06-11 11:32:00.641 | INFO | SimpleStrategy | 组合策略引擎初始化成功
2025-06-11 11:32:00.641 | INFO | SimpleStrategy | 已加载通用策略: []
2025-06-11 11:32:00.641 | INFO |  | 当前账号的所有订单信息:
2025-06-11 11:32:00.641 | INFO |  | 当前账号的所有成交信息:
2025-06-11 11:32:00.641 | INFO |  | 当前账号的所有持仓信息:
2025-06-11 11:32:00.641 | INFO |  | vt_symbol=ao2507C3100.SHFE, volume=18, frozen=0, vt_positionid=TTS.ao2507C3100.SHFE.多 @22.0
2025-06-11 11:32:00.641 | INFO |  | 当前账号的账户信息:
2025-06-11 11:32:00.641 | INFO |  | vt_accountid=TTS.12821, balance=9972058.93, frozen=0.0, available=9964138.93
2025-06-11 11:32:00.642 | INFO | TTS | 开始订阅行情
2025-06-11 11:32:18.732 | INFO | TTS | 行情订阅完毕
2025-06-11 11:33:12.419 | INFO |  | 连接CTP接口
2025-06-11 11:33:12.419 | INFO |  | 等待CTP接口登录
2025-06-11 11:33:12.420 | INFO | TTS | 交易服务器连接成功
2025-06-11 11:33:12.420 | INFO | TTS | 行情服务器连接成功
2025-06-11 11:33:12.527 | INFO | TTS | 行情服务器登录成功
2025-06-11 11:33:12.551 | INFO | TTS | 交易服务器登录成功
2025-06-11 11:33:12.551 | INFO | TTS | 结算信息确认成功
2025-06-11 11:33:13.419 | INFO |  | 等待CTP合约信息初始化
2025-06-11 11:33:14.420 | INFO |  | 等待CTP合约信息初始化
2025-06-11 11:33:15.420 | INFO |  | 等待CTP合约信息初始化
2025-06-11 11:33:16.421 | INFO |  | 等待CTP合约信息初始化
2025-06-11 11:33:17.422 | INFO |  | 等待CTP合约信息初始化
2025-06-11 11:33:18.422 | INFO |  | 等待CTP合约信息初始化
2025-06-11 11:33:19.422 | INFO |  | 等待CTP合约信息初始化
2025-06-11 11:33:20.428 | INFO |  | 等待CTP合约信息初始化
2025-06-11 11:33:21.428 | INFO |  | 等待CTP合约信息初始化
2025-06-11 11:33:22.428 | INFO |  | 等待CTP合约信息初始化
2025-06-11 11:33:23.428 | INFO |  | 等待CTP合约信息初始化
2025-06-11 11:33:24.440 | INFO |  | 等待CTP合约信息初始化
2025-06-11 11:33:25.440 | INFO |  | 等待CTP合约信息初始化
2025-06-11 11:33:26.440 | INFO |  | 等待CTP合约信息初始化
2025-06-11 11:33:27.440 | INFO |  | 等待CTP合约信息初始化
2025-06-11 11:33:28.440 | INFO |  | 等待CTP合约信息初始化
2025-06-11 11:33:29.441 | INFO |  | 等待CTP合约信息初始化
2025-06-11 11:33:30.442 | INFO |  | 等待CTP合约信息初始化
2025-06-11 11:33:31.442 | INFO |  | 等待CTP合约信息初始化
2025-06-11 11:33:32.442 | INFO |  | 等待CTP合约信息初始化
2025-06-11 11:33:33.443 | INFO |  | 等待CTP合约信息初始化
2025-06-11 11:33:34.200 | INFO | TTS | 合约信息查询成功
2025-06-11 11:33:34.443 | INFO |  | 主引擎创建成功
2025-06-11 11:33:36.638 | INFO | SimpleStrategy | 数据服务初始化成功
2025-06-11 11:33:36.638 | INFO | SimpleStrategy | 尝试从 C:\vnpy\udt\udt\vntrader\strategies 加载策略类
2025-06-11 11:33:36.641 | INFO | SimpleStrategy | 组合策略引擎初始化成功
2025-06-11 11:33:36.641 | INFO | SimpleStrategy | 已加载通用策略: []
2025-06-11 11:33:36.642 | INFO |  | 当前账号的所有订单信息:
2025-06-11 11:33:36.642 | INFO |  | 当前账号的所有成交信息:
2025-06-11 11:33:36.642 | INFO |  | 当前账号的所有持仓信息:
2025-06-11 11:33:36.642 | INFO |  | vt_symbol=ao2507C3100.SHFE, volume=18, frozen=0, vt_positionid=TTS.ao2507C3100.SHFE.多 @22.0
2025-06-11 11:33:36.642 | INFO |  | 当前账号的账户信息:
2025-06-11 11:33:36.643 | INFO |  | vt_accountid=TTS.12821, balance=9972058.93, frozen=0.0, available=9964138.93
2025-06-11 11:33:36.643 | INFO | TTS | 开始订阅行情
2025-06-11 11:33:54.227 | INFO |  | 连接CTP接口
2025-06-11 11:33:54.227 | INFO |  | 等待CTP接口登录
2025-06-11 11:33:54.227 | INFO | TTS | 交易服务器连接成功
2025-06-11 11:33:54.227 | INFO | TTS | 行情服务器连接成功
2025-06-11 11:33:54.332 | INFO | TTS | 行情服务器登录成功
2025-06-11 11:33:54.346 | INFO | TTS | 交易服务器登录成功
2025-06-11 11:33:54.347 | INFO | TTS | 结算信息确认成功
2025-06-11 11:33:55.227 | INFO |  | 等待CTP合约信息初始化
2025-06-11 11:33:56.331 | INFO |  | 等待CTP合约信息初始化
2025-06-11 11:33:57.288 | INFO |  | 等待CTP合约信息初始化
2025-06-11 11:33:58.283 | INFO |  | 等待CTP合约信息初始化
2025-06-11 11:33:59.295 | INFO |  | 等待CTP合约信息初始化
2025-06-11 11:34:00.297 | INFO |  | 等待CTP合约信息初始化
2025-06-11 11:34:01.297 | INFO |  | 等待CTP合约信息初始化
2025-06-11 11:34:02.303 | INFO |  | 等待CTP合约信息初始化
2025-06-11 11:34:03.303 | INFO |  | 等待CTP合约信息初始化
2025-06-11 11:34:04.303 | INFO |  | 等待CTP合约信息初始化
2025-06-11 11:34:05.303 | INFO |  | 等待CTP合约信息初始化
2025-06-11 11:34:06.310 | INFO |  | 等待CTP合约信息初始化
2025-06-11 11:34:07.310 | INFO |  | 等待CTP合约信息初始化
2025-06-11 11:34:08.311 | INFO |  | 等待CTP合约信息初始化
2025-06-11 11:34:09.311 | INFO |  | 等待CTP合约信息初始化
2025-06-11 11:34:09.363 | INFO | TTS | 合约信息查询成功
2025-06-11 11:34:10.312 | INFO |  | 主引擎创建成功
2025-06-11 11:34:12.486 | INFO | SimpleStrategy | 数据服务初始化成功
2025-06-11 11:34:12.487 | INFO | SimpleStrategy | 尝试从 C:\vnpy\udt\udt\vntrader\strategies 加载策略类
2025-06-11 11:34:12.490 | INFO | SimpleStrategy | 组合策略引擎初始化成功
2025-06-11 11:34:12.490 | INFO | SimpleStrategy | 已加载通用策略: []
2025-06-11 11:34:12.490 | INFO |  | 当前账号的所有订单信息:
2025-06-11 11:34:12.490 | INFO |  | 当前账号的所有成交信息:
2025-06-11 11:34:12.491 | INFO |  | 当前账号的所有持仓信息:
2025-06-11 11:34:12.491 | INFO |  | vt_symbol=ao2507C3100.SHFE, volume=18, frozen=0, vt_positionid=TTS.ao2507C3100.SHFE.多 @22.0
2025-06-11 11:34:12.491 | INFO |  | 当前账号的账户信息:
2025-06-11 11:34:12.491 | INFO |  | vt_accountid=TTS.12821, balance=9972058.93, frozen=0.0, available=9964138.93
2025-06-11 11:34:12.491 | INFO | TTS | 开始订阅行情
2025-06-11 11:35:04.906 | INFO |  | 连接CTP接口
2025-06-11 11:35:04.907 | INFO |  | 等待CTP接口登录
2025-06-11 11:35:04.907 | INFO | TTS | 交易服务器连接成功
2025-06-11 11:35:04.907 | INFO | TTS | 行情服务器连接成功
2025-06-11 11:35:05.031 | INFO | TTS | 行情服务器登录成功
2025-06-11 11:35:05.034 | INFO | TTS | 交易服务器登录成功
2025-06-11 11:35:05.035 | INFO | TTS | 结算信息确认成功
2025-06-11 11:35:05.907 | INFO |  | 等待CTP合约信息初始化
2025-06-11 11:35:06.907 | INFO |  | 等待CTP合约信息初始化
2025-06-11 11:35:07.908 | INFO |  | 等待CTP合约信息初始化
2025-06-11 11:35:08.910 | INFO |  | 等待CTP合约信息初始化
2025-06-11 11:35:09.910 | INFO |  | 等待CTP合约信息初始化
2025-06-11 11:35:10.910 | INFO |  | 等待CTP合约信息初始化
2025-06-11 11:35:11.911 | INFO |  | 等待CTP合约信息初始化
2025-06-11 11:35:12.912 | INFO |  | 等待CTP合约信息初始化
2025-06-11 11:35:13.918 | INFO |  | 等待CTP合约信息初始化
2025-06-11 11:35:14.920 | INFO |  | 等待CTP合约信息初始化
2025-06-11 11:35:15.932 | INFO |  | 等待CTP合约信息初始化
2025-06-11 11:35:16.935 | INFO |  | 等待CTP合约信息初始化
2025-06-11 11:35:17.948 | INFO |  | 等待CTP合约信息初始化
2025-06-11 11:35:18.956 | INFO |  | 等待CTP合约信息初始化
2025-06-11 11:35:19.959 | INFO |  | 等待CTP合约信息初始化
2025-06-11 11:35:20.414 | INFO | TTS | 合约信息查询成功
2025-06-11 11:35:20.960 | INFO |  | 主引擎创建成功
2025-06-11 11:35:23.132 | INFO | SimpleStrategy | 数据服务初始化成功
2025-06-11 11:35:23.133 | INFO | SimpleStrategy | 尝试从 C:\vnpy\udt\udt\vntrader\strategies 加载策略类
2025-06-11 11:35:23.136 | INFO | SimpleStrategy | 组合策略引擎初始化成功
2025-06-11 11:35:23.136 | INFO | SimpleStrategy | 已加载通用策略: []
2025-06-11 11:35:23.136 | INFO |  | 当前账号的所有订单信息:
2025-06-11 11:35:23.136 | INFO |  | 当前账号的所有成交信息:
2025-06-11 11:35:23.137 | INFO |  | 当前账号的所有持仓信息:
2025-06-11 11:35:23.137 | INFO |  | vt_symbol=ao2507C3100.SHFE, volume=18, frozen=0, vt_positionid=TTS.ao2507C3100.SHFE.多 @22.0
2025-06-11 11:35:23.137 | INFO |  | 当前账号的账户信息:
2025-06-11 11:35:23.137 | INFO |  | vt_accountid=TTS.12821, balance=9972058.93, frozen=0.0, available=9964138.93
2025-06-11 11:35:23.137 | INFO | TTS | 开始订阅行情
2025-06-11 11:35:41.217 | INFO | TTS | 行情订阅完毕
2025-06-11 12:24:13.569 | INFO |  | 连接CTP接口
2025-06-11 12:24:13.570 | INFO |  | 等待CTP接口登录
2025-06-11 12:24:13.570 | INFO | TTS | 交易服务器连接成功
2025-06-11 12:24:13.570 | INFO | TTS | 行情服务器连接成功
2025-06-11 12:24:13.685 | INFO | TTS | 行情服务器登录成功
2025-06-11 12:24:13.701 | INFO | TTS | 交易服务器登录成功
2025-06-11 12:24:13.702 | INFO | TTS | 结算信息确认成功
2025-06-11 12:24:14.570 | INFO |  | 等待CTP合约信息初始化
2025-06-11 12:24:15.591 | INFO |  | 等待CTP合约信息初始化
2025-06-11 12:24:16.591 | INFO |  | 等待CTP合约信息初始化
2025-06-11 12:24:17.591 | INFO |  | 等待CTP合约信息初始化
2025-06-11 12:24:18.591 | INFO |  | 等待CTP合约信息初始化
2025-06-11 12:24:19.592 | INFO |  | 等待CTP合约信息初始化
2025-06-11 12:24:20.592 | INFO |  | 等待CTP合约信息初始化
2025-06-11 12:24:21.593 | INFO |  | 等待CTP合约信息初始化
2025-06-11 12:24:22.593 | INFO |  | 等待CTP合约信息初始化
2025-06-11 12:24:23.593 | INFO |  | 等待CTP合约信息初始化
2025-06-11 12:24:24.604 | INFO |  | 等待CTP合约信息初始化
2025-06-11 12:24:25.614 | INFO |  | 等待CTP合约信息初始化
2025-06-11 12:24:26.617 | INFO |  | 等待CTP合约信息初始化
2025-06-11 12:24:27.625 | INFO |  | 等待CTP合约信息初始化
2025-06-11 12:24:28.628 | INFO |  | 等待CTP合约信息初始化
2025-06-11 12:24:28.793 | INFO | TTS | 合约信息查询成功
2025-06-11 12:24:29.629 | INFO |  | 主引擎创建成功
2025-06-11 12:24:31.215 | INFO | SimpleStrategy | 数据服务初始化成功
2025-06-11 12:24:31.215 | INFO | SimpleStrategy | 尝试从 C:\vnpy\udt\udt\strategies 加载策略类
2025-06-11 12:24:34.144 | INFO | SimpleStrategy | 组合策略引擎初始化成功
2025-06-11 12:24:34.144 | INFO | SimpleStrategy | 已加载通用策略: ['combined_strategy']
2025-06-11 12:24:34.145 | INFO |  | 当前账号的所有订单信息:
2025-06-11 12:24:34.145 | INFO |  | 当前账号的所有成交信息:
2025-06-11 12:24:34.145 | INFO |  | 当前账号的所有持仓信息:
2025-06-11 12:24:34.145 | INFO |  | vt_symbol=ao2507C3100.SHFE, volume=18, frozen=0, vt_positionid=TTS.ao2507C3100.SHFE.多 @22.0
2025-06-11 12:24:34.145 | INFO |  | 当前账号的账户信息:
2025-06-11 12:24:34.145 | INFO |  | vt_accountid=TTS.12821, balance=9972058.93, frozen=0.0, available=9964138.93
2025-06-11 12:24:34.145 | INFO | TTS | 开始订阅行情
2025-06-11 12:24:52.226 | INFO | TTS | 行情订阅完毕
2025-06-11 12:25:24.226 | INFO |  | 连接CTP接口
2025-06-11 12:25:24.227 | INFO |  | 等待CTP接口登录
2025-06-11 12:25:24.227 | INFO | TTS | 交易服务器连接成功
2025-06-11 12:25:24.227 | INFO | TTS | 行情服务器连接成功
2025-06-11 12:25:24.355 | INFO | TTS | 行情服务器登录成功
2025-06-11 12:25:24.355 | INFO | TTS | 交易服务器登录成功
2025-06-11 12:25:24.355 | INFO | TTS | 结算信息确认成功
2025-06-11 12:25:25.227 | INFO |  | 等待CTP合约信息初始化
2025-06-11 12:25:26.227 | INFO |  | 等待CTP合约信息初始化
2025-06-11 12:25:27.227 | INFO |  | 等待CTP合约信息初始化
2025-06-11 12:25:28.228 | INFO |  | 等待CTP合约信息初始化
2025-06-11 12:25:29.235 | INFO |  | 等待CTP合约信息初始化
2025-06-11 12:25:30.235 | INFO |  | 等待CTP合约信息初始化
2025-06-11 12:25:31.239 | INFO |  | 等待CTP合约信息初始化
2025-06-11 12:25:32.240 | INFO |  | 等待CTP合约信息初始化
2025-06-11 12:25:33.247 | INFO |  | 等待CTP合约信息初始化
2025-06-11 12:25:34.244 | INFO |  | 等待CTP合约信息初始化
2025-06-11 12:25:35.246 | INFO |  | 等待CTP合约信息初始化
2025-06-11 12:25:36.247 | INFO |  | 等待CTP合约信息初始化
2025-06-11 12:25:37.247 | INFO |  | 等待CTP合约信息初始化
2025-06-11 12:25:38.250 | INFO |  | 等待CTP合约信息初始化
2025-06-11 12:25:39.250 | INFO |  | 等待CTP合约信息初始化
2025-06-11 12:25:40.211 | INFO | TTS | 合约信息查询成功
2025-06-11 12:25:40.250 | INFO |  | 主引擎创建成功
2025-06-11 12:25:41.553 | INFO | SimpleStrategy | 数据服务初始化成功
2025-06-11 12:25:41.553 | INFO | SimpleStrategy | 尝试从 C:\vnpy\udt\udt\vntrader\strategies 加载策略类
2025-06-11 12:25:41.556 | INFO | SimpleStrategy | 组合策略引擎初始化成功
2025-06-11 12:25:41.556 | INFO | SimpleStrategy | 已加载通用策略: []
2025-06-11 12:25:41.556 | INFO |  | 当前账号的所有订单信息:
2025-06-11 12:25:41.556 | INFO |  | 当前账号的所有成交信息:
2025-06-11 12:25:41.556 | INFO |  | 当前账号的所有持仓信息:
2025-06-11 12:25:41.556 | INFO |  | vt_symbol=ao2507C3100.SHFE, volume=18, frozen=0, vt_positionid=TTS.ao2507C3100.SHFE.多 @22.0
2025-06-11 12:25:41.557 | INFO |  | 当前账号的账户信息:
2025-06-11 12:25:41.557 | INFO |  | vt_accountid=TTS.12821, balance=9972058.93, frozen=0.0, available=9964138.93
2025-06-11 12:25:41.557 | INFO | TTS | 开始订阅行情
2025-06-11 12:25:59.611 | INFO | TTS | 行情订阅完毕
2025-06-11 12:40:01.266 | INFO |  | 连接CTP接口
2025-06-11 12:40:01.266 | INFO |  | 等待CTP接口登录
2025-06-11 12:40:01.266 | INFO | TTS | 交易服务器连接成功
2025-06-11 12:40:01.266 | INFO | TTS | 行情服务器连接成功
2025-06-11 12:40:01.383 | INFO | TTS | 行情服务器登录成功
2025-06-11 12:40:01.401 | INFO | TTS | 交易服务器登录成功
2025-06-11 12:40:01.401 | INFO | TTS | 结算信息确认成功
2025-06-11 12:40:02.266 | INFO |  | 等待CTP合约信息初始化
2025-06-11 12:40:03.267 | INFO |  | 等待CTP合约信息初始化
2025-06-11 12:40:04.280 | INFO |  | 等待CTP合约信息初始化
2025-06-11 12:40:05.281 | INFO |  | 等待CTP合约信息初始化
2025-06-11 12:40:06.281 | INFO |  | 等待CTP合约信息初始化
2025-06-11 12:40:07.281 | INFO |  | 等待CTP合约信息初始化
2025-06-11 12:40:08.281 | INFO |  | 等待CTP合约信息初始化
2025-06-11 12:40:09.282 | INFO |  | 等待CTP合约信息初始化
2025-06-11 12:40:10.282 | INFO |  | 等待CTP合约信息初始化
2025-06-11 12:40:11.282 | INFO |  | 等待CTP合约信息初始化
2025-06-11 12:40:12.283 | INFO |  | 等待CTP合约信息初始化
2025-06-11 12:40:13.283 | INFO |  | 等待CTP合约信息初始化
2025-06-11 12:40:14.284 | INFO |  | 等待CTP合约信息初始化
2025-06-11 12:40:15.302 | INFO |  | 等待CTP合约信息初始化
2025-06-11 12:40:16.306 | INFO |  | 等待CTP合约信息初始化
2025-06-11 12:40:17.308 | INFO |  | 等待CTP合约信息初始化
2025-06-11 12:40:18.313 | INFO |  | 等待CTP合约信息初始化
2025-06-11 12:40:18.945 | INFO | TTS | 合约信息查询成功
2025-06-11 12:40:19.313 | INFO |  | 主引擎创建成功
2025-06-11 12:40:20.611 | INFO | SimpleStrategy | 数据服务初始化成功
2025-06-11 12:40:20.612 | INFO | SimpleStrategy | 尝试从 C:\vnpy\udt\udt\data\strategies 加载策略类
2025-06-11 12:40:20.615 | INFO | SimpleStrategy | 组合策略引擎初始化成功
2025-06-11 12:40:20.615 | INFO | SimpleStrategy | 已加载通用策略: []
2025-06-11 12:40:20.615 | INFO |  | 当前账号的所有订单信息:
2025-06-11 12:40:20.615 | INFO |  | 当前账号的所有成交信息:
2025-06-11 12:40:20.615 | INFO |  | 当前账号的所有持仓信息:
2025-06-11 12:40:20.615 | INFO |  | vt_symbol=ao2507C3100.SHFE, volume=18, frozen=0, vt_positionid=TTS.ao2507C3100.SHFE.多 @22.0
2025-06-11 12:40:20.615 | INFO |  | 当前账号的账户信息:
2025-06-11 12:40:20.615 | INFO |  | vt_accountid=TTS.12821, balance=9972058.93, frozen=0.0, available=9964138.93
2025-06-11 12:40:20.615 | INFO | TTS | 开始订阅行情
2025-06-11 12:40:38.669 | INFO | TTS | 行情订阅完毕
2025-06-11 12:43:17.616 | INFO |  | 连接CTP接口
2025-06-11 12:43:17.616 | INFO |  | 等待CTP接口登录
2025-06-11 12:43:17.616 | INFO | TTS | 交易服务器连接成功
2025-06-11 12:43:17.617 | INFO | TTS | 行情服务器连接成功
2025-06-11 12:43:17.853 | INFO | TTS | 交易服务器登录成功
2025-06-11 12:43:17.854 | INFO | TTS | 结算信息确认成功
2025-06-11 12:43:17.936 | INFO | TTS | 行情服务器登录成功
2025-06-11 12:43:18.616 | INFO |  | 等待CTP合约信息初始化
2025-06-11 12:43:19.684 | INFO |  | 等待CTP合约信息初始化
2025-06-11 12:43:20.685 | INFO |  | 等待CTP合约信息初始化
2025-06-11 12:43:21.696 | INFO |  | 等待CTP合约信息初始化
2025-06-11 12:43:22.697 | INFO |  | 等待CTP合约信息初始化
2025-06-11 12:43:23.715 | INFO |  | 等待CTP合约信息初始化
2025-06-11 12:43:24.716 | INFO |  | 等待CTP合约信息初始化
2025-06-11 12:43:25.736 | INFO |  | 等待CTP合约信息初始化
2025-06-11 12:43:26.739 | INFO |  | 等待CTP合约信息初始化
2025-06-11 12:43:27.739 | INFO |  | 等待CTP合约信息初始化
2025-06-11 12:43:28.739 | INFO |  | 等待CTP合约信息初始化
2025-06-11 12:43:29.743 | INFO |  | 等待CTP合约信息初始化
2025-06-11 12:43:30.743 | INFO |  | 等待CTP合约信息初始化
2025-06-11 12:43:31.763 | INFO |  | 等待CTP合约信息初始化
2025-06-11 12:43:32.763 | INFO |  | 等待CTP合约信息初始化
2025-06-11 12:43:33.766 | INFO |  | 等待CTP合约信息初始化
2025-06-11 12:43:34.149 | INFO | TTS | 合约信息查询成功
2025-06-11 12:43:34.767 | INFO |  | 主引擎创建成功
2025-06-11 12:43:36.967 | INFO | SimpleStrategy | 数据服务初始化成功
2025-06-11 12:43:36.967 | INFO | SimpleStrategy | 尝试从 C:\vnpy\udt\udt\data\strategies 加载策略类
2025-06-11 12:43:36.970 | INFO | SimpleStrategy | 组合策略引擎初始化成功
2025-06-11 12:43:36.970 | INFO | SimpleStrategy | 已加载通用策略: []
2025-06-11 12:43:36.970 | INFO |  | 当前账号的所有订单信息:
2025-06-11 12:43:36.970 | INFO |  | 当前账号的所有成交信息:
2025-06-11 12:43:36.970 | INFO |  | 当前账号的所有持仓信息:
2025-06-11 12:43:36.970 | INFO |  | vt_symbol=ao2507C3100.SHFE, volume=18, frozen=0, vt_positionid=TTS.ao2507C3100.SHFE.多 @22.0
2025-06-11 12:43:36.970 | INFO |  | 当前账号的账户信息:
2025-06-11 12:43:36.970 | INFO |  | vt_accountid=TTS.12821, balance=9972058.93, frozen=0.0, available=9964138.93
2025-06-11 12:43:36.971 | INFO | TTS | 开始订阅行情
2025-06-11 13:34:16.330 | INFO |  | 连接CTP接口
2025-06-11 13:34:16.330 | INFO |  | 等待CTP接口登录
2025-06-11 13:34:16.330 | INFO | TTS | 交易服务器连接成功
2025-06-11 13:34:16.330 | INFO | TTS | 行情服务器连接成功
2025-06-11 13:34:16.439 | INFO | TTS | 行情服务器登录成功
2025-06-11 13:34:16.459 | INFO | TTS | 交易服务器登录成功
2025-06-11 13:34:16.459 | INFO | TTS | 结算信息确认成功
2025-06-11 13:34:17.330 | INFO |  | 等待CTP合约信息初始化
2025-06-11 13:34:18.330 | INFO |  | 等待CTP合约信息初始化
2025-06-11 13:34:19.335 | INFO |  | 等待CTP合约信息初始化
2025-06-11 13:34:20.335 | INFO |  | 等待CTP合约信息初始化
2025-06-11 13:34:21.336 | INFO |  | 等待CTP合约信息初始化
2025-06-11 13:34:22.336 | INFO |  | 等待CTP合约信息初始化
2025-06-11 13:34:23.336 | INFO |  | 等待CTP合约信息初始化
2025-06-11 13:34:24.337 | INFO |  | 等待CTP合约信息初始化
2025-06-11 13:34:25.337 | INFO |  | 等待CTP合约信息初始化
2025-06-11 13:34:26.338 | INFO |  | 等待CTP合约信息初始化
2025-06-11 13:34:27.338 | INFO |  | 等待CTP合约信息初始化
2025-06-11 13:34:28.338 | INFO |  | 等待CTP合约信息初始化
2025-06-11 13:34:29.338 | INFO |  | 等待CTP合约信息初始化
2025-06-11 13:34:30.339 | INFO |  | 等待CTP合约信息初始化
2025-06-11 13:34:31.350 | INFO |  | 等待CTP合约信息初始化
2025-06-11 13:34:31.619 | INFO | TTS | 合约信息查询成功
2025-06-11 13:34:32.350 | INFO |  | 主引擎创建成功
2025-06-11 13:34:33.682 | INFO | SimpleStrategy | 数据服务初始化成功
2025-06-11 13:34:33.682 | INFO | SimpleStrategy | 尝试从 C:\vnpy\udt\udt\strategies 加载策略类
2025-06-11 13:34:33.906 | INFO | SimpleStrategy | 组合策略引擎初始化成功
2025-06-11 13:34:33.906 | INFO | SimpleStrategy | 已加载通用策略: ['combined_strategy']
2025-06-11 13:34:33.906 | INFO |  | 当前账号的所有订单信息:
2025-06-11 13:34:33.907 | INFO |  | 当前账号的所有成交信息:
2025-06-11 13:34:33.907 | INFO |  | 当前账号的所有持仓信息:
2025-06-11 13:34:33.907 | INFO |  | vt_symbol=ao2507C3100.SHFE, volume=18, frozen=0, vt_positionid=TTS.ao2507C3100.SHFE.多 @22.0
2025-06-11 13:34:33.907 | INFO |  | 当前账号的账户信息:
2025-06-11 13:34:33.907 | INFO |  | vt_accountid=TTS.12821, balance=9972058.93, frozen=0.0, available=9964138.93
2025-06-11 13:34:33.907 | INFO | TTS | 开始订阅行情
2025-06-11 13:34:51.959 | INFO | TTS | 行情订阅完毕
2025-06-11 13:38:01.770 | INFO |  | 连接CTP接口
2025-06-11 13:38:01.771 | INFO |  | 等待CTP接口登录
2025-06-11 13:38:01.771 | INFO | TTS | 交易服务器连接成功
2025-06-11 13:38:01.771 | INFO | TTS | 行情服务器连接成功
2025-06-11 13:38:01.892 | INFO | TTS | 行情服务器登录成功
2025-06-11 13:38:01.914 | INFO | TTS | 交易服务器登录成功
2025-06-11 13:38:01.914 | INFO | TTS | 结算信息确认成功
2025-06-11 13:38:02.771 | INFO |  | 等待CTP合约信息初始化
2025-06-11 13:38:03.772 | INFO |  | 等待CTP合约信息初始化
2025-06-11 13:38:04.786 | INFO |  | 等待CTP合约信息初始化
2025-06-11 13:38:05.780 | INFO |  | 等待CTP合约信息初始化
2025-06-11 13:38:06.780 | INFO |  | 等待CTP合约信息初始化
2025-06-11 13:38:07.780 | INFO |  | 等待CTP合约信息初始化
2025-06-11 13:38:08.781 | INFO |  | 等待CTP合约信息初始化
2025-06-11 13:38:09.787 | INFO |  | 等待CTP合约信息初始化
2025-06-11 13:38:10.801 | INFO |  | 等待CTP合约信息初始化
2025-06-11 13:38:11.802 | INFO |  | 等待CTP合约信息初始化
2025-06-11 13:38:12.802 | INFO |  | 等待CTP合约信息初始化
2025-06-11 13:38:13.803 | INFO |  | 等待CTP合约信息初始化
2025-06-11 13:38:14.803 | INFO |  | 等待CTP合约信息初始化
2025-06-11 13:38:15.803 | INFO |  | 等待CTP合约信息初始化
2025-06-11 13:38:16.796 | INFO | TTS | 合约信息查询成功
2025-06-11 13:38:16.803 | INFO |  | 主引擎创建成功
2025-06-11 13:38:17.098 | INFO | SimpleStrategy | 数据服务初始化成功
2025-06-11 13:38:17.098 | INFO | SimpleStrategy | 尝试从 C:\vnpy\udt\udt\strategies 加载策略类
2025-06-11 13:38:17.277 | INFO | SimpleStrategy | 组合策略引擎初始化成功
2025-06-11 13:38:17.277 | INFO | SimpleStrategy | 已加载策略: ['combined_strategy']
2025-06-11 13:38:17.278 | INFO |  | 当前账号的所有订单信息:
2025-06-11 13:38:17.278 | INFO |  | 当前账号的所有成交信息:
2025-06-11 13:38:17.278 | INFO |  | 当前账号的所有持仓信息:
2025-06-11 13:38:17.278 | INFO |  | vt_symbol=ao2507C3100.SHFE, volume=18, frozen=0, vt_positionid=TTS.ao2507C3100.SHFE.多 @22.0
2025-06-11 13:38:17.278 | INFO |  | 当前账号的账户信息:
2025-06-11 13:38:17.278 | INFO |  | vt_accountid=TTS.12821, balance=9972058.93, frozen=0.0, available=9964138.93
2025-06-11 13:38:17.278 | INFO | TTS | 开始订阅行情
2025-06-11 13:38:23.770 | INFO |  | 连接CTP接口
2025-06-11 13:38:23.770 | INFO |  | 等待CTP接口登录
2025-06-11 13:38:23.771 | INFO | TTS | 交易服务器连接成功
2025-06-11 13:38:23.771 | INFO | TTS | 行情服务器连接成功
2025-06-11 13:38:23.894 | INFO | TTS | 行情服务器登录成功
2025-06-11 13:38:23.904 | INFO | TTS | 交易服务器登录成功
2025-06-11 13:38:23.905 | INFO | TTS | 结算信息确认成功
2025-06-11 13:38:24.770 | INFO |  | 等待CTP合约信息初始化
2025-06-11 13:38:25.771 | INFO |  | 等待CTP合约信息初始化
2025-06-11 13:38:26.771 | INFO |  | 等待CTP合约信息初始化
2025-06-11 13:38:27.771 | INFO |  | 等待CTP合约信息初始化
2025-06-11 13:38:28.771 | INFO |  | 等待CTP合约信息初始化
2025-06-11 13:38:29.783 | INFO |  | 等待CTP合约信息初始化
2025-06-11 13:38:30.789 | INFO |  | 等待CTP合约信息初始化
2025-06-11 13:38:31.803 | INFO |  | 等待CTP合约信息初始化
2025-06-11 13:38:32.808 | INFO |  | 等待CTP合约信息初始化
2025-06-11 13:38:33.808 | INFO |  | 等待CTP合约信息初始化
2025-06-11 13:38:34.809 | INFO |  | 等待CTP合约信息初始化
2025-06-11 13:38:35.809 | INFO |  | 等待CTP合约信息初始化
2025-06-11 13:38:36.809 | INFO |  | 等待CTP合约信息初始化
2025-06-11 13:38:37.816 | INFO |  | 等待CTP合约信息初始化
2025-06-11 13:38:38.637 | INFO | TTS | 合约信息查询成功
2025-06-11 13:38:38.817 | INFO |  | 主引擎创建成功
2025-06-11 13:38:39.095 | INFO | SimpleStrategy | 数据服务初始化成功
2025-06-11 13:38:39.095 | INFO | SimpleStrategy | 尝试从 C:\vnpy\udt\udt\strategies 加载策略类
2025-06-11 13:38:39.272 | INFO | SimpleStrategy | 组合策略引擎初始化成功
2025-06-11 13:38:39.273 | INFO | SimpleStrategy | 已加载策略: ['combined_strategy']
2025-06-11 13:38:39.273 | INFO |  | 当前账号的所有订单信息:
2025-06-11 13:38:39.273 | INFO |  | 当前账号的所有成交信息:
2025-06-11 13:38:39.273 | INFO |  | 当前账号的所有持仓信息:
2025-06-11 13:38:39.273 | INFO |  | vt_symbol=ao2507C3100.SHFE, volume=18, frozen=0, vt_positionid=TTS.ao2507C3100.SHFE.多 @22.0
2025-06-11 13:38:39.273 | INFO |  | 当前账号的账户信息:
2025-06-11 13:38:39.274 | INFO |  | vt_accountid=TTS.12821, balance=9972058.93, frozen=0.0, available=9964138.93
2025-06-11 13:38:39.274 | INFO | TTS | 开始订阅行情
2025-06-11 13:38:57.323 | INFO | TTS | 行情订阅完毕
2025-06-11 13:39:33.300 | INFO |  | 连接CTP接口
2025-06-11 13:39:33.300 | INFO |  | 等待CTP接口登录
2025-06-11 13:39:33.300 | INFO | TTS | 交易服务器连接成功
2025-06-11 13:39:33.300 | INFO | TTS | 行情服务器连接成功
2025-06-11 13:39:33.413 | INFO | TTS | 行情服务器登录成功
2025-06-11 13:39:33.431 | INFO | TTS | 交易服务器登录成功
2025-06-11 13:39:33.431 | INFO | TTS | 结算信息确认成功
2025-06-11 13:39:34.300 | INFO |  | 等待CTP合约信息初始化
2025-06-11 13:39:35.301 | INFO |  | 等待CTP合约信息初始化
2025-06-11 13:39:36.301 | INFO |  | 等待CTP合约信息初始化
2025-06-11 13:39:37.301 | INFO |  | 等待CTP合约信息初始化
2025-06-11 13:39:38.301 | INFO |  | 等待CTP合约信息初始化
2025-06-11 13:39:39.302 | INFO |  | 等待CTP合约信息初始化
2025-06-11 13:39:40.302 | INFO |  | 等待CTP合约信息初始化
2025-06-11 13:39:41.302 | INFO |  | 等待CTP合约信息初始化
2025-06-11 13:39:42.313 | INFO |  | 等待CTP合约信息初始化
2025-06-11 13:39:43.314 | INFO |  | 等待CTP合约信息初始化
2025-06-11 13:39:44.314 | INFO |  | 等待CTP合约信息初始化
2025-06-11 13:39:45.322 | INFO |  | 等待CTP合约信息初始化
2025-06-11 13:39:46.322 | INFO |  | 等待CTP合约信息初始化
2025-06-11 13:39:47.322 | INFO |  | 等待CTP合约信息初始化
2025-06-11 13:39:48.324 | INFO |  | 等待CTP合约信息初始化
2025-06-11 13:39:49.175 | INFO | TTS | 合约信息查询成功
2025-06-11 13:39:49.325 | INFO |  | 主引擎创建成功
2025-06-11 13:39:49.643 | INFO | SimpleStrategy | 数据服务初始化成功
2025-06-11 13:39:49.643 | INFO | SimpleStrategy | 尝试从 C:\vnpy\udt\udt\strategies 加载策略类
2025-06-11 13:39:49.821 | INFO | SimpleStrategy | 组合策略引擎初始化成功
2025-06-11 13:39:49.821 | INFO | SimpleStrategy | 已加载策略: ['combined_strategy']
2025-06-11 13:39:49.821 | INFO |  | 当前账号的所有订单信息:
2025-06-11 13:39:49.822 | INFO |  | 当前账号的所有成交信息:
2025-06-11 13:39:49.822 | INFO |  | 当前账号的所有持仓信息:
2025-06-11 13:39:49.822 | INFO |  | vt_symbol=ao2507C3100.SHFE, volume=18, frozen=0, vt_positionid=TTS.ao2507C3100.SHFE.多 @22.0
2025-06-11 13:39:49.822 | INFO |  | 当前账号的账户信息:
2025-06-11 13:39:49.822 | INFO |  | vt_accountid=TTS.12821, balance=9972058.93, frozen=0.0, available=9964138.93
2025-06-11 13:40:56.098 | INFO |  | 连接CTP接口
2025-06-11 13:40:56.099 | INFO |  | 等待CTP接口登录
2025-06-11 13:40:56.099 | INFO | TTS | 行情服务器连接成功
2025-06-11 13:40:56.099 | INFO | TTS | 交易服务器连接成功
2025-06-11 13:40:56.211 | INFO | TTS | 行情服务器登录成功
2025-06-11 13:40:56.237 | INFO | TTS | 交易服务器登录成功
2025-06-11 13:40:56.237 | INFO | TTS | 结算信息确认成功
2025-06-11 13:40:57.099 | INFO |  | 等待CTP合约信息初始化
2025-06-11 13:40:58.193 | INFO |  | 等待CTP合约信息初始化
2025-06-11 13:40:59.176 | INFO |  | 等待CTP合约信息初始化
2025-06-11 13:41:00.177 | INFO |  | 等待CTP合约信息初始化
2025-06-11 13:41:01.186 | INFO |  | 等待CTP合约信息初始化
2025-06-11 13:41:02.187 | INFO |  | 等待CTP合约信息初始化
2025-06-11 13:41:03.187 | INFO |  | 等待CTP合约信息初始化
2025-06-11 13:41:04.203 | INFO |  | 等待CTP合约信息初始化
2025-06-11 13:41:05.204 | INFO |  | 等待CTP合约信息初始化
2025-06-11 13:41:06.205 | INFO |  | 等待CTP合约信息初始化
2025-06-11 13:41:07.205 | INFO |  | 等待CTP合约信息初始化
2025-06-11 13:41:08.206 | INFO |  | 等待CTP合约信息初始化
2025-06-11 13:41:09.206 | INFO |  | 等待CTP合约信息初始化
2025-06-11 13:41:10.215 | INFO |  | 等待CTP合约信息初始化
2025-06-11 13:41:10.954 | INFO | TTS | 合约信息查询成功
2025-06-11 13:41:11.216 | INFO |  | 主引擎创建成功
2025-06-11 13:41:12.374 | INFO | SimpleStrategy | 数据服务初始化成功
2025-06-11 13:41:12.374 | INFO | SimpleStrategy | 尝试从 C:\vnpy\udt\udt\strategies 加载策略类
2025-06-11 13:41:37.254 | INFO | SimpleStrategy | 组合策略引擎初始化成功
2025-06-11 13:41:37.254 | INFO | SimpleStrategy | 已加载策略: ['combined_strategy']
2025-06-11 13:41:38.015 | INFO |  | 当前账号的所有订单信息:
2025-06-11 13:41:38.015 | INFO |  | 当前账号的所有成交信息:
2025-06-11 13:41:38.015 | INFO |  | 当前账号的所有持仓信息:
2025-06-11 13:41:38.015 | INFO |  | vt_symbol=ao2507C3100.SHFE, volume=18, frozen=0, vt_positionid=TTS.ao2507C3100.SHFE.多 @22.0
2025-06-11 13:41:38.016 | INFO |  | 当前账号的账户信息:
2025-06-11 13:41:38.016 | INFO |  | vt_accountid=TTS.12821, balance=9972058.93, frozen=0.0, available=9964138.93
2025-06-11 13:44:05.556 | INFO |  | 连接CTP接口
2025-06-11 13:44:05.557 | INFO |  | 等待CTP接口登录
2025-06-11 13:44:05.557 | INFO | TTS | 交易服务器连接成功
2025-06-11 13:44:05.557 | INFO | TTS | 行情服务器连接成功
2025-06-11 13:44:05.684 | INFO | TTS | 行情服务器登录成功
2025-06-11 13:44:05.688 | INFO | TTS | 交易服务器登录成功
2025-06-11 13:44:05.688 | INFO | TTS | 结算信息确认成功
2025-06-11 13:44:06.557 | INFO |  | 等待CTP合约信息初始化
2025-06-11 13:44:07.591 | INFO |  | 等待CTP合约信息初始化
2025-06-11 13:44:08.565 | INFO |  | 等待CTP合约信息初始化
2025-06-11 13:44:09.585 | INFO |  | 等待CTP合约信息初始化
2025-06-11 13:44:10.589 | INFO |  | 等待CTP合约信息初始化
2025-06-11 13:44:11.590 | INFO |  | 等待CTP合约信息初始化
2025-06-11 13:44:12.590 | INFO |  | 等待CTP合约信息初始化
2025-06-11 13:44:13.591 | INFO |  | 等待CTP合约信息初始化
2025-06-11 13:44:14.591 | INFO |  | 等待CTP合约信息初始化
2025-06-11 13:44:15.598 | INFO |  | 等待CTP合约信息初始化
2025-06-11 13:44:16.599 | INFO |  | 等待CTP合约信息初始化
2025-06-11 13:44:17.606 | INFO |  | 等待CTP合约信息初始化
2025-06-11 13:44:18.607 | INFO |  | 等待CTP合约信息初始化
2025-06-11 13:44:19.607 | INFO |  | 等待CTP合约信息初始化
2025-06-11 13:44:20.607 | INFO |  | 等待CTP合约信息初始化
2025-06-11 13:44:21.316 | INFO | TTS | 合约信息查询成功
2025-06-11 13:44:21.608 | INFO |  | 主引擎创建成功
2025-06-11 13:44:21.895 | INFO | SimpleStrategy | 数据服务初始化成功
2025-06-11 13:44:21.896 | INFO | SimpleStrategy | 尝试从 C:\vnpy\udt\udt\strategies 加载策略类
2025-06-11 13:44:22.104 | INFO | SimpleStrategy | 组合策略引擎初始化成功
2025-06-11 13:44:22.105 | INFO | SimpleStrategy | 已加载策略: ['Combined']
2025-06-11 13:44:22.106 | INFO | SimpleStrategy | combined 开始执行初始化
2025-06-11 13:44:23.959 | INFO | SimpleStrategy | combined:    product       exchange      symbol        vt_symbol  price_tick  ... underlying_vt_symbol      option_type remained_trading date_rank product_type
0       AP  Exchange.CZCE  AP510C6400  AP510C6400.CZCE         0.5  ...           AP510.CZCE  OptionType.CALL               55       1.0       AP看涨期权
1       AP  Exchange.CZCE  AP510C6500  AP510C6500.CZCE         0.5  ...           AP510.CZCE  OptionType.CALL               55       1.0       AP看涨期权
2       AP  Exchange.CZCE  AP510C6600  AP510C6600.CZCE         0.5  ...           AP510.CZCE  OptionType.CALL               55       1.0       AP看涨期权
3       AP  Exchange.CZCE  AP510C6700  AP510C6700.CZCE         0.5  ...           AP510.CZCE  OptionType.CALL               55       1.0       AP看涨期权
4       AP  Exchange.CZCE  AP510C6800  AP510C6800.CZCE         0.5  ...           AP510.CZCE  OptionType.CALL               55       1.0       AP看涨期权
5       AP  Exchange.CZCE  AP510C6900  AP510C6900.CZCE         0.5  ...           AP510.CZCE  OptionType.CALL               55       1.0       AP看涨期权
6       AP  Exchange.CZCE  AP510C7000  AP510C7000.CZCE         0.5  ...           AP510.CZCE  OptionType.CALL               55       1.0       AP看涨期权
7       AP  Exchange.CZCE  AP510C7100  AP510C7100.CZCE         0.5  ...           AP510.CZCE  OptionType.CALL               55       1.0       AP看涨期权
8       AP  Exchange.CZCE  AP510C7200  AP510C7200.CZCE         0.5  ...           AP510.CZCE  OptionType.CALL               55       1.0       AP看涨期权
9       AP  Exchange.CZCE  AP510C7300  AP510C7300.CZCE         0.5  ...           AP510.CZCE  OptionType.CALL               55       1.0       AP看涨期权
10      AP  Exchange.CZCE  AP510C7400  AP510C7400.CZCE         0.5  ...           AP510.CZCE  OptionType.CALL               55       1.0       AP看涨期权
11      AP  Exchange.CZCE  AP510C7500  AP510C7500.CZCE         0.5  ...           AP510.CZCE  OptionType.CALL               55       1.0       AP看涨期权
12      AP  Exchange.CZCE  AP510C7600  AP510C7600.CZCE         0.5  ...           AP510.CZCE  OptionType.CALL               55       1.0       AP看涨期权
13      AP  Exchange.CZCE  AP510C7700  AP510C7700.CZCE         0.5  ...           AP510.CZCE  OptionType.CALL               55       1.0       AP看涨期权
14      AP  Exchange.CZCE  AP510C7800  AP510C7800.CZCE         0.5  ...           AP510.CZCE  OptionType.CALL               55       1.0       AP看涨期权
15      AP  Exchange.CZCE  AP510C7900  AP510C7900.CZCE         0.5  ...           AP510.CZCE  OptionType.CALL               55       1.0       AP看涨期权
16      AP  Exchange.CZCE  AP510C8000  AP510C8000.CZCE         0.5  ...           AP510.CZCE  OptionType.CALL               55       1.0       AP看涨期权
17      AP  Exchange.CZCE  AP510C8100  AP510C8100.CZCE         0.5  ...           AP510.CZCE  OptionType.CALL               55       1.0       AP看涨期权
18      AP  Exchange.CZCE  AP510C8200  AP510C8200.CZCE         0.5  ...           AP510.CZCE  OptionType.CALL               55       1.0       AP看涨期权
19      AP  Exchange.CZCE  AP510C8300  AP510C8300.CZCE         0.5  ...           AP510.CZCE  OptionType.CALL               55       1.0       AP看涨期权
20      AP  Exchange.CZCE  AP510C8400  AP510C8400.CZCE         0.5  ...           AP510.CZCE  OptionType.CALL               55       1.0       AP看涨期权
21      AP  Exchange.CZCE  AP510C8500  AP510C8500.CZCE         0.5  ...           AP510.CZCE  OptionType.CALL               55       1.0       AP看涨期权
22      AP  Exchange.CZCE  AP510C8600  AP510C8600.CZCE         0.5  ...           AP510.CZCE  OptionType.CALL               55       1.0       AP看涨期权
23      AP  Exchange.CZCE  AP510C8700  AP510C8700.CZCE         0.5  ...           AP510.CZCE  OptionType.CALL               55       1.0       AP看涨期权
24      AP  Exchange.CZCE  AP510C8800  AP510C8800.CZCE         0.5  ...           AP510.CZCE  OptionType.CALL               55       1.0       AP看涨期权
25      AP  Exchange.CZCE  AP510C8900  AP510C8900.CZCE         0.5  ...           AP510.CZCE  OptionType.CALL               55       1.0       AP看涨期权
26      AP  Exchange.CZCE  AP510C9000  AP510C9000.CZCE         0.5  ...           AP510.CZCE  OptionType.CALL               55       1.0       AP看涨期权
27      AP  Exchange.CZCE  AP510C9100  AP510C9100.CZCE         0.5  ...           AP510.CZCE  OptionType.CALL               55       1.0       AP看涨期权
28      AP  Exchange.CZCE  AP510C9200  AP510C9200.CZCE         0.5  ...           AP510.CZCE  OptionType.CALL               55       1.0       AP看涨期权
29      AP  Exchange.CZCE  AP510P6400  AP510P6400.CZCE         0.5  ...           AP510.CZCE   OptionType.PUT               55       1.0       AP看跌期权

[30 rows x 13 columns]
2025-06-11 13:44:23.960 | INFO | SimpleStrategy | combined: 策略已初始化
2025-06-11 13:44:23.960 | INFO | SimpleStrategy | combined 初始化完成
2025-06-11 13:44:23.960 | INFO | SimpleStrategy | combined: 策略已启动
2025-06-11 13:44:23.960 | INFO |  | 当前账号的所有订单信息:
2025-06-11 13:44:23.960 | INFO |  | 当前账号的所有成交信息:
2025-06-11 13:44:23.960 | INFO |  | 当前账号的所有持仓信息:
2025-06-11 13:44:23.961 | INFO |  | vt_symbol=ao2507C3100.SHFE, volume=18, frozen=0, vt_positionid=TTS.ao2507C3100.SHFE.多 @22.0
2025-06-11 13:44:23.961 | INFO |  | 当前账号的账户信息:
2025-06-11 13:44:23.961 | INFO |  | vt_accountid=TTS.12821, balance=9972058.93, frozen=0.0, available=9964138.93
2025-06-11 13:48:31.319 | INFO |  | 连接CTP接口
2025-06-11 13:48:31.319 | INFO |  | 等待CTP接口登录
2025-06-11 13:48:31.320 | INFO | TTS | 交易服务器连接成功
2025-06-11 13:48:31.320 | INFO | TTS | 行情服务器连接成功
2025-06-11 13:48:31.432 | INFO | TTS | 行情服务器登录成功
2025-06-11 13:48:31.446 | INFO | TTS | 交易服务器登录成功
2025-06-11 13:48:31.446 | INFO | TTS | 结算信息确认成功
2025-06-11 13:48:32.320 | INFO |  | 等待CTP合约信息初始化
2025-06-11 13:48:33.320 | INFO |  | 等待CTP合约信息初始化
2025-06-11 13:48:34.320 | INFO |  | 等待CTP合约信息初始化
2025-06-11 13:48:35.321 | INFO |  | 等待CTP合约信息初始化
2025-06-11 13:48:36.321 | INFO |  | 等待CTP合约信息初始化
2025-06-11 13:48:37.322 | INFO |  | 等待CTP合约信息初始化
2025-06-11 13:48:38.322 | INFO |  | 等待CTP合约信息初始化
2025-06-11 13:48:39.322 | INFO |  | 等待CTP合约信息初始化
2025-06-11 13:48:40.322 | INFO |  | 等待CTP合约信息初始化
2025-06-11 13:48:41.322 | INFO |  | 等待CTP合约信息初始化
2025-06-11 13:48:42.323 | INFO |  | 等待CTP合约信息初始化
2025-06-11 13:48:43.323 | INFO |  | 等待CTP合约信息初始化
2025-06-11 13:48:44.327 | INFO |  | 等待CTP合约信息初始化
2025-06-11 13:48:45.328 | INFO |  | 等待CTP合约信息初始化
2025-06-11 13:48:45.713 | INFO | TTS | 合约信息查询成功
2025-06-11 13:48:46.328 | INFO |  | 主引擎创建成功
2025-06-11 13:48:46.626 | INFO | SimpleStrategy | 数据服务初始化成功
2025-06-11 13:48:46.626 | INFO | SimpleStrategy | 尝试从 C:\vnpy\udt\udt\strategies 加载策略类
2025-06-11 13:48:46.826 | INFO | SimpleStrategy | 组合策略引擎初始化成功
2025-06-11 13:48:46.827 | INFO | SimpleStrategy | 已加载策略: ['Combined']
2025-06-11 13:48:46.828 | INFO | SimpleStrategy | 创建策略失败，存在重名 combined
2025-06-11 13:48:46.828 | INFO | SimpleStrategy | combined 开始执行初始化
2025-06-11 13:48:48.660 | INFO | SimpleStrategy | combined:    product       exchange      symbol        vt_symbol  price_tick  ... underlying_vt_symbol      option_type remained_trading date_rank product_type
0       AP  Exchange.CZCE  AP510C6400  AP510C6400.CZCE         0.5  ...           AP510.CZCE  OptionType.CALL               55       1.0       AP看涨期权
1       AP  Exchange.CZCE  AP510C6500  AP510C6500.CZCE         0.5  ...           AP510.CZCE  OptionType.CALL               55       1.0       AP看涨期权
2       AP  Exchange.CZCE  AP510C6600  AP510C6600.CZCE         0.5  ...           AP510.CZCE  OptionType.CALL               55       1.0       AP看涨期权
3       AP  Exchange.CZCE  AP510C6700  AP510C6700.CZCE         0.5  ...           AP510.CZCE  OptionType.CALL               55       1.0       AP看涨期权
4       AP  Exchange.CZCE  AP510C6800  AP510C6800.CZCE         0.5  ...           AP510.CZCE  OptionType.CALL               55       1.0       AP看涨期权
5       AP  Exchange.CZCE  AP510C6900  AP510C6900.CZCE         0.5  ...           AP510.CZCE  OptionType.CALL               55       1.0       AP看涨期权
6       AP  Exchange.CZCE  AP510C7000  AP510C7000.CZCE         0.5  ...           AP510.CZCE  OptionType.CALL               55       1.0       AP看涨期权
7       AP  Exchange.CZCE  AP510C7100  AP510C7100.CZCE         0.5  ...           AP510.CZCE  OptionType.CALL               55       1.0       AP看涨期权
8       AP  Exchange.CZCE  AP510C7200  AP510C7200.CZCE         0.5  ...           AP510.CZCE  OptionType.CALL               55       1.0       AP看涨期权
9       AP  Exchange.CZCE  AP510C7300  AP510C7300.CZCE         0.5  ...           AP510.CZCE  OptionType.CALL               55       1.0       AP看涨期权
10      AP  Exchange.CZCE  AP510C7400  AP510C7400.CZCE         0.5  ...           AP510.CZCE  OptionType.CALL               55       1.0       AP看涨期权
11      AP  Exchange.CZCE  AP510C7500  AP510C7500.CZCE         0.5  ...           AP510.CZCE  OptionType.CALL               55       1.0       AP看涨期权
12      AP  Exchange.CZCE  AP510C7600  AP510C7600.CZCE         0.5  ...           AP510.CZCE  OptionType.CALL               55       1.0       AP看涨期权
13      AP  Exchange.CZCE  AP510C7700  AP510C7700.CZCE         0.5  ...           AP510.CZCE  OptionType.CALL               55       1.0       AP看涨期权
14      AP  Exchange.CZCE  AP510C7800  AP510C7800.CZCE         0.5  ...           AP510.CZCE  OptionType.CALL               55       1.0       AP看涨期权
15      AP  Exchange.CZCE  AP510C7900  AP510C7900.CZCE         0.5  ...           AP510.CZCE  OptionType.CALL               55       1.0       AP看涨期权
16      AP  Exchange.CZCE  AP510C8000  AP510C8000.CZCE         0.5  ...           AP510.CZCE  OptionType.CALL               55       1.0       AP看涨期权
17      AP  Exchange.CZCE  AP510C8100  AP510C8100.CZCE         0.5  ...           AP510.CZCE  OptionType.CALL               55       1.0       AP看涨期权
18      AP  Exchange.CZCE  AP510C8200  AP510C8200.CZCE         0.5  ...           AP510.CZCE  OptionType.CALL               55       1.0       AP看涨期权
19      AP  Exchange.CZCE  AP510C8300  AP510C8300.CZCE         0.5  ...           AP510.CZCE  OptionType.CALL               55       1.0       AP看涨期权
20      AP  Exchange.CZCE  AP510C8400  AP510C8400.CZCE         0.5  ...           AP510.CZCE  OptionType.CALL               55       1.0       AP看涨期权
21      AP  Exchange.CZCE  AP510C8500  AP510C8500.CZCE         0.5  ...           AP510.CZCE  OptionType.CALL               55       1.0       AP看涨期权
22      AP  Exchange.CZCE  AP510C8600  AP510C8600.CZCE         0.5  ...           AP510.CZCE  OptionType.CALL               55       1.0       AP看涨期权
23      AP  Exchange.CZCE  AP510C8700  AP510C8700.CZCE         0.5  ...           AP510.CZCE  OptionType.CALL               55       1.0       AP看涨期权
24      AP  Exchange.CZCE  AP510C8800  AP510C8800.CZCE         0.5  ...           AP510.CZCE  OptionType.CALL               55       1.0       AP看涨期权
25      AP  Exchange.CZCE  AP510C8900  AP510C8900.CZCE         0.5  ...           AP510.CZCE  OptionType.CALL               55       1.0       AP看涨期权
26      AP  Exchange.CZCE  AP510C9000  AP510C9000.CZCE         0.5  ...           AP510.CZCE  OptionType.CALL               55       1.0       AP看涨期权
27      AP  Exchange.CZCE  AP510C9100  AP510C9100.CZCE         0.5  ...           AP510.CZCE  OptionType.CALL               55       1.0       AP看涨期权
28      AP  Exchange.CZCE  AP510C9200  AP510C9200.CZCE         0.5  ...           AP510.CZCE  OptionType.CALL               55       1.0       AP看涨期权
29      AP  Exchange.CZCE  AP510P6400  AP510P6400.CZCE         0.5  ...           AP510.CZCE   OptionType.PUT               55       1.0       AP看跌期权

[30 rows x 13 columns]
2025-06-11 13:48:48.662 | INFO | SimpleStrategy | combined: 策略已初始化
2025-06-11 13:48:48.662 | INFO | SimpleStrategy | combined 初始化完成
2025-06-11 13:48:48.662 | INFO | SimpleStrategy | combined: 策略已启动
2025-06-11 13:48:48.662 | INFO |  | 当前账号的所有订单信息:
2025-06-11 13:48:48.662 | INFO |  | 当前账号的所有成交信息:
2025-06-11 13:48:48.662 | INFO |  | 当前账号的所有持仓信息:
2025-06-11 13:48:48.662 | INFO |  | vt_symbol=ao2507C3100.SHFE, volume=18, frozen=0, vt_positionid=TTS.ao2507C3100.SHFE.多 @22.0
2025-06-11 13:48:48.662 | INFO |  | 当前账号的账户信息:
2025-06-11 13:48:48.663 | INFO |  | vt_accountid=TTS.12821, balance=9972058.93, frozen=0.0, available=9964138.93
2025-06-11 13:48:48.706 | INFO | SimpleStrategy | combined: 收到行情, AP510C6400.CZCE
2025-06-11 13:48:48.706 | INFO | SimpleStrategy | combined: 收到行情, AP510C6400.CZCE
2025-06-11 13:48:48.707 | INFO | SimpleStrategy | combined: 收到行情, AP510C6500.CZCE
2025-06-11 13:48:48.707 | INFO | SimpleStrategy | combined: 收到行情, AP510C6500.CZCE
2025-06-11 13:48:48.707 | INFO | SimpleStrategy | combined: 收到行情, AP510C6600.CZCE
2025-06-11 13:48:48.707 | INFO | SimpleStrategy | combined: 收到行情, AP510C6600.CZCE
2025-06-11 13:48:48.707 | INFO | SimpleStrategy | combined: 收到行情, AP510C6700.CZCE
2025-06-11 13:48:48.707 | INFO | SimpleStrategy | combined: 收到行情, AP510C6700.CZCE
2025-06-11 13:48:48.707 | INFO | SimpleStrategy | combined: 收到行情, AP510C6800.CZCE
2025-06-11 13:48:48.707 | INFO | SimpleStrategy | combined: 收到行情, AP510C6800.CZCE
2025-06-11 13:48:48.707 | INFO | SimpleStrategy | combined: 收到行情, AP510C6900.CZCE
2025-06-11 13:48:48.708 | INFO | SimpleStrategy | combined: 收到行情, AP510C6900.CZCE
2025-06-11 13:48:48.708 | INFO | SimpleStrategy | combined: 收到行情, AP510C7000.CZCE
2025-06-11 13:48:48.708 | INFO | SimpleStrategy | combined: 收到行情, AP510C7000.CZCE
2025-06-11 13:48:48.708 | INFO | SimpleStrategy | combined: 收到行情, AP510C7100.CZCE
2025-06-11 13:48:48.708 | INFO | SimpleStrategy | combined: 收到行情, AP510C7100.CZCE
2025-06-11 13:48:48.708 | INFO | SimpleStrategy | combined: 收到行情, AP510C7200.CZCE
2025-06-11 13:48:48.708 | INFO | SimpleStrategy | combined: 收到行情, AP510C7200.CZCE
2025-06-11 13:48:48.708 | INFO | SimpleStrategy | combined: 收到行情, AP510C7300.CZCE
2025-06-11 13:48:48.709 | INFO | SimpleStrategy | combined: 收到行情, AP510C7300.CZCE
2025-06-11 13:48:48.709 | INFO | SimpleStrategy | combined: 收到行情, AP510C7400.CZCE
2025-06-11 13:48:48.709 | INFO | SimpleStrategy | combined: 收到行情, AP510C7400.CZCE
2025-06-11 13:48:48.709 | INFO | SimpleStrategy | combined: 收到行情, AP510C7500.CZCE
2025-06-11 13:48:48.709 | INFO | SimpleStrategy | combined: 收到行情, AP510C7500.CZCE
2025-06-11 13:48:48.752 | INFO | SimpleStrategy | combined: 收到行情, AP510C7600.CZCE
2025-06-11 13:48:48.752 | INFO | SimpleStrategy | combined: 收到行情, AP510C7600.CZCE
2025-06-11 13:48:48.752 | INFO | SimpleStrategy | combined: 收到行情, AP510C7700.CZCE
2025-06-11 13:48:48.752 | INFO | SimpleStrategy | combined: 收到行情, AP510C7700.CZCE
2025-06-11 13:48:48.753 | INFO | SimpleStrategy | combined: 收到行情, AP510C7800.CZCE
2025-06-11 13:48:48.753 | INFO | SimpleStrategy | combined: 收到行情, AP510C7800.CZCE
2025-06-11 13:48:48.753 | INFO | SimpleStrategy | combined: 收到行情, AP510C7900.CZCE
2025-06-11 13:48:48.753 | INFO | SimpleStrategy | combined: 收到行情, AP510C7900.CZCE
2025-06-11 13:48:48.754 | INFO | SimpleStrategy | combined: 收到行情, AP510C8000.CZCE
2025-06-11 13:48:48.754 | INFO | SimpleStrategy | combined: 收到行情, AP510C8000.CZCE
2025-06-11 13:48:48.754 | INFO | SimpleStrategy | combined: 收到行情, AP510C8100.CZCE
2025-06-11 13:48:48.754 | INFO | SimpleStrategy | combined: 收到行情, AP510C8100.CZCE
2025-06-11 13:48:48.754 | INFO | SimpleStrategy | combined: 收到行情, AP510C8200.CZCE
2025-06-11 13:48:48.754 | INFO | SimpleStrategy | combined: 收到行情, AP510C8200.CZCE
2025-06-11 13:48:48.754 | INFO | SimpleStrategy | combined: 收到行情, AP510C8300.CZCE
2025-06-11 13:48:48.755 | INFO | SimpleStrategy | combined: 收到行情, AP510C8300.CZCE
2025-06-11 13:48:48.755 | INFO | SimpleStrategy | combined: 收到行情, AP510C8400.CZCE
2025-06-11 13:48:48.755 | INFO | SimpleStrategy | combined: 收到行情, AP510C8400.CZCE
2025-06-11 13:48:48.755 | INFO | SimpleStrategy | combined: 收到行情, AP510C8500.CZCE
2025-06-11 13:48:48.755 | INFO | SimpleStrategy | combined: 收到行情, AP510C8500.CZCE
2025-06-11 13:48:48.755 | INFO | SimpleStrategy | combined: 收到行情, AP510C8600.CZCE
2025-06-11 13:48:48.755 | INFO | SimpleStrategy | combined: 收到行情, AP510C8600.CZCE
2025-06-11 13:48:48.755 | INFO | SimpleStrategy | combined: 收到行情, AP510C8700.CZCE
2025-06-11 13:48:48.756 | INFO | SimpleStrategy | combined: 收到行情, AP510C8700.CZCE
2025-06-11 13:48:48.756 | INFO | SimpleStrategy | combined: 收到行情, AP510C8800.CZCE
2025-06-11 13:48:48.756 | INFO | SimpleStrategy | combined: 收到行情, AP510C8800.CZCE
2025-06-11 13:48:48.756 | INFO | SimpleStrategy | combined: 收到行情, AP510C8900.CZCE
2025-06-11 13:48:48.756 | INFO | SimpleStrategy | combined: 收到行情, AP510C8900.CZCE
2025-06-11 13:48:48.756 | INFO | SimpleStrategy | combined: 收到行情, AP510C9000.CZCE
2025-06-11 13:48:48.756 | INFO | SimpleStrategy | combined: 收到行情, AP510C9000.CZCE
2025-06-11 13:48:48.756 | INFO | SimpleStrategy | combined: 收到行情, AP510C9100.CZCE
2025-06-11 13:48:48.756 | INFO | SimpleStrategy | combined: 收到行情, AP510C9100.CZCE
2025-06-11 13:48:48.756 | INFO | SimpleStrategy | combined: 收到行情, AP510C9200.CZCE
2025-06-11 13:48:48.756 | INFO | SimpleStrategy | combined: 收到行情, AP510C9200.CZCE
2025-06-11 13:48:48.757 | INFO | SimpleStrategy | combined: 收到行情, AP510P6400.CZCE
2025-06-11 13:48:48.757 | INFO | SimpleStrategy | combined: 收到行情, AP510P6400.CZCE
2025-06-11 13:48:48.757 | INFO | SimpleStrategy | combined: 收到行情, AP510P6500.CZCE
2025-06-11 13:48:48.757 | INFO | SimpleStrategy | combined: 收到行情, AP510P6500.CZCE
2025-06-11 13:48:48.757 | INFO | SimpleStrategy | combined: 收到行情, AP510P6600.CZCE
2025-06-11 13:48:48.757 | INFO | SimpleStrategy | combined: 收到行情, AP510P6600.CZCE
2025-06-11 13:48:48.757 | INFO | SimpleStrategy | combined: 收到行情, AP510P6700.CZCE
2025-06-11 13:48:48.757 | INFO | SimpleStrategy | combined: 收到行情, AP510P6700.CZCE
2025-06-11 13:48:48.757 | INFO | SimpleStrategy | combined: 收到行情, AP510P6800.CZCE
2025-06-11 13:48:48.757 | INFO | SimpleStrategy | combined: 收到行情, AP510P6800.CZCE
2025-06-11 13:48:48.757 | INFO | SimpleStrategy | combined: 收到行情, AP510P6900.CZCE
2025-06-11 13:48:48.757 | INFO | SimpleStrategy | combined: 收到行情, AP510P6900.CZCE
2025-06-11 13:48:48.758 | INFO | SimpleStrategy | combined: 收到行情, AP510P7000.CZCE
2025-06-11 13:48:48.758 | INFO | SimpleStrategy | combined: 收到行情, AP510P7000.CZCE
2025-06-11 13:48:48.758 | INFO | SimpleStrategy | combined: 收到行情, AP510P7100.CZCE
2025-06-11 13:48:48.758 | INFO | SimpleStrategy | combined: 收到行情, AP510P7100.CZCE
2025-06-11 13:48:48.758 | INFO | SimpleStrategy | combined: 收到行情, AP510P7200.CZCE
2025-06-11 13:48:48.758 | INFO | SimpleStrategy | combined: 收到行情, AP510P7200.CZCE
2025-06-11 13:48:48.801 | INFO | SimpleStrategy | combined: 收到行情, AP510P7300.CZCE
2025-06-11 13:48:48.801 | INFO | SimpleStrategy | combined: 收到行情, AP510P7300.CZCE
2025-06-11 13:48:48.801 | INFO | SimpleStrategy | combined: 收到行情, AP510P7400.CZCE
2025-06-11 13:48:48.801 | INFO | SimpleStrategy | combined: 收到行情, AP510P7400.CZCE
2025-06-11 13:48:48.801 | INFO | SimpleStrategy | combined: 收到行情, AP510P7500.CZCE
2025-06-11 13:48:48.802 | INFO | SimpleStrategy | combined: 收到行情, AP510P7500.CZCE
2025-06-11 13:48:48.802 | INFO | SimpleStrategy | combined: 收到行情, AP510P7600.CZCE
2025-06-11 13:48:48.802 | INFO | SimpleStrategy | combined: 收到行情, AP510P7600.CZCE
2025-06-11 13:48:48.802 | INFO | SimpleStrategy | combined: 收到行情, AP510P7700.CZCE
2025-06-11 13:48:48.802 | INFO | SimpleStrategy | combined: 收到行情, AP510P7700.CZCE
2025-06-11 13:48:48.802 | INFO | SimpleStrategy | combined: 收到行情, AP510P7800.CZCE
2025-06-11 13:48:48.802 | INFO | SimpleStrategy | combined: 收到行情, AP510P7800.CZCE
2025-06-11 13:48:48.802 | INFO | SimpleStrategy | combined: 收到行情, AP510P7900.CZCE
2025-06-11 13:48:48.802 | INFO | SimpleStrategy | combined: 收到行情, AP510P7900.CZCE
2025-06-11 13:48:48.802 | INFO | SimpleStrategy | combined: 收到行情, AP510P8000.CZCE
2025-06-11 13:48:48.802 | INFO | SimpleStrategy | combined: 收到行情, AP510P8000.CZCE
2025-06-11 13:48:48.802 | INFO | SimpleStrategy | combined: 收到行情, AP510P8100.CZCE
2025-06-11 13:48:48.802 | INFO | SimpleStrategy | combined: 收到行情, AP510P8100.CZCE
2025-06-11 13:48:48.803 | INFO | SimpleStrategy | combined: 收到行情, AP510P8200.CZCE
2025-06-11 13:48:48.803 | INFO | SimpleStrategy | combined: 收到行情, AP510P8200.CZCE
2025-06-11 13:48:48.803 | INFO | SimpleStrategy | combined: 收到行情, AP510P8300.CZCE
2025-06-11 13:48:48.803 | INFO | SimpleStrategy | combined: 收到行情, AP510P8300.CZCE
2025-06-11 13:48:48.803 | INFO | SimpleStrategy | combined: 收到行情, AP510P8400.CZCE
2025-06-11 13:48:48.803 | INFO | SimpleStrategy | combined: 收到行情, AP510P8400.CZCE
2025-06-11 13:48:48.803 | INFO | SimpleStrategy | combined: 收到行情, AP510P8500.CZCE
2025-06-11 13:48:48.803 | INFO | SimpleStrategy | combined: 收到行情, AP510P8500.CZCE
2025-06-11 13:48:48.803 | INFO | SimpleStrategy | combined: 收到行情, AP510P8600.CZCE
2025-06-11 13:48:48.803 | INFO | SimpleStrategy | combined: 收到行情, AP510P8600.CZCE
2025-06-11 13:48:48.803 | INFO | SimpleStrategy | combined: 收到行情, AP510P8700.CZCE
2025-06-11 13:48:48.804 | INFO | SimpleStrategy | combined: 收到行情, AP510P8700.CZCE
2025-06-11 13:48:48.804 | INFO | SimpleStrategy | combined: 收到行情, AP510P8800.CZCE
2025-06-11 13:48:48.804 | INFO | SimpleStrategy | combined: 收到行情, AP510P8800.CZCE
2025-06-11 13:48:48.804 | INFO | SimpleStrategy | combined: 收到行情, AP510P8900.CZCE
2025-06-11 13:48:48.804 | INFO | SimpleStrategy | combined: 收到行情, AP510P8900.CZCE
2025-06-11 13:48:48.804 | INFO | SimpleStrategy | combined: 收到行情, AP510P9000.CZCE
2025-06-11 13:48:48.804 | INFO | SimpleStrategy | combined: 收到行情, AP510P9000.CZCE
2025-06-11 13:48:48.804 | INFO | SimpleStrategy | combined: 收到行情, AP510P9100.CZCE
2025-06-11 13:48:48.804 | INFO | SimpleStrategy | combined: 收到行情, AP510P9100.CZCE
2025-06-11 13:48:48.804 | INFO | SimpleStrategy | combined: 收到行情, AP510P9200.CZCE
2025-06-11 13:48:48.804 | INFO | SimpleStrategy | combined: 收到行情, AP510P9200.CZCE
2025-06-11 13:48:48.805 | INFO | SimpleStrategy | combined: 收到行情, AP511C6300.CZCE
2025-06-11 13:48:48.805 | INFO | SimpleStrategy | combined: 收到行情, AP511C6300.CZCE
2025-06-11 13:48:48.805 | INFO | SimpleStrategy | combined: 收到行情, AP511C6400.CZCE
2025-06-11 13:48:48.805 | INFO | SimpleStrategy | combined: 收到行情, AP511C6400.CZCE
2025-06-11 13:48:48.805 | INFO | SimpleStrategy | combined: 收到行情, AP511C6500.CZCE
2025-06-11 13:48:48.805 | INFO | SimpleStrategy | combined: 收到行情, AP511C6500.CZCE
2025-06-11 13:48:48.806 | INFO | SimpleStrategy | combined: 收到行情, AP511C6600.CZCE
2025-06-11 13:48:48.806 | INFO | SimpleStrategy | combined: 收到行情, AP511C6600.CZCE
2025-06-11 13:48:48.806 | INFO | SimpleStrategy | combined: 收到行情, AP511C6700.CZCE
2025-06-11 13:48:48.806 | INFO | SimpleStrategy | combined: 收到行情, AP511C6700.CZCE
2025-06-11 13:48:48.806 | INFO | SimpleStrategy | combined: 收到行情, AP511C6800.CZCE
2025-06-11 13:48:48.806 | INFO | SimpleStrategy | combined: 收到行情, AP511C6800.CZCE
2025-06-11 13:48:48.806 | INFO | SimpleStrategy | combined: 收到行情, AP511C6900.CZCE
2025-06-11 13:48:48.806 | INFO | SimpleStrategy | combined: 收到行情, AP511C6900.CZCE
2025-06-11 13:48:48.806 | INFO | SimpleStrategy | combined: 收到行情, AP511C7000.CZCE
2025-06-11 13:48:48.806 | INFO | SimpleStrategy | combined: 收到行情, AP511C7000.CZCE
2025-06-11 13:48:48.806 | INFO | SimpleStrategy | combined: 收到行情, AP511C7100.CZCE
2025-06-11 13:48:48.807 | INFO | SimpleStrategy | combined: 收到行情, AP511C7100.CZCE
2025-06-11 13:48:48.807 | INFO | SimpleStrategy | combined: 收到行情, AP511C7200.CZCE
2025-06-11 13:48:48.807 | INFO | SimpleStrategy | combined: 收到行情, AP511C7200.CZCE
2025-06-11 13:48:48.807 | INFO | SimpleStrategy | combined: 收到行情, AP511C7300.CZCE
2025-06-11 13:48:48.807 | INFO | SimpleStrategy | combined: 收到行情, AP511C7300.CZCE
2025-06-11 13:48:48.807 | INFO | SimpleStrategy | combined: 收到行情, AP511C7400.CZCE
2025-06-11 13:48:48.807 | INFO | SimpleStrategy | combined: 收到行情, AP511C7400.CZCE
2025-06-11 13:48:48.807 | INFO | SimpleStrategy | combined: 收到行情, AP511C7500.CZCE
2025-06-11 13:48:48.807 | INFO | SimpleStrategy | combined: 收到行情, AP511C7500.CZCE
2025-06-11 13:48:48.807 | INFO | SimpleStrategy | combined: 收到行情, AP511C7600.CZCE
2025-06-11 13:48:48.807 | INFO | SimpleStrategy | combined: 收到行情, AP511C7600.CZCE
2025-06-11 13:48:48.808 | INFO | SimpleStrategy | combined: 收到行情, AP511C7700.CZCE
2025-06-11 13:48:48.808 | INFO | SimpleStrategy | combined: 收到行情, AP511C7700.CZCE
2025-06-11 13:48:48.808 | INFO | SimpleStrategy | combined: 收到行情, AP511C7800.CZCE
2025-06-11 13:48:48.808 | INFO | SimpleStrategy | combined: 收到行情, AP511C7800.CZCE
2025-06-11 13:48:48.808 | INFO | SimpleStrategy | combined: 收到行情, AP511C7900.CZCE
2025-06-11 13:48:48.808 | INFO | SimpleStrategy | combined: 收到行情, AP511C7900.CZCE
2025-06-11 13:48:48.808 | INFO | SimpleStrategy | combined: 收到行情, AP511C8000.CZCE
2025-06-11 13:48:48.808 | INFO | SimpleStrategy | combined: 收到行情, AP511C8000.CZCE
2025-06-11 13:48:48.808 | INFO | SimpleStrategy | combined: 收到行情, AP511C8100.CZCE
2025-06-11 13:48:48.808 | INFO | SimpleStrategy | combined: 收到行情, AP511C8100.CZCE
2025-06-11 13:48:48.808 | INFO | SimpleStrategy | combined: 收到行情, AP511C8200.CZCE
2025-06-11 13:48:48.808 | INFO | SimpleStrategy | combined: 收到行情, AP511C8200.CZCE
2025-06-11 13:48:48.809 | INFO | SimpleStrategy | combined: 收到行情, AP511C8300.CZCE
2025-06-11 13:48:48.809 | INFO | SimpleStrategy | combined: 收到行情, AP511C8300.CZCE
2025-06-11 13:48:48.809 | INFO | SimpleStrategy | combined: 收到行情, AP511C8400.CZCE
2025-06-11 13:48:48.809 | INFO | SimpleStrategy | combined: 收到行情, AP511C8400.CZCE
2025-06-11 13:48:48.809 | INFO | SimpleStrategy | combined: 收到行情, AP511C8500.CZCE
2025-06-11 13:48:48.809 | INFO | SimpleStrategy | combined: 收到行情, AP511C8500.CZCE
2025-06-11 13:48:48.809 | INFO | SimpleStrategy | combined: 收到行情, AP511C8600.CZCE
2025-06-11 13:48:48.809 | INFO | SimpleStrategy | combined: 收到行情, AP511C8600.CZCE
2025-06-11 13:48:48.809 | INFO | SimpleStrategy | combined: 收到行情, AP511C8700.CZCE
2025-06-11 13:48:48.809 | INFO | SimpleStrategy | combined: 收到行情, AP511C8700.CZCE
2025-06-11 13:48:48.809 | INFO | SimpleStrategy | combined: 收到行情, AP511C8800.CZCE
2025-06-11 13:48:48.809 | INFO | SimpleStrategy | combined: 收到行情, AP511C8800.CZCE
2025-06-11 13:48:48.809 | INFO | SimpleStrategy | combined: 收到行情, AP511C8900.CZCE
2025-06-11 13:48:48.810 | INFO | SimpleStrategy | combined: 收到行情, AP511C8900.CZCE
2025-06-11 13:48:48.810 | INFO | SimpleStrategy | combined: 收到行情, AP511C9000.CZCE
2025-06-11 13:48:48.810 | INFO | SimpleStrategy | combined: 收到行情, AP511C9000.CZCE
2025-06-11 13:48:48.810 | INFO | SimpleStrategy | combined: 收到行情, AP511P6300.CZCE
2025-06-11 13:48:48.810 | INFO | SimpleStrategy | combined: 收到行情, AP511P6300.CZCE
2025-06-11 13:48:48.810 | INFO | SimpleStrategy | combined: 收到行情, AP511P6400.CZCE
2025-06-11 13:48:48.810 | INFO | SimpleStrategy | combined: 收到行情, AP511P6400.CZCE
2025-06-11 13:48:48.810 | INFO | SimpleStrategy | combined: 收到行情, AP511P6500.CZCE
2025-06-11 13:48:48.811 | INFO | SimpleStrategy | combined: 收到行情, AP511P6500.CZCE
2025-06-11 13:48:48.855 | INFO | SimpleStrategy | combined: 收到行情, AP511P6600.CZCE
2025-06-11 13:48:48.856 | INFO | SimpleStrategy | combined: 收到行情, AP511P6600.CZCE
2025-06-11 13:48:48.857 | INFO | SimpleStrategy | combined: 收到行情, AP511P6700.CZCE
2025-06-11 13:48:48.857 | INFO | SimpleStrategy | combined: 收到行情, AP511P6700.CZCE
2025-06-11 13:48:48.857 | INFO | SimpleStrategy | combined: 收到行情, AP511P6800.CZCE
2025-06-11 13:48:48.857 | INFO | SimpleStrategy | combined: 收到行情, AP511P6800.CZCE
2025-06-11 13:48:48.857 | INFO | SimpleStrategy | combined: 收到行情, AP511P6900.CZCE
2025-06-11 13:48:48.857 | INFO | SimpleStrategy | combined: 收到行情, AP511P6900.CZCE
2025-06-11 13:48:48.858 | INFO | SimpleStrategy | combined: 收到行情, AP511P7000.CZCE
2025-06-11 13:48:48.858 | INFO | SimpleStrategy | combined: 收到行情, AP511P7000.CZCE
2025-06-11 13:48:48.858 | INFO | SimpleStrategy | combined: 收到行情, AP511P7100.CZCE
2025-06-11 13:48:48.858 | INFO | SimpleStrategy | combined: 收到行情, AP511P7100.CZCE
2025-06-11 13:48:48.858 | INFO | SimpleStrategy | combined: 收到行情, AP511P7200.CZCE
2025-06-11 13:48:48.858 | INFO | SimpleStrategy | combined: 收到行情, AP511P7200.CZCE
2025-06-11 13:48:48.858 | INFO | SimpleStrategy | combined: 收到行情, AP511P7300.CZCE
2025-06-11 13:48:48.858 | INFO | SimpleStrategy | combined: 收到行情, AP511P7300.CZCE
2025-06-11 13:48:48.858 | INFO | SimpleStrategy | combined: 收到行情, AP511P7400.CZCE
2025-06-11 13:48:48.858 | INFO | SimpleStrategy | combined: 收到行情, AP511P7400.CZCE
2025-06-11 13:48:48.858 | INFO | SimpleStrategy | combined: 收到行情, AP511P7500.CZCE
2025-06-11 13:48:48.858 | INFO | SimpleStrategy | combined: 收到行情, AP511P7500.CZCE
2025-06-11 13:48:48.858 | INFO | SimpleStrategy | combined: 收到行情, AP511P7600.CZCE
2025-06-11 13:48:48.858 | INFO | SimpleStrategy | combined: 收到行情, AP511P7600.CZCE
2025-06-11 13:48:48.858 | INFO | SimpleStrategy | combined: 收到行情, AP511P7700.CZCE
2025-06-11 13:48:48.859 | INFO | SimpleStrategy | combined: 收到行情, AP511P7700.CZCE
2025-06-11 13:48:48.859 | INFO | SimpleStrategy | combined: 收到行情, AP511P7800.CZCE
2025-06-11 13:48:48.859 | INFO | SimpleStrategy | combined: 收到行情, AP511P7800.CZCE
2025-06-11 13:48:48.859 | INFO | SimpleStrategy | combined: 收到行情, AP511P7900.CZCE
2025-06-11 13:48:48.859 | INFO | SimpleStrategy | combined: 收到行情, AP511P7900.CZCE
2025-06-11 13:48:48.859 | INFO | SimpleStrategy | combined: 收到行情, AP511P8000.CZCE
2025-06-11 13:48:48.859 | INFO | SimpleStrategy | combined: 收到行情, AP511P8000.CZCE
2025-06-11 13:48:48.859 | INFO | SimpleStrategy | combined: 收到行情, AP511P8100.CZCE
2025-06-11 13:48:48.859 | INFO | SimpleStrategy | combined: 收到行情, AP511P8100.CZCE
2025-06-11 13:48:48.859 | INFO | SimpleStrategy | combined: 收到行情, AP511P8200.CZCE
2025-06-11 13:48:48.859 | INFO | SimpleStrategy | combined: 收到行情, AP511P8200.CZCE
2025-06-11 13:48:48.859 | INFO | SimpleStrategy | combined: 收到行情, AP511P8300.CZCE
2025-06-11 13:48:48.859 | INFO | SimpleStrategy | combined: 收到行情, AP511P8300.CZCE
2025-06-11 13:48:48.859 | INFO | SimpleStrategy | combined: 收到行情, AP511P8400.CZCE
2025-06-11 13:48:48.859 | INFO | SimpleStrategy | combined: 收到行情, AP511P8400.CZCE
2025-06-11 13:48:48.860 | INFO | SimpleStrategy | combined: 收到行情, AP511P8500.CZCE
2025-06-11 13:48:48.860 | INFO | SimpleStrategy | combined: 收到行情, AP511P8500.CZCE
2025-06-11 13:48:48.860 | INFO | SimpleStrategy | combined: 收到行情, AP511P8600.CZCE
2025-06-11 13:48:48.860 | INFO | SimpleStrategy | combined: 收到行情, AP511P8600.CZCE
2025-06-11 13:48:48.860 | INFO | SimpleStrategy | combined: 收到行情, AP511P8700.CZCE
2025-06-11 13:48:48.860 | INFO | SimpleStrategy | combined: 收到行情, AP511P8700.CZCE
2025-06-11 13:48:48.860 | INFO | SimpleStrategy | combined: 收到行情, AP511P8800.CZCE
2025-06-11 13:48:48.860 | INFO | SimpleStrategy | combined: 收到行情, AP511P8800.CZCE
2025-06-11 13:48:48.860 | INFO | SimpleStrategy | combined: 收到行情, AP511P8900.CZCE
2025-06-11 13:48:48.860 | INFO | SimpleStrategy | combined: 收到行情, AP511P8900.CZCE
2025-06-11 13:48:48.860 | INFO | SimpleStrategy | combined: 收到行情, AP511P9000.CZCE
2025-06-11 13:48:48.860 | INFO | SimpleStrategy | combined: 收到行情, AP511P9000.CZCE
2025-06-11 13:48:48.860 | INFO | SimpleStrategy | combined: 收到行情, CF507C10800.CZCE
2025-06-11 13:48:48.860 | INFO | SimpleStrategy | combined: 收到行情, CF507C10800.CZCE
2025-06-11 13:48:48.860 | INFO | SimpleStrategy | combined: 收到行情, CF507C11000.CZCE
2025-06-11 13:48:48.860 | INFO | SimpleStrategy | combined: 收到行情, CF507C11000.CZCE
2025-06-11 13:48:48.860 | INFO | SimpleStrategy | combined: 收到行情, CF507C11200.CZCE
2025-06-11 13:48:48.861 | INFO | SimpleStrategy | combined: 收到行情, CF507C11200.CZCE
2025-06-11 13:48:48.861 | INFO | SimpleStrategy | combined: 收到行情, CF507C11400.CZCE
2025-06-11 13:48:48.861 | INFO | SimpleStrategy | combined: 收到行情, CF507C11400.CZCE
2025-06-11 13:48:48.861 | INFO | SimpleStrategy | combined: 收到行情, CF507C11600.CZCE
2025-06-11 13:48:48.861 | INFO | SimpleStrategy | combined: 收到行情, CF507C11600.CZCE
2025-06-11 13:48:48.861 | INFO | SimpleStrategy | combined: 收到行情, CF507C11800.CZCE
2025-06-11 13:48:48.861 | INFO | SimpleStrategy | combined: 收到行情, CF507C11800.CZCE
2025-06-11 13:48:48.861 | INFO | SimpleStrategy | combined: 收到行情, CF507C12000.CZCE
2025-06-11 13:48:48.861 | INFO | SimpleStrategy | combined: 收到行情, CF507C12000.CZCE
2025-06-11 13:48:48.861 | INFO | SimpleStrategy | combined: 收到行情, CF507C12200.CZCE
2025-06-11 13:48:48.861 | INFO | SimpleStrategy | combined: 收到行情, CF507C12200.CZCE
2025-06-11 13:48:48.861 | INFO | SimpleStrategy | combined: 收到行情, CF507C12400.CZCE
2025-06-11 13:48:48.861 | INFO | SimpleStrategy | combined: 收到行情, CF507C12400.CZCE
2025-06-11 13:48:48.862 | INFO | SimpleStrategy | combined: 收到行情, CF507C12600.CZCE
2025-06-11 13:48:48.862 | INFO | SimpleStrategy | combined: 收到行情, CF507C12600.CZCE
2025-06-11 13:48:48.862 | INFO | SimpleStrategy | combined: 收到行情, CF507C12800.CZCE
2025-06-11 13:48:48.862 | INFO | SimpleStrategy | combined: 收到行情, CF507C12800.CZCE
2025-06-11 13:48:48.862 | INFO | SimpleStrategy | combined: 收到行情, CF507C13000.CZCE
2025-06-11 13:48:48.862 | INFO | SimpleStrategy | combined: 收到行情, CF507C13000.CZCE
2025-06-11 13:48:48.862 | INFO | SimpleStrategy | combined: 收到行情, CF507C13200.CZCE
2025-06-11 13:48:48.862 | INFO | SimpleStrategy | combined: 收到行情, CF507C13200.CZCE
2025-06-11 13:48:48.862 | INFO | SimpleStrategy | combined: 收到行情, CF507C13400.CZCE
2025-06-11 13:48:48.862 | INFO | SimpleStrategy | combined: 收到行情, CF507C13400.CZCE
2025-06-11 13:48:48.862 | INFO | SimpleStrategy | combined: 收到行情, CF507C13600.CZCE
2025-06-11 13:48:48.862 | INFO | SimpleStrategy | combined: 收到行情, CF507C13600.CZCE
2025-06-11 13:48:48.862 | INFO | SimpleStrategy | combined: 收到行情, CF507C13800.CZCE
2025-06-11 13:48:48.862 | INFO | SimpleStrategy | combined: 收到行情, CF507C13800.CZCE
2025-06-11 13:48:48.863 | INFO | SimpleStrategy | combined: 收到行情, CF507C14000.CZCE
2025-06-11 13:48:48.863 | INFO | SimpleStrategy | combined: 收到行情, CF507C14000.CZCE
2025-06-11 13:48:48.863 | INFO | SimpleStrategy | combined: 收到行情, CF507C14200.CZCE
2025-06-11 13:48:48.863 | INFO | SimpleStrategy | combined: 收到行情, CF507C14200.CZCE
2025-06-11 13:48:48.863 | INFO | SimpleStrategy | combined: 收到行情, CF507C14400.CZCE
2025-06-11 13:48:48.863 | INFO | SimpleStrategy | combined: 收到行情, CF507C14400.CZCE
2025-06-11 13:48:48.863 | INFO | SimpleStrategy | combined: 收到行情, CF507C14600.CZCE
2025-06-11 13:48:48.863 | INFO | SimpleStrategy | combined: 收到行情, CF507C14600.CZCE
2025-06-11 13:48:48.863 | INFO | SimpleStrategy | combined: 收到行情, CF507C14800.CZCE
2025-06-11 13:48:48.863 | INFO | SimpleStrategy | combined: 收到行情, CF507C14800.CZCE
2025-06-11 13:48:48.863 | INFO | SimpleStrategy | combined: 收到行情, CF507C15000.CZCE
2025-06-11 13:48:48.863 | INFO | SimpleStrategy | combined: 收到行情, CF507C15000.CZCE
2025-06-11 13:48:48.863 | INFO | SimpleStrategy | combined: 收到行情, CF507C15200.CZCE
2025-06-11 13:48:48.863 | INFO | SimpleStrategy | combined: 收到行情, CF507C15200.CZCE
2025-06-11 13:48:48.863 | INFO | SimpleStrategy | combined: 收到行情, CF507P10800.CZCE
2025-06-11 13:48:48.863 | INFO | SimpleStrategy | combined: 收到行情, CF507P10800.CZCE
2025-06-11 13:48:48.864 | INFO | SimpleStrategy | combined: 收到行情, CF507P11000.CZCE
2025-06-11 13:48:48.864 | INFO | SimpleStrategy | combined: 收到行情, CF507P11000.CZCE
2025-06-11 13:48:48.864 | INFO | SimpleStrategy | combined: 收到行情, CF507P11200.CZCE
2025-06-11 13:48:48.864 | INFO | SimpleStrategy | combined: 收到行情, CF507P11200.CZCE
2025-06-11 13:48:48.864 | INFO | SimpleStrategy | combined: 收到行情, CF507P11400.CZCE
2025-06-11 13:48:48.864 | INFO | SimpleStrategy | combined: 收到行情, CF507P11400.CZCE
2025-06-11 13:48:48.864 | INFO | SimpleStrategy | combined: 收到行情, CF507P11600.CZCE
2025-06-11 13:48:48.864 | INFO | SimpleStrategy | combined: 收到行情, CF507P11600.CZCE
2025-06-11 13:48:48.864 | INFO | SimpleStrategy | combined: 收到行情, CF507P11800.CZCE
2025-06-11 13:48:48.864 | INFO | SimpleStrategy | combined: 收到行情, CF507P11800.CZCE
2025-06-11 13:48:48.864 | INFO | SimpleStrategy | combined: 收到行情, CF507P12000.CZCE
2025-06-11 13:48:48.864 | INFO | SimpleStrategy | combined: 收到行情, CF507P12000.CZCE
2025-06-11 13:48:48.864 | INFO | SimpleStrategy | combined: 收到行情, CF507P12200.CZCE
2025-06-11 13:48:48.864 | INFO | SimpleStrategy | combined: 收到行情, CF507P12200.CZCE
2025-06-11 13:48:48.865 | INFO | SimpleStrategy | combined: 收到行情, CF507P12400.CZCE
2025-06-11 13:48:48.865 | INFO | SimpleStrategy | combined: 收到行情, CF507P12400.CZCE
2025-06-11 13:48:48.865 | INFO | SimpleStrategy | combined: 收到行情, CF507P12600.CZCE
2025-06-11 13:48:48.865 | INFO | SimpleStrategy | combined: 收到行情, CF507P12600.CZCE
2025-06-11 13:48:48.865 | INFO | SimpleStrategy | combined: 收到行情, CF507P12800.CZCE
2025-06-11 13:48:48.865 | INFO | SimpleStrategy | combined: 收到行情, CF507P12800.CZCE
2025-06-11 13:48:48.865 | INFO | SimpleStrategy | combined: 收到行情, CF507P13000.CZCE
2025-06-11 13:48:48.865 | INFO | SimpleStrategy | combined: 收到行情, CF507P13000.CZCE
2025-06-11 13:48:48.865 | INFO | SimpleStrategy | combined: 收到行情, CF507P13200.CZCE
2025-06-11 13:48:48.865 | INFO | SimpleStrategy | combined: 收到行情, CF507P13200.CZCE
2025-06-11 13:48:48.865 | INFO | SimpleStrategy | combined: 收到行情, CF507P13400.CZCE
2025-06-11 13:48:48.865 | INFO | SimpleStrategy | combined: 收到行情, CF507P13400.CZCE
2025-06-11 13:48:48.865 | INFO | SimpleStrategy | combined: 收到行情, CF507P13600.CZCE
2025-06-11 13:48:48.866 | INFO | SimpleStrategy | combined: 收到行情, CF507P13600.CZCE
2025-06-11 13:48:48.866 | INFO | SimpleStrategy | combined: 收到行情, CF507P13800.CZCE
2025-06-11 13:48:48.866 | INFO | SimpleStrategy | combined: 收到行情, CF507P13800.CZCE
2025-06-11 13:48:48.866 | INFO | SimpleStrategy | combined: 收到行情, CF507P14000.CZCE
2025-06-11 13:48:48.866 | INFO | SimpleStrategy | combined: 收到行情, CF507P14000.CZCE
2025-06-11 13:48:48.866 | INFO | SimpleStrategy | combined: 收到行情, CF507P14200.CZCE
2025-06-11 13:48:48.866 | INFO | SimpleStrategy | combined: 收到行情, CF507P14200.CZCE
2025-06-11 13:48:48.866 | INFO | SimpleStrategy | combined: 收到行情, CF507P14400.CZCE
2025-06-11 13:48:48.866 | INFO | SimpleStrategy | combined: 收到行情, CF507P14400.CZCE
2025-06-11 13:48:48.866 | INFO | SimpleStrategy | combined: 收到行情, CF507P14600.CZCE
2025-06-11 13:48:48.866 | INFO | SimpleStrategy | combined: 收到行情, CF507P14600.CZCE
2025-06-11 13:48:48.866 | INFO | SimpleStrategy | combined: 收到行情, CF507P14800.CZCE
2025-06-11 13:48:48.867 | INFO | SimpleStrategy | combined: 收到行情, CF507P14800.CZCE
2025-06-11 13:48:48.867 | INFO | SimpleStrategy | combined: 收到行情, CF507P15000.CZCE
2025-06-11 13:48:48.867 | INFO | SimpleStrategy | combined: 收到行情, CF507P15000.CZCE
2025-06-11 13:48:48.867 | INFO | SimpleStrategy | combined: 收到行情, CF507P15200.CZCE
2025-06-11 13:48:48.867 | INFO | SimpleStrategy | combined: 收到行情, CF507P15200.CZCE
2025-06-11 13:48:48.867 | INFO | SimpleStrategy | combined: 收到行情, CF509C11000.CZCE
2025-06-11 13:48:48.867 | INFO | SimpleStrategy | combined: 收到行情, CF509C11000.CZCE
2025-06-11 13:48:48.867 | INFO | SimpleStrategy | combined: 收到行情, CF509C11200.CZCE
2025-06-11 13:48:48.867 | INFO | SimpleStrategy | combined: 收到行情, CF509C11200.CZCE
2025-06-11 13:48:48.867 | INFO | SimpleStrategy | combined: 收到行情, CF509C11400.CZCE
2025-06-11 13:48:48.867 | INFO | SimpleStrategy | combined: 收到行情, CF509C11400.CZCE
2025-06-11 13:48:48.867 | INFO | SimpleStrategy | combined: 收到行情, CF509C11600.CZCE
2025-06-11 13:48:48.868 | INFO | SimpleStrategy | combined: 收到行情, CF509C11600.CZCE
2025-06-11 13:48:48.868 | INFO | SimpleStrategy | combined: 收到行情, CF509C11800.CZCE
2025-06-11 13:48:48.868 | INFO | SimpleStrategy | combined: 收到行情, CF509C11800.CZCE
2025-06-11 13:48:48.868 | INFO | SimpleStrategy | combined: 收到行情, CF509C12000.CZCE
2025-06-11 13:48:48.868 | INFO | SimpleStrategy | combined: 收到行情, CF509C12000.CZCE
2025-06-11 13:48:48.868 | INFO | SimpleStrategy | combined: 收到行情, CF509C12200.CZCE
2025-06-11 13:48:48.868 | INFO | SimpleStrategy | combined: 收到行情, CF509C12200.CZCE
2025-06-11 13:48:48.868 | INFO | SimpleStrategy | combined: 收到行情, CF509C12400.CZCE
2025-06-11 13:48:48.868 | INFO | SimpleStrategy | combined: 收到行情, CF509C12400.CZCE
2025-06-11 13:48:48.868 | INFO | SimpleStrategy | combined: 收到行情, CF509C12600.CZCE
2025-06-11 13:48:48.868 | INFO | SimpleStrategy | combined: 收到行情, CF509C12600.CZCE
2025-06-11 13:48:48.868 | INFO | SimpleStrategy | combined: 收到行情, CF509C12800.CZCE
2025-06-11 13:48:48.868 | INFO | SimpleStrategy | combined: 收到行情, CF509C12800.CZCE
2025-06-11 13:48:48.868 | INFO | SimpleStrategy | combined: 收到行情, CF509C13000.CZCE
2025-06-11 13:48:48.868 | INFO | SimpleStrategy | combined: 收到行情, CF509C13000.CZCE
2025-06-11 13:48:48.869 | INFO | SimpleStrategy | combined: 收到行情, CF509C13200.CZCE
2025-06-11 13:48:48.869 | INFO | SimpleStrategy | combined: 收到行情, CF509C13200.CZCE
2025-06-11 13:48:48.869 | INFO | SimpleStrategy | combined: 收到行情, CF509C13400.CZCE
2025-06-11 13:48:48.869 | INFO | SimpleStrategy | combined: 收到行情, CF509C13400.CZCE
2025-06-11 13:48:48.869 | INFO | SimpleStrategy | combined: 收到行情, CF509C13600.CZCE
2025-06-11 13:48:48.869 | INFO | SimpleStrategy | combined: 收到行情, CF509C13600.CZCE
2025-06-11 13:48:48.869 | INFO | SimpleStrategy | combined: 收到行情, CF509C13800.CZCE
2025-06-11 13:48:48.869 | INFO | SimpleStrategy | combined: 收到行情, CF509C13800.CZCE
2025-06-11 13:48:48.869 | INFO | SimpleStrategy | combined: 收到行情, CF509C14000.CZCE
2025-06-11 13:48:48.869 | INFO | SimpleStrategy | combined: 收到行情, CF509C14000.CZCE
2025-06-11 13:48:48.869 | INFO | SimpleStrategy | combined: 收到行情, CF509C14200.CZCE
2025-06-11 13:48:48.869 | INFO | SimpleStrategy | combined: 收到行情, CF509C14200.CZCE
2025-06-11 13:48:48.870 | INFO | SimpleStrategy | combined: 收到行情, CF509C14400.CZCE
2025-06-11 13:48:48.870 | INFO | SimpleStrategy | combined: 收到行情, CF509C14400.CZCE
2025-06-11 13:48:48.870 | INFO | SimpleStrategy | combined: 收到行情, CF509C14600.CZCE
2025-06-11 13:48:48.870 | INFO | SimpleStrategy | combined: 收到行情, CF509C14600.CZCE
2025-06-11 13:48:48.870 | INFO | SimpleStrategy | combined: 收到行情, CF509C14800.CZCE
2025-06-11 13:48:48.871 | INFO | SimpleStrategy | combined: 收到行情, CF509C14800.CZCE
2025-06-11 13:48:48.871 | INFO | SimpleStrategy | combined: 收到行情, CF509C15000.CZCE
2025-06-11 13:48:48.871 | INFO | SimpleStrategy | combined: 收到行情, CF509C15000.CZCE
2025-06-11 13:48:48.871 | INFO | SimpleStrategy | combined: 收到行情, CF509C15200.CZCE
2025-06-11 13:48:48.871 | INFO | SimpleStrategy | combined: 收到行情, CF509C15200.CZCE
2025-06-11 13:48:48.871 | INFO | SimpleStrategy | combined: 收到行情, CF509C15400.CZCE
2025-06-11 13:48:48.871 | INFO | SimpleStrategy | combined: 收到行情, CF509C15400.CZCE
2025-06-11 13:48:48.871 | INFO | SimpleStrategy | combined: 收到行情, CF509C15600.CZCE
2025-06-11 13:48:48.872 | INFO | SimpleStrategy | combined: 收到行情, CF509C15600.CZCE
2025-06-11 13:48:48.872 | INFO | SimpleStrategy | combined: 收到行情, CF509C15800.CZCE
2025-06-11 13:48:48.872 | INFO | SimpleStrategy | combined: 收到行情, CF509C15800.CZCE
2025-06-11 13:48:48.872 | INFO | SimpleStrategy | combined: 收到行情, CF509P11000.CZCE
2025-06-11 13:48:48.872 | INFO | SimpleStrategy | combined: 收到行情, CF509P11000.CZCE
2025-06-11 13:48:48.872 | INFO | SimpleStrategy | combined: 收到行情, CF509P11200.CZCE
2025-06-11 13:48:48.872 | INFO | SimpleStrategy | combined: 收到行情, CF509P11200.CZCE
2025-06-11 13:48:48.872 | INFO | SimpleStrategy | combined: 收到行情, CF509P11400.CZCE
2025-06-11 13:48:48.872 | INFO | SimpleStrategy | combined: 收到行情, CF509P11400.CZCE
2025-06-11 13:48:48.872 | INFO | SimpleStrategy | combined: 收到行情, CF509P11600.CZCE
2025-06-11 13:48:48.872 | INFO | SimpleStrategy | combined: 收到行情, CF509P11600.CZCE
2025-06-11 13:48:48.872 | INFO | SimpleStrategy | combined: 收到行情, CF509P11800.CZCE
2025-06-11 13:48:48.873 | INFO | SimpleStrategy | combined: 收到行情, CF509P11800.CZCE
2025-06-11 13:48:48.873 | INFO | SimpleStrategy | combined: 收到行情, CF509P12000.CZCE
2025-06-11 13:48:48.873 | INFO | SimpleStrategy | combined: 收到行情, CF509P12000.CZCE
2025-06-11 13:48:48.873 | INFO | SimpleStrategy | combined: 收到行情, CF509P12200.CZCE
2025-06-11 13:48:48.873 | INFO | SimpleStrategy | combined: 收到行情, CF509P12200.CZCE
2025-06-11 13:48:48.887 | INFO | SimpleStrategy | combined: 收到行情, CF509P12400.CZCE
2025-06-11 13:48:48.913 | INFO | SimpleStrategy | combined: 收到行情, CF509P12400.CZCE
2025-06-11 13:48:48.913 | INFO | SimpleStrategy | combined: 收到行情, CF509P12600.CZCE
2025-06-11 13:48:48.913 | INFO | SimpleStrategy | combined: 收到行情, CF509P12600.CZCE
2025-06-11 13:48:48.913 | INFO | SimpleStrategy | combined: 收到行情, CF509P12800.CZCE
2025-06-11 13:48:48.913 | INFO | SimpleStrategy | combined: 收到行情, CF509P12800.CZCE
2025-06-11 13:48:48.913 | INFO | SimpleStrategy | combined: 收到行情, CF509P13000.CZCE
2025-06-11 13:48:48.913 | INFO | SimpleStrategy | combined: 收到行情, CF509P13000.CZCE
2025-06-11 13:48:48.913 | INFO | SimpleStrategy | combined: 收到行情, CF509P13200.CZCE
2025-06-11 13:48:48.913 | INFO | SimpleStrategy | combined: 收到行情, CF509P13200.CZCE
2025-06-11 13:48:48.914 | INFO | SimpleStrategy | combined: 收到行情, CF509P13400.CZCE
2025-06-11 13:48:48.914 | INFO | SimpleStrategy | combined: 收到行情, CF509P13400.CZCE
2025-06-11 13:48:48.914 | INFO | SimpleStrategy | combined: 收到行情, CF509P13600.CZCE
2025-06-11 13:48:48.914 | INFO | SimpleStrategy | combined: 收到行情, CF509P13600.CZCE
2025-06-11 13:48:48.914 | INFO | SimpleStrategy | combined: 收到行情, CF509P13800.CZCE
2025-06-11 13:48:48.914 | INFO | SimpleStrategy | combined: 收到行情, CF509P13800.CZCE
2025-06-11 13:48:48.914 | INFO | SimpleStrategy | combined: 收到行情, CF509P14000.CZCE
2025-06-11 13:48:48.914 | INFO | SimpleStrategy | combined: 收到行情, CF509P14000.CZCE
2025-06-11 13:48:48.914 | INFO | SimpleStrategy | combined: 收到行情, CF509P14200.CZCE
2025-06-11 13:48:48.914 | INFO | SimpleStrategy | combined: 收到行情, CF509P14200.CZCE
2025-06-11 13:48:48.914 | INFO | SimpleStrategy | combined: 收到行情, CF509P14400.CZCE
2025-06-11 13:48:48.914 | INFO | SimpleStrategy | combined: 收到行情, CF509P14400.CZCE
2025-06-11 13:48:48.915 | INFO | SimpleStrategy | combined: 收到行情, CF509P14600.CZCE
2025-06-11 13:48:48.915 | INFO | SimpleStrategy | combined: 收到行情, CF509P14600.CZCE
2025-06-11 13:48:48.915 | INFO | SimpleStrategy | combined: 收到行情, CF509P14800.CZCE
2025-06-11 13:48:48.915 | INFO | SimpleStrategy | combined: 收到行情, CF509P14800.CZCE
2025-06-11 13:48:48.915 | INFO | SimpleStrategy | combined: 收到行情, CF509P15000.CZCE
2025-06-11 13:48:48.915 | INFO | SimpleStrategy | combined: 收到行情, CF509P15000.CZCE
2025-06-11 13:48:48.915 | INFO | SimpleStrategy | combined: 收到行情, CF509P15200.CZCE
2025-06-11 13:48:48.915 | INFO | SimpleStrategy | combined: 收到行情, CF509P15200.CZCE
2025-06-11 13:48:48.915 | INFO | SimpleStrategy | combined: 收到行情, CF509P15400.CZCE
2025-06-11 13:48:48.915 | INFO | SimpleStrategy | combined: 收到行情, CF509P15400.CZCE
2025-06-11 13:48:48.916 | INFO | SimpleStrategy | combined: 收到行情, CF509P15600.CZCE
2025-06-11 13:48:48.916 | INFO | SimpleStrategy | combined: 收到行情, CF509P15600.CZCE
2025-06-11 13:48:48.916 | INFO | SimpleStrategy | combined: 收到行情, CF509P15800.CZCE
2025-06-11 13:48:48.916 | INFO | SimpleStrategy | combined: 收到行情, CF509P15800.CZCE
2025-06-11 13:48:48.916 | INFO | SimpleStrategy | combined: 收到行情, CJ509C10000.CZCE
2025-06-11 13:48:48.916 | INFO | SimpleStrategy | combined: 收到行情, CJ509C10000.CZCE
2025-06-11 13:48:48.916 | INFO | SimpleStrategy | combined: 收到行情, CJ509C10200.CZCE
2025-06-11 13:48:48.916 | INFO | SimpleStrategy | combined: 收到行情, CJ509C10200.CZCE
2025-06-11 13:48:48.916 | INFO | SimpleStrategy | combined: 收到行情, CJ509C10400.CZCE
2025-06-11 13:48:48.916 | INFO | SimpleStrategy | combined: 收到行情, CJ509C10400.CZCE
2025-06-11 13:48:48.916 | INFO | SimpleStrategy | combined: 收到行情, CJ509C10600.CZCE
2025-06-11 13:48:48.916 | INFO | SimpleStrategy | combined: 收到行情, CJ509C10600.CZCE
2025-06-11 13:48:48.916 | INFO | SimpleStrategy | combined: 收到行情, CJ509C10800.CZCE
2025-06-11 13:48:48.917 | INFO | SimpleStrategy | combined: 收到行情, CJ509C10800.CZCE
2025-06-11 13:48:48.917 | INFO | SimpleStrategy | combined: 收到行情, CJ509C11000.CZCE
2025-06-11 13:48:48.917 | INFO | SimpleStrategy | combined: 收到行情, CJ509C11000.CZCE
2025-06-11 13:48:48.917 | INFO | SimpleStrategy | combined: 收到行情, CJ509C11200.CZCE
2025-06-11 13:48:48.917 | INFO | SimpleStrategy | combined: 收到行情, CJ509C11200.CZCE
2025-06-11 13:48:48.917 | INFO | SimpleStrategy | combined: 收到行情, CJ509C11400.CZCE
2025-06-11 13:48:48.917 | INFO | SimpleStrategy | combined: 收到行情, CJ509C11400.CZCE
2025-06-11 13:48:48.917 | INFO | SimpleStrategy | combined: 收到行情, CJ509C7400.CZCE
2025-06-11 13:48:48.917 | INFO | SimpleStrategy | combined: 收到行情, CJ509C7400.CZCE
2025-06-11 13:48:48.917 | INFO | SimpleStrategy | combined: 收到行情, CJ509C7500.CZCE
2025-06-11 13:48:48.917 | INFO | SimpleStrategy | combined: 收到行情, CJ509C7500.CZCE
2025-06-11 13:48:48.918 | INFO | SimpleStrategy | combined: 收到行情, CJ509C7600.CZCE
2025-06-11 13:48:48.918 | INFO | SimpleStrategy | combined: 收到行情, CJ509C7600.CZCE
2025-06-11 13:48:48.919 | INFO | SimpleStrategy | combined: 收到行情, CJ509C7700.CZCE
2025-06-11 13:48:48.919 | INFO | SimpleStrategy | combined: 收到行情, CJ509C7700.CZCE
2025-06-11 13:48:48.919 | INFO | SimpleStrategy | combined: 收到行情, CJ509C7800.CZCE
2025-06-11 13:48:48.919 | INFO | SimpleStrategy | combined: 收到行情, CJ509C7800.CZCE
2025-06-11 13:48:48.919 | INFO | SimpleStrategy | combined: 收到行情, CJ509C7900.CZCE
2025-06-11 13:48:48.919 | INFO | SimpleStrategy | combined: 收到行情, CJ509C7900.CZCE
2025-06-11 13:48:48.919 | INFO | SimpleStrategy | combined: 收到行情, CJ509C8000.CZCE
2025-06-11 13:48:48.919 | INFO | SimpleStrategy | combined: 收到行情, CJ509C8000.CZCE
2025-06-11 13:48:48.919 | INFO | SimpleStrategy | combined: 收到行情, CJ509C8100.CZCE
2025-06-11 13:48:48.919 | INFO | SimpleStrategy | combined: 收到行情, CJ509C8100.CZCE
2025-06-11 13:48:48.920 | INFO | SimpleStrategy | combined: 收到行情, CJ509C8200.CZCE
2025-06-11 13:48:48.920 | INFO | SimpleStrategy | combined: 收到行情, CJ509C8200.CZCE
2025-06-11 13:48:48.920 | INFO | SimpleStrategy | combined: 收到行情, CJ509C8300.CZCE
2025-06-11 13:48:48.920 | INFO | SimpleStrategy | combined: 收到行情, CJ509C8300.CZCE
2025-06-11 13:48:48.920 | INFO | SimpleStrategy | combined: 收到行情, CJ509C8400.CZCE
2025-06-11 13:48:48.920 | INFO | SimpleStrategy | combined: 收到行情, CJ509C8400.CZCE
2025-06-11 13:48:48.920 | INFO | SimpleStrategy | combined: 收到行情, CJ509C8500.CZCE
2025-06-11 13:48:48.920 | INFO | SimpleStrategy | combined: 收到行情, CJ509C8500.CZCE
2025-06-11 13:48:48.920 | INFO | SimpleStrategy | combined: 收到行情, CJ509C8600.CZCE
2025-06-11 13:48:48.920 | INFO | SimpleStrategy | combined: 收到行情, CJ509C8600.CZCE
2025-06-11 13:48:48.920 | INFO | SimpleStrategy | combined: 收到行情, CJ509C8700.CZCE
2025-06-11 13:48:48.921 | INFO | SimpleStrategy | combined: 收到行情, CJ509C8700.CZCE
2025-06-11 13:48:48.921 | INFO | SimpleStrategy | combined: 收到行情, CJ509C8800.CZCE
2025-06-11 13:48:48.921 | INFO | SimpleStrategy | combined: 收到行情, CJ509C8800.CZCE
2025-06-11 13:48:48.921 | INFO | SimpleStrategy | combined: 收到行情, CJ509C8900.CZCE
2025-06-11 13:48:48.921 | INFO | SimpleStrategy | combined: 收到行情, CJ509C8900.CZCE
2025-06-11 13:48:48.921 | INFO | SimpleStrategy | combined: 收到行情, CJ509C9000.CZCE
2025-06-11 13:48:48.921 | INFO | SimpleStrategy | combined: 收到行情, CJ509C9000.CZCE
2025-06-11 13:48:48.921 | INFO | SimpleStrategy | combined: 收到行情, CJ509C9100.CZCE
2025-06-11 13:48:48.922 | INFO | SimpleStrategy | combined: 收到行情, CJ509C9100.CZCE
2025-06-11 13:48:48.922 | INFO | SimpleStrategy | combined: 收到行情, CJ509C9200.CZCE
2025-06-11 13:48:48.922 | INFO | SimpleStrategy | combined: 收到行情, CJ509C9200.CZCE
2025-06-11 13:48:48.922 | INFO | SimpleStrategy | combined: 收到行情, CJ509C9300.CZCE
2025-06-11 13:48:48.922 | INFO | SimpleStrategy | combined: 收到行情, CJ509C9300.CZCE
2025-06-11 13:48:48.922 | INFO | SimpleStrategy | combined: 收到行情, CJ509C9400.CZCE
2025-06-11 13:48:48.922 | INFO | SimpleStrategy | combined: 收到行情, CJ509C9400.CZCE
2025-06-11 13:48:48.922 | INFO | SimpleStrategy | combined: 收到行情, CJ509C9500.CZCE
2025-06-11 13:48:48.922 | INFO | SimpleStrategy | combined: 收到行情, CJ509C9500.CZCE
2025-06-11 13:48:48.922 | INFO | SimpleStrategy | combined: 收到行情, CJ509C9600.CZCE
2025-06-11 13:48:48.922 | INFO | SimpleStrategy | combined: 收到行情, CJ509C9600.CZCE
2025-06-11 13:48:48.922 | INFO | SimpleStrategy | combined: 收到行情, CJ509C9700.CZCE
2025-06-11 13:48:48.922 | INFO | SimpleStrategy | combined: 收到行情, CJ509C9700.CZCE
2025-06-11 13:48:48.923 | INFO | SimpleStrategy | combined: 收到行情, CJ509C9800.CZCE
2025-06-11 13:48:48.923 | INFO | SimpleStrategy | combined: 收到行情, CJ509C9800.CZCE
2025-06-11 13:48:48.923 | INFO | SimpleStrategy | combined: 收到行情, CJ509C9900.CZCE
2025-06-11 13:48:48.923 | INFO | SimpleStrategy | combined: 收到行情, CJ509C9900.CZCE
2025-06-11 13:48:48.923 | INFO | SimpleStrategy | combined: 收到行情, CJ509P10000.CZCE
2025-06-11 13:48:48.923 | INFO | SimpleStrategy | combined: 收到行情, CJ509P10000.CZCE
2025-06-11 13:48:48.923 | INFO | SimpleStrategy | combined: 收到行情, CJ509P10200.CZCE
2025-06-11 13:48:48.923 | INFO | SimpleStrategy | combined: 收到行情, CJ509P10200.CZCE
2025-06-11 13:48:48.923 | INFO | SimpleStrategy | combined: 收到行情, CJ509P10400.CZCE
2025-06-11 13:48:48.923 | INFO | SimpleStrategy | combined: 收到行情, CJ509P10400.CZCE
2025-06-11 13:48:48.923 | INFO | SimpleStrategy | combined: 收到行情, CJ509P10600.CZCE
2025-06-11 13:48:48.924 | INFO | SimpleStrategy | combined: 收到行情, CJ509P10600.CZCE
2025-06-11 13:48:48.924 | INFO | SimpleStrategy | combined: 收到行情, CJ509P10800.CZCE
2025-06-11 13:48:48.924 | INFO | SimpleStrategy | combined: 收到行情, CJ509P10800.CZCE
2025-06-11 13:48:48.924 | INFO | SimpleStrategy | combined: 收到行情, CJ509P11000.CZCE
2025-06-11 13:48:48.924 | INFO | SimpleStrategy | combined: 收到行情, CJ509P11000.CZCE
2025-06-11 13:48:48.924 | INFO | SimpleStrategy | combined: 收到行情, CJ509P11200.CZCE
2025-06-11 13:48:48.924 | INFO | SimpleStrategy | combined: 收到行情, CJ509P11200.CZCE
2025-06-11 13:48:48.924 | INFO | SimpleStrategy | combined: 收到行情, CJ509P11400.CZCE
2025-06-11 13:48:48.924 | INFO | SimpleStrategy | combined: 收到行情, CJ509P11400.CZCE
2025-06-11 13:48:48.925 | INFO | SimpleStrategy | combined: 收到行情, CJ509P7400.CZCE
2025-06-11 13:48:48.925 | INFO | SimpleStrategy | combined: 收到行情, CJ509P7400.CZCE
2025-06-11 13:48:48.925 | INFO | SimpleStrategy | combined: 收到行情, CJ509P7500.CZCE
2025-06-11 13:48:48.957 | INFO | SimpleStrategy | combined: 收到行情, CJ509P7500.CZCE
2025-06-11 13:48:48.957 | INFO | SimpleStrategy | combined: 收到行情, CJ509P7600.CZCE
2025-06-11 13:48:48.957 | INFO | SimpleStrategy | combined: 收到行情, CJ509P7600.CZCE
2025-06-11 13:48:48.957 | INFO | SimpleStrategy | combined: 收到行情, CJ509P7700.CZCE
2025-06-11 13:48:48.957 | INFO | SimpleStrategy | combined: 收到行情, CJ509P7700.CZCE
2025-06-11 13:48:48.957 | INFO | SimpleStrategy | combined: 收到行情, CJ509P7800.CZCE
2025-06-11 13:48:48.957 | INFO | SimpleStrategy | combined: 收到行情, CJ509P7800.CZCE
2025-06-11 13:48:48.957 | INFO | SimpleStrategy | combined: 收到行情, CJ509P7900.CZCE
2025-06-11 13:48:48.957 | INFO | SimpleStrategy | combined: 收到行情, CJ509P7900.CZCE
2025-06-11 13:48:48.957 | INFO | SimpleStrategy | combined: 收到行情, CJ509P8000.CZCE
2025-06-11 13:48:48.958 | INFO | SimpleStrategy | combined: 收到行情, CJ509P8000.CZCE
2025-06-11 13:48:48.958 | INFO | SimpleStrategy | combined: 收到行情, CJ509P8100.CZCE
2025-06-11 13:48:48.958 | INFO | SimpleStrategy | combined: 收到行情, CJ509P8100.CZCE
2025-06-11 13:48:48.958 | INFO | SimpleStrategy | combined: 收到行情, CJ509P8200.CZCE
2025-06-11 13:48:48.958 | INFO | SimpleStrategy | combined: 收到行情, CJ509P8200.CZCE
2025-06-11 13:48:48.958 | INFO | SimpleStrategy | combined: 收到行情, CJ509P8300.CZCE
2025-06-11 13:48:48.958 | INFO | SimpleStrategy | combined: 收到行情, CJ509P8300.CZCE
2025-06-11 13:48:48.958 | INFO | SimpleStrategy | combined: 收到行情, CJ509P8400.CZCE
2025-06-11 13:48:48.958 | INFO | SimpleStrategy | combined: 收到行情, CJ509P8400.CZCE
2025-06-11 13:48:48.958 | INFO | SimpleStrategy | combined: 收到行情, CJ509P8500.CZCE
2025-06-11 13:48:48.958 | INFO | SimpleStrategy | combined: 收到行情, CJ509P8500.CZCE
2025-06-11 13:48:48.958 | INFO | SimpleStrategy | combined: 收到行情, CJ509P8600.CZCE
2025-06-11 13:48:48.958 | INFO | SimpleStrategy | combined: 收到行情, CJ509P8600.CZCE
2025-06-11 13:48:48.958 | INFO | SimpleStrategy | combined: 收到行情, CJ509P8700.CZCE
2025-06-11 13:48:48.959 | INFO | SimpleStrategy | combined: 收到行情, CJ509P8700.CZCE
2025-06-11 13:48:48.959 | INFO | SimpleStrategy | combined: 收到行情, CJ509P8800.CZCE
2025-06-11 13:48:48.959 | INFO | SimpleStrategy | combined: 收到行情, CJ509P8800.CZCE
2025-06-11 13:48:48.959 | INFO | SimpleStrategy | combined: 收到行情, CJ509P8900.CZCE
2025-06-11 13:48:48.959 | INFO | SimpleStrategy | combined: 收到行情, CJ509P8900.CZCE
2025-06-11 13:48:48.959 | INFO | SimpleStrategy | combined: 收到行情, CJ509P9000.CZCE
2025-06-11 13:48:48.959 | INFO | SimpleStrategy | combined: 收到行情, CJ509P9000.CZCE
2025-06-11 13:48:48.959 | INFO | SimpleStrategy | combined: 收到行情, CJ509P9100.CZCE
2025-06-11 13:48:48.959 | INFO | SimpleStrategy | combined: 收到行情, CJ509P9100.CZCE
2025-06-11 13:48:48.959 | INFO | SimpleStrategy | combined: 收到行情, CJ509P9200.CZCE
2025-06-11 13:48:48.959 | INFO | SimpleStrategy | combined: 收到行情, CJ509P9200.CZCE
2025-06-11 13:48:48.959 | INFO | SimpleStrategy | combined: 收到行情, CJ509P9300.CZCE
2025-06-11 13:48:48.959 | INFO | SimpleStrategy | combined: 收到行情, CJ509P9300.CZCE
2025-06-11 13:48:48.959 | INFO | SimpleStrategy | combined: 收到行情, CJ509P9400.CZCE
2025-06-11 13:48:48.959 | INFO | SimpleStrategy | combined: 收到行情, CJ509P9400.CZCE
2025-06-11 13:48:48.960 | INFO | SimpleStrategy | combined: 收到行情, CJ509P9500.CZCE
2025-06-11 13:48:48.960 | INFO | SimpleStrategy | combined: 收到行情, CJ509P9500.CZCE
2025-06-11 13:48:48.960 | INFO | SimpleStrategy | combined: 收到行情, CJ509P9600.CZCE
2025-06-11 13:48:48.960 | INFO | SimpleStrategy | combined: 收到行情, CJ509P9600.CZCE
2025-06-11 13:48:48.960 | INFO | SimpleStrategy | combined: 收到行情, CJ509P9700.CZCE
2025-06-11 13:48:48.960 | INFO | SimpleStrategy | combined: 收到行情, CJ509P9700.CZCE
2025-06-11 13:48:48.960 | INFO | SimpleStrategy | combined: 收到行情, CJ509P9800.CZCE
2025-06-11 13:48:48.960 | INFO | SimpleStrategy | combined: 收到行情, CJ509P9800.CZCE
2025-06-11 13:48:48.960 | INFO | SimpleStrategy | combined: 收到行情, CJ509P9900.CZCE
2025-06-11 13:48:48.960 | INFO | SimpleStrategy | combined: 收到行情, CJ509P9900.CZCE
2025-06-11 13:48:48.960 | INFO | SimpleStrategy | combined: 收到行情, CJ512C10000.CZCE
2025-06-11 13:48:48.960 | INFO | SimpleStrategy | combined: 收到行情, CJ512C10000.CZCE
2025-06-11 13:48:48.960 | INFO | SimpleStrategy | combined: 收到行情, CJ512C10200.CZCE
2025-06-11 13:48:48.960 | INFO | SimpleStrategy | combined: 收到行情, CJ512C10200.CZCE
2025-06-11 13:48:48.960 | INFO | SimpleStrategy | combined: 收到行情, CJ512C10400.CZCE
2025-06-11 13:48:48.960 | INFO | SimpleStrategy | combined: 收到行情, CJ512C10400.CZCE
2025-06-11 13:48:48.961 | INFO | SimpleStrategy | combined: 收到行情, CJ512C10600.CZCE
2025-06-11 13:48:48.961 | INFO | SimpleStrategy | combined: 收到行情, CJ512C10600.CZCE
2025-06-11 13:48:48.961 | INFO | SimpleStrategy | combined: 收到行情, CJ512C10800.CZCE
2025-06-11 13:48:48.961 | INFO | SimpleStrategy | combined: 收到行情, CJ512C10800.CZCE
2025-06-11 13:48:48.961 | INFO | SimpleStrategy | combined: 收到行情, CJ512C11000.CZCE
2025-06-11 13:48:48.961 | INFO | SimpleStrategy | combined: 收到行情, CJ512C11000.CZCE
2025-06-11 13:48:48.961 | INFO | SimpleStrategy | combined: 收到行情, CJ512C11200.CZCE
2025-06-11 13:48:48.961 | INFO | SimpleStrategy | combined: 收到行情, CJ512C11200.CZCE
2025-06-11 13:48:48.961 | INFO | SimpleStrategy | combined: 收到行情, CJ512C11400.CZCE
2025-06-11 13:48:48.961 | INFO | SimpleStrategy | combined: 收到行情, CJ512C11400.CZCE
2025-06-11 13:48:48.961 | INFO | SimpleStrategy | combined: 收到行情, CJ512C8000.CZCE
2025-06-11 13:48:48.961 | INFO | SimpleStrategy | combined: 收到行情, CJ512C8000.CZCE
2025-06-11 13:48:48.961 | INFO | SimpleStrategy | combined: 收到行情, CJ512C8100.CZCE
2025-06-11 13:48:48.961 | INFO | SimpleStrategy | combined: 收到行情, CJ512C8100.CZCE
2025-06-11 13:48:48.962 | INFO | SimpleStrategy | combined: 收到行情, CJ512C8200.CZCE
2025-06-11 13:48:48.962 | INFO | SimpleStrategy | combined: 收到行情, CJ512C8200.CZCE
2025-06-11 13:48:48.962 | INFO | SimpleStrategy | combined: 收到行情, CJ512C8300.CZCE
2025-06-11 13:48:48.962 | INFO | SimpleStrategy | combined: 收到行情, CJ512C8300.CZCE
2025-06-11 13:48:48.962 | INFO | SimpleStrategy | combined: 收到行情, CJ512C8400.CZCE
2025-06-11 13:48:48.962 | INFO | SimpleStrategy | combined: 收到行情, CJ512C8400.CZCE
2025-06-11 13:48:48.962 | INFO | SimpleStrategy | combined: 收到行情, CJ512C8500.CZCE
2025-06-11 13:48:48.962 | INFO | SimpleStrategy | combined: 收到行情, CJ512C8500.CZCE
2025-06-11 13:48:48.962 | INFO | SimpleStrategy | combined: 收到行情, CJ512C8600.CZCE
2025-06-11 13:48:48.962 | INFO | SimpleStrategy | combined: 收到行情, CJ512C8600.CZCE
2025-06-11 13:48:48.962 | INFO | SimpleStrategy | combined: 收到行情, CJ512C8700.CZCE
2025-06-11 13:48:48.963 | INFO | SimpleStrategy | combined: 收到行情, CJ512C8700.CZCE
2025-06-11 13:48:48.963 | INFO | SimpleStrategy | combined: 收到行情, CJ512C8800.CZCE
2025-06-11 13:48:48.963 | INFO | SimpleStrategy | combined: 收到行情, CJ512C8800.CZCE
2025-06-11 13:48:48.963 | INFO | SimpleStrategy | combined: 收到行情, CJ512C8900.CZCE
2025-06-11 13:48:48.963 | INFO | SimpleStrategy | combined: 收到行情, CJ512C8900.CZCE
2025-06-11 13:48:48.963 | INFO | SimpleStrategy | combined: 收到行情, CJ512C9000.CZCE
2025-06-11 13:48:48.963 | INFO | SimpleStrategy | combined: 收到行情, CJ512C9000.CZCE
2025-06-11 13:48:48.963 | INFO | SimpleStrategy | combined: 收到行情, CJ512C9100.CZCE
2025-06-11 13:48:48.963 | INFO | SimpleStrategy | combined: 收到行情, CJ512C9100.CZCE
2025-06-11 13:48:48.963 | INFO | SimpleStrategy | combined: 收到行情, CJ512C9200.CZCE
2025-06-11 13:48:48.963 | INFO | SimpleStrategy | combined: 收到行情, CJ512C9200.CZCE
2025-06-11 13:48:48.963 | INFO | SimpleStrategy | combined: 收到行情, CJ512C9300.CZCE
2025-06-11 13:48:48.963 | INFO | SimpleStrategy | combined: 收到行情, CJ512C9300.CZCE
2025-06-11 13:48:48.963 | INFO | SimpleStrategy | combined: 收到行情, CJ512C9400.CZCE
2025-06-11 13:48:48.963 | INFO | SimpleStrategy | combined: 收到行情, CJ512C9400.CZCE
2025-06-11 13:48:48.964 | INFO | SimpleStrategy | combined: 收到行情, CJ512C9500.CZCE
2025-06-11 13:48:48.964 | INFO | SimpleStrategy | combined: 收到行情, CJ512C9500.CZCE
2025-06-11 13:48:48.964 | INFO | SimpleStrategy | combined: 收到行情, CJ512C9600.CZCE
2025-06-11 13:48:48.964 | INFO | SimpleStrategy | combined: 收到行情, CJ512C9600.CZCE
2025-06-11 13:48:48.964 | INFO | SimpleStrategy | combined: 收到行情, CJ512C9700.CZCE
2025-06-11 13:48:48.964 | INFO | SimpleStrategy | combined: 收到行情, CJ512C9700.CZCE
2025-06-11 13:48:48.964 | INFO | SimpleStrategy | combined: 收到行情, CJ512C9800.CZCE
2025-06-11 13:48:48.964 | INFO | SimpleStrategy | combined: 收到行情, CJ512C9800.CZCE
2025-06-11 13:48:48.964 | INFO | SimpleStrategy | combined: 收到行情, CJ512C9900.CZCE
2025-06-11 13:48:48.964 | INFO | SimpleStrategy | combined: 收到行情, CJ512C9900.CZCE
2025-06-11 13:48:48.964 | INFO | SimpleStrategy | combined: 收到行情, CJ512P10000.CZCE
2025-06-11 13:48:48.964 | INFO | SimpleStrategy | combined: 收到行情, CJ512P10000.CZCE
2025-06-11 13:48:48.964 | INFO | SimpleStrategy | combined: 收到行情, CJ512P10200.CZCE
2025-06-11 13:48:48.964 | INFO | SimpleStrategy | combined: 收到行情, CJ512P10200.CZCE
2025-06-11 13:48:48.964 | INFO | SimpleStrategy | combined: 收到行情, CJ512P10400.CZCE
2025-06-11 13:48:48.964 | INFO | SimpleStrategy | combined: 收到行情, CJ512P10400.CZCE
2025-06-11 13:48:48.965 | INFO | SimpleStrategy | combined: 收到行情, CJ512P10600.CZCE
2025-06-11 13:48:48.965 | INFO | SimpleStrategy | combined: 收到行情, CJ512P10600.CZCE
2025-06-11 13:48:48.965 | INFO | SimpleStrategy | combined: 收到行情, CJ512P10800.CZCE
2025-06-11 13:48:48.965 | INFO | SimpleStrategy | combined: 收到行情, CJ512P10800.CZCE
2025-06-11 13:48:48.965 | INFO | SimpleStrategy | combined: 收到行情, CJ512P11000.CZCE
2025-06-11 13:48:48.965 | INFO | SimpleStrategy | combined: 收到行情, CJ512P11000.CZCE
2025-06-11 13:48:48.965 | INFO | SimpleStrategy | combined: 收到行情, CJ512P11200.CZCE
2025-06-11 13:48:48.965 | INFO | SimpleStrategy | combined: 收到行情, CJ512P11200.CZCE
2025-06-11 13:48:48.965 | INFO | SimpleStrategy | combined: 收到行情, CJ512P11400.CZCE
2025-06-11 13:48:48.965 | INFO | SimpleStrategy | combined: 收到行情, CJ512P11400.CZCE
2025-06-11 13:48:48.965 | INFO | SimpleStrategy | combined: 收到行情, CJ512P8000.CZCE
2025-06-11 13:48:48.965 | INFO | SimpleStrategy | combined: 收到行情, CJ512P8000.CZCE
2025-06-11 13:48:48.965 | INFO | SimpleStrategy | combined: 收到行情, CJ512P8100.CZCE
2025-06-11 13:48:48.965 | INFO | SimpleStrategy | combined: 收到行情, CJ512P8100.CZCE
2025-06-11 13:48:48.965 | INFO | SimpleStrategy | combined: 收到行情, CJ512P8200.CZCE
2025-06-11 13:48:48.966 | INFO | SimpleStrategy | combined: 收到行情, CJ512P8200.CZCE
2025-06-11 13:48:48.966 | INFO | SimpleStrategy | combined: 收到行情, CJ512P8300.CZCE
2025-06-11 13:48:48.966 | INFO | SimpleStrategy | combined: 收到行情, CJ512P8300.CZCE
2025-06-11 13:48:48.966 | INFO | SimpleStrategy | combined: 收到行情, CJ512P8400.CZCE
2025-06-11 13:48:48.966 | INFO | SimpleStrategy | combined: 收到行情, CJ512P8400.CZCE
2025-06-11 13:48:48.966 | INFO | SimpleStrategy | combined: 收到行情, CJ512P8500.CZCE
2025-06-11 13:48:48.966 | INFO | SimpleStrategy | combined: 收到行情, CJ512P8500.CZCE
2025-06-11 13:48:48.966 | INFO | SimpleStrategy | combined: 收到行情, CJ512P8600.CZCE
2025-06-11 13:48:48.966 | INFO | SimpleStrategy | combined: 收到行情, CJ512P8600.CZCE
2025-06-11 13:48:48.966 | INFO | SimpleStrategy | combined: 收到行情, CJ512P8700.CZCE
2025-06-11 13:48:48.966 | INFO | SimpleStrategy | combined: 收到行情, CJ512P8700.CZCE
2025-06-11 13:48:48.966 | INFO | SimpleStrategy | combined: 收到行情, CJ512P8800.CZCE
2025-06-11 13:48:48.966 | INFO | SimpleStrategy | combined: 收到行情, CJ512P8800.CZCE
2025-06-11 13:48:48.966 | INFO | SimpleStrategy | combined: 收到行情, CJ512P8900.CZCE
2025-06-11 13:48:48.966 | INFO | SimpleStrategy | combined: 收到行情, CJ512P8900.CZCE
2025-06-11 13:48:48.967 | INFO | SimpleStrategy | combined: 收到行情, CJ512P9000.CZCE
2025-06-11 13:48:48.967 | INFO | SimpleStrategy | combined: 收到行情, CJ512P9000.CZCE
2025-06-11 13:48:48.967 | INFO | SimpleStrategy | combined: 收到行情, CJ512P9100.CZCE
2025-06-11 13:48:48.967 | INFO | SimpleStrategy | combined: 收到行情, CJ512P9100.CZCE
2025-06-11 13:48:48.967 | INFO | SimpleStrategy | combined: 收到行情, CJ512P9200.CZCE
2025-06-11 13:48:48.967 | INFO | SimpleStrategy | combined: 收到行情, CJ512P9200.CZCE
2025-06-11 13:48:48.967 | INFO | SimpleStrategy | combined: 收到行情, CJ512P9300.CZCE
2025-06-11 13:48:48.967 | INFO | SimpleStrategy | combined: 收到行情, CJ512P9300.CZCE
2025-06-11 13:48:48.967 | INFO | SimpleStrategy | combined: 收到行情, CJ512P9400.CZCE
2025-06-11 13:48:48.967 | INFO | SimpleStrategy | combined: 收到行情, CJ512P9400.CZCE
2025-06-11 13:48:48.967 | INFO | SimpleStrategy | combined: 收到行情, CJ512P9500.CZCE
2025-06-11 13:48:48.968 | INFO | SimpleStrategy | combined: 收到行情, CJ512P9500.CZCE
2025-06-11 13:48:48.968 | INFO | SimpleStrategy | combined: 收到行情, CJ512P9600.CZCE
2025-06-11 13:48:48.968 | INFO | SimpleStrategy | combined: 收到行情, CJ512P9600.CZCE
2025-06-11 13:48:48.968 | INFO | SimpleStrategy | combined: 收到行情, CJ512P9700.CZCE
2025-06-11 13:48:48.968 | INFO | SimpleStrategy | combined: 收到行情, CJ512P9700.CZCE
2025-06-11 13:48:48.968 | INFO | SimpleStrategy | combined: 收到行情, CJ512P9800.CZCE
2025-06-11 13:48:48.968 | INFO | SimpleStrategy | combined: 收到行情, CJ512P9800.CZCE
2025-06-11 13:48:48.968 | INFO | SimpleStrategy | combined: 收到行情, CJ512P9900.CZCE
2025-06-11 13:48:48.968 | INFO | SimpleStrategy | combined: 收到行情, CJ512P9900.CZCE
2025-06-11 13:48:48.968 | INFO | SimpleStrategy | combined: 收到行情, FG507C1000.CZCE
2025-06-11 13:48:48.968 | INFO | SimpleStrategy | combined: 收到行情, FG507C1000.CZCE
2025-06-11 13:48:48.968 | INFO | SimpleStrategy | combined: 收到行情, FG507C1020.CZCE
2025-06-11 13:48:48.968 | INFO | SimpleStrategy | combined: 收到行情, FG507C1020.CZCE
2025-06-11 13:48:48.969 | INFO | SimpleStrategy | combined: 收到行情, FG507C1040.CZCE
2025-06-11 13:48:48.969 | INFO | SimpleStrategy | combined: 收到行情, FG507C1040.CZCE
2025-06-11 13:48:48.969 | INFO | SimpleStrategy | combined: 收到行情, FG507C1060.CZCE
2025-06-11 13:48:48.969 | INFO | SimpleStrategy | combined: 收到行情, FG507C1060.CZCE
2025-06-11 13:48:48.969 | INFO | SimpleStrategy | combined: 收到行情, FG507C1080.CZCE
2025-06-11 13:48:48.969 | INFO | SimpleStrategy | combined: 收到行情, FG507C1080.CZCE
2025-06-11 13:48:48.969 | INFO | SimpleStrategy | combined: 收到行情, FG507C1100.CZCE
2025-06-11 13:48:48.969 | INFO | SimpleStrategy | combined: 收到行情, FG507C1100.CZCE
2025-06-11 13:48:48.969 | INFO | SimpleStrategy | combined: 收到行情, FG507C1120.CZCE
2025-06-11 13:48:48.969 | INFO | SimpleStrategy | combined: 收到行情, FG507C1120.CZCE
2025-06-11 13:48:48.969 | INFO | SimpleStrategy | combined: 收到行情, FG507C1140.CZCE
2025-06-11 13:48:48.969 | INFO | SimpleStrategy | combined: 收到行情, FG507C1140.CZCE
2025-06-11 13:48:48.969 | INFO | SimpleStrategy | combined: 收到行情, FG507C1160.CZCE
2025-06-11 13:48:48.969 | INFO | SimpleStrategy | combined: 收到行情, FG507C1160.CZCE
2025-06-11 13:48:48.969 | INFO | SimpleStrategy | combined: 收到行情, FG507C1180.CZCE
2025-06-11 13:48:48.970 | INFO | SimpleStrategy | combined: 收到行情, FG507C1180.CZCE
2025-06-11 13:48:48.970 | INFO | SimpleStrategy | combined: 收到行情, FG507C1200.CZCE
2025-06-11 13:48:48.970 | INFO | SimpleStrategy | combined: 收到行情, FG507C1200.CZCE
2025-06-11 13:48:48.970 | INFO | SimpleStrategy | combined: 收到行情, FG507C1220.CZCE
2025-06-11 13:48:48.970 | INFO | SimpleStrategy | combined: 收到行情, FG507C1220.CZCE
2025-06-11 13:48:48.970 | INFO | SimpleStrategy | combined: 收到行情, FG507C1240.CZCE
2025-06-11 13:48:48.970 | INFO | SimpleStrategy | combined: 收到行情, FG507C1240.CZCE
2025-06-11 13:48:48.970 | INFO | SimpleStrategy | combined: 收到行情, FG507C1260.CZCE
2025-06-11 13:48:48.970 | INFO | SimpleStrategy | combined: 收到行情, FG507C1260.CZCE
2025-06-11 13:48:48.970 | INFO | SimpleStrategy | combined: 收到行情, FG507C1280.CZCE
2025-06-11 13:48:48.971 | INFO | SimpleStrategy | combined: 收到行情, FG507C1280.CZCE
2025-06-11 13:48:48.971 | INFO | SimpleStrategy | combined: 收到行情, FG507C1300.CZCE
2025-06-11 13:48:48.971 | INFO | SimpleStrategy | combined: 收到行情, FG507C1300.CZCE
2025-06-11 13:48:48.971 | INFO | SimpleStrategy | combined: 收到行情, FG507C1320.CZCE
2025-06-11 13:48:48.971 | INFO | SimpleStrategy | combined: 收到行情, FG507C1320.CZCE
2025-06-11 13:48:48.971 | INFO | SimpleStrategy | combined: 收到行情, FG507C1340.CZCE
2025-06-11 13:48:48.971 | INFO | SimpleStrategy | combined: 收到行情, FG507C1340.CZCE
2025-06-11 13:48:48.971 | INFO | SimpleStrategy | combined: 收到行情, FG507C1360.CZCE
2025-06-11 13:48:48.971 | INFO | SimpleStrategy | combined: 收到行情, FG507C1360.CZCE
2025-06-11 13:48:48.971 | INFO | SimpleStrategy | combined: 收到行情, FG507C1380.CZCE
2025-06-11 13:48:48.971 | INFO | SimpleStrategy | combined: 收到行情, FG507C1380.CZCE
2025-06-11 13:48:48.971 | INFO | SimpleStrategy | combined: 收到行情, FG507C1400.CZCE
2025-06-11 13:48:48.972 | INFO | SimpleStrategy | combined: 收到行情, FG507C1400.CZCE
2025-06-11 13:48:48.972 | INFO | SimpleStrategy | combined: 收到行情, FG507C1420.CZCE
2025-06-11 13:48:48.972 | INFO | SimpleStrategy | combined: 收到行情, FG507C1420.CZCE
2025-06-11 13:48:48.972 | INFO | SimpleStrategy | combined: 收到行情, FG507C820.CZCE
2025-06-11 13:48:48.972 | INFO | SimpleStrategy | combined: 收到行情, FG507C820.CZCE
2025-06-11 13:48:48.972 | INFO | SimpleStrategy | combined: 收到行情, FG507C830.CZCE
2025-06-11 13:48:48.972 | INFO | SimpleStrategy | combined: 收到行情, FG507C830.CZCE
2025-06-11 13:48:48.972 | INFO | SimpleStrategy | combined: 收到行情, FG507C840.CZCE
2025-06-11 13:48:48.972 | INFO | SimpleStrategy | combined: 收到行情, FG507C840.CZCE
2025-06-11 13:48:48.972 | INFO | SimpleStrategy | combined: 收到行情, FG507C850.CZCE
2025-06-11 13:48:48.972 | INFO | SimpleStrategy | combined: 收到行情, FG507C850.CZCE
2025-06-11 13:48:48.972 | INFO | SimpleStrategy | combined: 收到行情, FG507C860.CZCE
2025-06-11 13:48:48.973 | INFO | SimpleStrategy | combined: 收到行情, FG507C860.CZCE
2025-06-11 13:48:48.973 | INFO | SimpleStrategy | combined: 收到行情, FG507C870.CZCE
2025-06-11 13:48:48.973 | INFO | SimpleStrategy | combined: 收到行情, FG507C870.CZCE
2025-06-11 13:48:48.973 | INFO | SimpleStrategy | combined: 收到行情, FG507C880.CZCE
2025-06-11 13:48:48.973 | INFO | SimpleStrategy | combined: 收到行情, FG507C880.CZCE
2025-06-11 13:48:48.973 | INFO | SimpleStrategy | combined: 收到行情, FG507C890.CZCE
2025-06-11 13:48:48.973 | INFO | SimpleStrategy | combined: 收到行情, FG507C890.CZCE
2025-06-11 13:48:48.973 | INFO | SimpleStrategy | combined: 收到行情, FG507C900.CZCE
2025-06-11 13:48:48.973 | INFO | SimpleStrategy | combined: 收到行情, FG507C900.CZCE
2025-06-11 13:48:48.973 | INFO | SimpleStrategy | combined: 收到行情, FG507C910.CZCE
2025-06-11 13:48:48.973 | INFO | SimpleStrategy | combined: 收到行情, FG507C910.CZCE
2025-06-11 13:48:48.973 | INFO | SimpleStrategy | combined: 收到行情, FG507C920.CZCE
2025-06-11 13:48:48.973 | INFO | SimpleStrategy | combined: 收到行情, FG507C920.CZCE
2025-06-11 13:48:48.973 | INFO | SimpleStrategy | combined: 收到行情, FG507C930.CZCE
2025-06-11 13:48:48.973 | INFO | SimpleStrategy | combined: 收到行情, FG507C930.CZCE
2025-06-11 13:48:48.974 | INFO | SimpleStrategy | combined: 收到行情, FG507C940.CZCE
2025-06-11 13:48:48.974 | INFO | SimpleStrategy | combined: 收到行情, FG507C940.CZCE
2025-06-11 13:48:48.974 | INFO | SimpleStrategy | combined: 收到行情, FG507C950.CZCE
2025-06-11 13:48:48.974 | INFO | SimpleStrategy | combined: 收到行情, FG507C950.CZCE
2025-06-11 13:48:48.974 | INFO | SimpleStrategy | combined: 收到行情, FG507C960.CZCE
2025-06-11 13:48:48.974 | INFO | SimpleStrategy | combined: 收到行情, FG507C960.CZCE
2025-06-11 13:48:48.974 | INFO | SimpleStrategy | combined: 收到行情, FG507C970.CZCE
2025-06-11 13:48:48.974 | INFO | SimpleStrategy | combined: 收到行情, FG507C970.CZCE
2025-06-11 13:48:48.974 | INFO | SimpleStrategy | combined: 收到行情, FG507C980.CZCE
2025-06-11 13:48:48.974 | INFO | SimpleStrategy | combined: 收到行情, FG507C980.CZCE
2025-06-11 13:48:48.974 | INFO | SimpleStrategy | combined: 收到行情, FG507C990.CZCE
2025-06-11 13:48:48.974 | INFO | SimpleStrategy | combined: 收到行情, FG507C990.CZCE
2025-06-11 13:48:48.974 | INFO | SimpleStrategy | combined: 收到行情, FG507P1000.CZCE
2025-06-11 13:48:48.974 | INFO | SimpleStrategy | combined: 收到行情, FG507P1000.CZCE
2025-06-11 13:48:48.974 | INFO | SimpleStrategy | combined: 收到行情, FG507P1020.CZCE
2025-06-11 13:48:48.975 | INFO | SimpleStrategy | combined: 收到行情, FG507P1020.CZCE
2025-06-11 13:48:48.975 | INFO | SimpleStrategy | combined: 收到行情, FG507P1040.CZCE
2025-06-11 13:48:48.975 | INFO | SimpleStrategy | combined: 收到行情, FG507P1040.CZCE
2025-06-11 13:48:48.975 | INFO | SimpleStrategy | combined: 收到行情, FG507P1060.CZCE
2025-06-11 13:48:48.975 | INFO | SimpleStrategy | combined: 收到行情, FG507P1060.CZCE
2025-06-11 13:48:48.975 | INFO | SimpleStrategy | combined: 收到行情, FG507P1080.CZCE
2025-06-11 13:48:48.975 | INFO | SimpleStrategy | combined: 收到行情, FG507P1080.CZCE
2025-06-11 13:48:48.975 | INFO | SimpleStrategy | combined: 收到行情, FG507P1100.CZCE
2025-06-11 13:48:48.975 | INFO | SimpleStrategy | combined: 收到行情, FG507P1100.CZCE
2025-06-11 13:48:48.975 | INFO | SimpleStrategy | combined: 收到行情, FG507P1120.CZCE
2025-06-11 13:48:48.975 | INFO | SimpleStrategy | combined: 收到行情, FG507P1120.CZCE
2025-06-11 13:48:48.975 | INFO | SimpleStrategy | combined: 收到行情, FG507P1140.CZCE
2025-06-11 13:48:48.975 | INFO | SimpleStrategy | combined: 收到行情, FG507P1140.CZCE
2025-06-11 13:48:48.975 | INFO | SimpleStrategy | combined: 收到行情, FG507P1160.CZCE
2025-06-11 13:48:48.975 | INFO | SimpleStrategy | combined: 收到行情, FG507P1160.CZCE
2025-06-11 13:48:48.976 | INFO | SimpleStrategy | combined: 收到行情, FG507P1180.CZCE
2025-06-11 13:48:48.976 | INFO | SimpleStrategy | combined: 收到行情, FG507P1180.CZCE
2025-06-11 13:48:48.977 | INFO | SimpleStrategy | combined: 收到行情, FG507P1200.CZCE
2025-06-11 13:48:48.977 | INFO | SimpleStrategy | combined: 收到行情, FG507P1200.CZCE
2025-06-11 13:48:48.977 | INFO | SimpleStrategy | combined: 收到行情, FG507P1220.CZCE
2025-06-11 13:48:48.977 | INFO | SimpleStrategy | combined: 收到行情, FG507P1220.CZCE
2025-06-11 13:48:48.977 | INFO | SimpleStrategy | combined: 收到行情, FG507P1240.CZCE
2025-06-11 13:48:48.977 | INFO | SimpleStrategy | combined: 收到行情, FG507P1240.CZCE
2025-06-11 13:48:48.977 | INFO | SimpleStrategy | combined: 收到行情, FG507P1260.CZCE
2025-06-11 13:48:48.977 | INFO | SimpleStrategy | combined: 收到行情, FG507P1260.CZCE
2025-06-11 13:48:48.977 | INFO | SimpleStrategy | combined: 收到行情, FG507P1280.CZCE
2025-06-11 13:48:48.977 | INFO | SimpleStrategy | combined: 收到行情, FG507P1280.CZCE
2025-06-11 13:48:48.978 | INFO | SimpleStrategy | combined: 收到行情, FG507P1300.CZCE
2025-06-11 13:48:48.978 | INFO | SimpleStrategy | combined: 收到行情, FG507P1300.CZCE
2025-06-11 13:48:48.978 | INFO | SimpleStrategy | combined: 收到行情, FG507P1320.CZCE
2025-06-11 13:48:48.978 | INFO | SimpleStrategy | combined: 收到行情, FG507P1320.CZCE
2025-06-11 13:48:48.978 | INFO | SimpleStrategy | combined: 收到行情, FG507P1340.CZCE
2025-06-11 13:48:48.978 | INFO | SimpleStrategy | combined: 收到行情, FG507P1340.CZCE
2025-06-11 13:48:48.978 | INFO | SimpleStrategy | combined: 收到行情, FG507P1360.CZCE
2025-06-11 13:48:48.978 | INFO | SimpleStrategy | combined: 收到行情, FG507P1360.CZCE
2025-06-11 13:48:48.978 | INFO | SimpleStrategy | combined: 收到行情, FG507P1380.CZCE
2025-06-11 13:48:48.978 | INFO | SimpleStrategy | combined: 收到行情, FG507P1380.CZCE
2025-06-11 13:48:48.978 | INFO | SimpleStrategy | combined: 收到行情, FG507P1400.CZCE
2025-06-11 13:48:48.978 | INFO | SimpleStrategy | combined: 收到行情, FG507P1400.CZCE
2025-06-11 13:48:48.979 | INFO | SimpleStrategy | combined: 收到行情, FG507P1420.CZCE
2025-06-11 13:48:48.979 | INFO | SimpleStrategy | combined: 收到行情, FG507P1420.CZCE
2025-06-11 13:48:48.979 | INFO | SimpleStrategy | combined: 收到行情, FG507P820.CZCE
2025-06-11 13:48:48.979 | INFO | SimpleStrategy | combined: 收到行情, FG507P820.CZCE
2025-06-11 13:48:48.979 | INFO | SimpleStrategy | combined: 收到行情, FG507P830.CZCE
2025-06-11 13:48:48.979 | INFO | SimpleStrategy | combined: 收到行情, FG507P830.CZCE
2025-06-11 13:48:48.979 | INFO | SimpleStrategy | combined: 收到行情, FG507P840.CZCE
2025-06-11 13:48:48.979 | INFO | SimpleStrategy | combined: 收到行情, FG507P840.CZCE
2025-06-11 13:48:48.979 | INFO | SimpleStrategy | combined: 收到行情, FG507P850.CZCE
2025-06-11 13:48:48.980 | INFO | SimpleStrategy | combined: 收到行情, FG507P850.CZCE
2025-06-11 13:48:48.980 | INFO | SimpleStrategy | combined: 收到行情, FG507P860.CZCE
2025-06-11 13:48:48.980 | INFO | SimpleStrategy | combined: 收到行情, FG507P860.CZCE
2025-06-11 13:48:48.980 | INFO | SimpleStrategy | combined: 收到行情, FG507P870.CZCE
2025-06-11 13:48:48.980 | INFO | SimpleStrategy | combined: 收到行情, FG507P870.CZCE
2025-06-11 13:48:48.980 | INFO | SimpleStrategy | combined: 收到行情, FG507P880.CZCE
2025-06-11 13:48:48.980 | INFO | SimpleStrategy | combined: 收到行情, FG507P880.CZCE
2025-06-11 13:48:48.980 | INFO | SimpleStrategy | combined: 收到行情, FG507P890.CZCE
2025-06-11 13:48:48.980 | INFO | SimpleStrategy | combined: 收到行情, FG507P890.CZCE
2025-06-11 13:48:48.980 | INFO | SimpleStrategy | combined: 收到行情, FG507P900.CZCE
2025-06-11 13:48:48.980 | INFO | SimpleStrategy | combined: 收到行情, FG507P900.CZCE
2025-06-11 13:48:48.980 | INFO | SimpleStrategy | combined: 收到行情, FG507P910.CZCE
2025-06-11 13:48:48.980 | INFO | SimpleStrategy | combined: 收到行情, FG507P910.CZCE
2025-06-11 13:48:48.980 | INFO | SimpleStrategy | combined: 收到行情, FG507P920.CZCE
2025-06-11 13:48:48.980 | INFO | SimpleStrategy | combined: 收到行情, FG507P920.CZCE
2025-06-11 13:48:48.980 | INFO | SimpleStrategy | combined: 收到行情, FG507P930.CZCE
2025-06-11 13:48:48.980 | INFO | SimpleStrategy | combined: 收到行情, FG507P930.CZCE
2025-06-11 13:48:48.980 | INFO | SimpleStrategy | combined: 收到行情, FG507P940.CZCE
2025-06-11 13:48:48.980 | INFO | SimpleStrategy | combined: 收到行情, FG507P940.CZCE
2025-06-11 13:48:48.980 | INFO | SimpleStrategy | combined: 收到行情, FG507P950.CZCE
2025-06-11 13:48:48.981 | INFO | SimpleStrategy | combined: 收到行情, FG507P950.CZCE
2025-06-11 13:48:48.981 | INFO | SimpleStrategy | combined: 收到行情, FG507P960.CZCE
2025-06-11 13:48:48.981 | INFO | SimpleStrategy | combined: 收到行情, FG507P960.CZCE
2025-06-11 13:48:48.981 | INFO | SimpleStrategy | combined: 收到行情, FG507P970.CZCE
2025-06-11 13:48:48.981 | INFO | SimpleStrategy | combined: 收到行情, FG507P970.CZCE
2025-06-11 13:48:48.981 | INFO | SimpleStrategy | combined: 收到行情, FG507P980.CZCE
2025-06-11 13:48:48.981 | INFO | SimpleStrategy | combined: 收到行情, FG507P980.CZCE
2025-06-11 13:48:48.981 | INFO | SimpleStrategy | combined: 收到行情, FG507P990.CZCE
2025-06-11 13:48:48.981 | INFO | SimpleStrategy | combined: 收到行情, FG507P990.CZCE
2025-06-11 13:48:48.981 | INFO | SimpleStrategy | combined: 收到行情, FG508C1000.CZCE
2025-06-11 13:48:48.981 | INFO | SimpleStrategy | combined: 收到行情, FG508C1000.CZCE
2025-06-11 13:48:48.981 | INFO | SimpleStrategy | combined: 收到行情, FG508C1020.CZCE
2025-06-11 13:48:48.982 | INFO | SimpleStrategy | combined: 收到行情, FG508C1020.CZCE
2025-06-11 13:48:48.982 | INFO | SimpleStrategy | combined: 收到行情, FG508C1040.CZCE
2025-06-11 13:48:48.982 | INFO | SimpleStrategy | combined: 收到行情, FG508C1040.CZCE
2025-06-11 13:48:48.982 | INFO | SimpleStrategy | combined: 收到行情, FG508C1060.CZCE
2025-06-11 13:48:48.982 | INFO | SimpleStrategy | combined: 收到行情, FG508C1060.CZCE
2025-06-11 13:48:48.982 | INFO | SimpleStrategy | combined: 收到行情, FG508C1080.CZCE
2025-06-11 13:48:48.982 | INFO | SimpleStrategy | combined: 收到行情, FG508C1080.CZCE
2025-06-11 13:48:48.983 | INFO | SimpleStrategy | combined: 收到行情, FG508C1100.CZCE
2025-06-11 13:48:48.983 | INFO | SimpleStrategy | combined: 收到行情, FG508C1100.CZCE
2025-06-11 13:48:48.983 | INFO | SimpleStrategy | combined: 收到行情, FG508C1120.CZCE
2025-06-11 13:48:48.983 | INFO | SimpleStrategy | combined: 收到行情, FG508C1120.CZCE
2025-06-11 13:48:48.983 | INFO | SimpleStrategy | combined: 收到行情, FG508C1140.CZCE
2025-06-11 13:48:48.983 | INFO | SimpleStrategy | combined: 收到行情, FG508C1140.CZCE
2025-06-11 13:48:48.983 | INFO | SimpleStrategy | combined: 收到行情, FG508C1160.CZCE
2025-06-11 13:48:48.983 | INFO | SimpleStrategy | combined: 收到行情, FG508C1160.CZCE
2025-06-11 13:48:48.983 | INFO | SimpleStrategy | combined: 收到行情, FG508C1180.CZCE
2025-06-11 13:48:48.983 | INFO | SimpleStrategy | combined: 收到行情, FG508C1180.CZCE
2025-06-11 13:48:48.983 | INFO | SimpleStrategy | combined: 收到行情, FG508C1200.CZCE
2025-06-11 13:48:48.983 | INFO | SimpleStrategy | combined: 收到行情, FG508C1200.CZCE
2025-06-11 13:48:48.983 | INFO | SimpleStrategy | combined: 收到行情, FG508C1220.CZCE
2025-06-11 13:48:48.983 | INFO | SimpleStrategy | combined: 收到行情, FG508C1220.CZCE
2025-06-11 13:48:48.983 | INFO | SimpleStrategy | combined: 收到行情, FG508C1240.CZCE
2025-06-11 13:48:48.983 | INFO | SimpleStrategy | combined: 收到行情, FG508C1240.CZCE
2025-06-11 13:48:48.983 | INFO | SimpleStrategy | combined: 收到行情, FG508C1260.CZCE
2025-06-11 13:48:48.983 | INFO | SimpleStrategy | combined: 收到行情, FG508C1260.CZCE
2025-06-11 13:48:48.983 | INFO | SimpleStrategy | combined: 收到行情, FG508C1280.CZCE
2025-06-11 13:48:48.983 | INFO | SimpleStrategy | combined: 收到行情, FG508C1280.CZCE
2025-06-11 13:48:48.984 | INFO | SimpleStrategy | combined: 收到行情, FG508C1300.CZCE
2025-06-11 13:48:48.984 | INFO | SimpleStrategy | combined: 收到行情, FG508C1300.CZCE
2025-06-11 13:48:48.984 | INFO | SimpleStrategy | combined: 收到行情, FG508C1320.CZCE
2025-06-11 13:48:48.984 | INFO | SimpleStrategy | combined: 收到行情, FG508C1320.CZCE
2025-06-11 13:48:48.984 | INFO | SimpleStrategy | combined: 收到行情, FG508C1340.CZCE
2025-06-11 13:48:48.984 | INFO | SimpleStrategy | combined: 收到行情, FG508C1340.CZCE
2025-06-11 13:48:48.984 | INFO | SimpleStrategy | combined: 收到行情, FG508C1360.CZCE
2025-06-11 13:48:48.984 | INFO | SimpleStrategy | combined: 收到行情, FG508C1360.CZCE
2025-06-11 13:48:48.984 | INFO | SimpleStrategy | combined: 收到行情, FG508C1380.CZCE
2025-06-11 13:48:48.984 | INFO | SimpleStrategy | combined: 收到行情, FG508C1380.CZCE
2025-06-11 13:48:48.984 | INFO | SimpleStrategy | combined: 收到行情, FG508C1400.CZCE
2025-06-11 13:48:48.984 | INFO | SimpleStrategy | combined: 收到行情, FG508C1400.CZCE
2025-06-11 13:48:48.984 | INFO | SimpleStrategy | combined: 收到行情, FG508C1420.CZCE
2025-06-11 13:48:48.984 | INFO | SimpleStrategy | combined: 收到行情, FG508C1420.CZCE
2025-06-11 13:48:48.984 | INFO | SimpleStrategy | combined: 收到行情, FG508C1440.CZCE
2025-06-11 13:48:48.984 | INFO | SimpleStrategy | combined: 收到行情, FG508C1440.CZCE
2025-06-11 13:48:48.985 | INFO | SimpleStrategy | combined: 收到行情, FG508C1460.CZCE
2025-06-11 13:48:48.985 | INFO | SimpleStrategy | combined: 收到行情, FG508C1460.CZCE
2025-06-11 13:48:48.985 | INFO | SimpleStrategy | combined: 收到行情, FG508C1480.CZCE
2025-06-11 13:48:48.985 | INFO | SimpleStrategy | combined: 收到行情, FG508C1480.CZCE
2025-06-11 13:48:48.985 | INFO | SimpleStrategy | combined: 收到行情, FG508C1500.CZCE
2025-06-11 13:48:48.985 | INFO | SimpleStrategy | combined: 收到行情, FG508C1500.CZCE
2025-06-11 13:48:48.985 | INFO | SimpleStrategy | combined: 收到行情, FG508C1520.CZCE
2025-06-11 13:48:48.986 | INFO | SimpleStrategy | combined: 收到行情, FG508C1520.CZCE
2025-06-11 13:48:48.986 | INFO | SimpleStrategy | combined: 收到行情, FG508C1540.CZCE
2025-06-11 13:48:48.986 | INFO | SimpleStrategy | combined: 收到行情, FG508C1540.CZCE
2025-06-11 13:48:48.986 | INFO | SimpleStrategy | combined: 收到行情, FG508C1560.CZCE
2025-06-11 13:48:48.986 | INFO | SimpleStrategy | combined: 收到行情, FG508C1560.CZCE
2025-06-11 13:48:48.986 | INFO | SimpleStrategy | combined: 收到行情, FG508C1580.CZCE
2025-06-11 13:48:48.986 | INFO | SimpleStrategy | combined: 收到行情, FG508C1580.CZCE
2025-06-11 13:48:48.986 | INFO | SimpleStrategy | combined: 收到行情, FG508C1600.CZCE
2025-06-11 13:48:48.986 | INFO | SimpleStrategy | combined: 收到行情, FG508C1600.CZCE
2025-06-11 13:48:48.986 | INFO | SimpleStrategy | combined: 收到行情, FG508C1620.CZCE
2025-06-11 13:48:48.986 | INFO | SimpleStrategy | combined: 收到行情, FG508C1620.CZCE
2025-06-11 13:48:48.986 | INFO | SimpleStrategy | combined: 收到行情, FG508C850.CZCE
2025-06-11 13:48:48.986 | INFO | SimpleStrategy | combined: 收到行情, FG508C850.CZCE
2025-06-11 13:48:48.986 | INFO | SimpleStrategy | combined: 收到行情, FG508C860.CZCE
2025-06-11 13:48:48.986 | INFO | SimpleStrategy | combined: 收到行情, FG508C860.CZCE
2025-06-11 13:48:48.987 | INFO | SimpleStrategy | combined: 收到行情, FG508C870.CZCE
2025-06-11 13:48:48.987 | INFO | SimpleStrategy | combined: 收到行情, FG508C870.CZCE
2025-06-11 13:48:48.987 | INFO | SimpleStrategy | combined: 收到行情, FG508C880.CZCE
2025-06-11 13:48:48.987 | INFO | SimpleStrategy | combined: 收到行情, FG508C880.CZCE
2025-06-11 13:48:48.987 | INFO | SimpleStrategy | combined: 收到行情, FG508C890.CZCE
2025-06-11 13:48:48.987 | INFO | SimpleStrategy | combined: 收到行情, FG508C890.CZCE
2025-06-11 13:48:48.987 | INFO | SimpleStrategy | combined: 收到行情, FG508C900.CZCE
2025-06-11 13:48:48.987 | INFO | SimpleStrategy | combined: 收到行情, FG508C900.CZCE
2025-06-11 13:48:48.987 | INFO | SimpleStrategy | combined: 收到行情, FG508C910.CZCE
2025-06-11 13:48:48.988 | INFO | SimpleStrategy | combined: 收到行情, FG508C910.CZCE
2025-06-11 13:48:48.988 | INFO | SimpleStrategy | combined: 收到行情, FG508C920.CZCE
2025-06-11 13:48:48.988 | INFO | SimpleStrategy | combined: 收到行情, FG508C920.CZCE
2025-06-11 13:48:48.988 | INFO | SimpleStrategy | combined: 收到行情, FG508C930.CZCE
2025-06-11 13:48:48.988 | INFO | SimpleStrategy | combined: 收到行情, FG508C930.CZCE
2025-06-11 13:48:48.988 | INFO | SimpleStrategy | combined: 收到行情, FG508C940.CZCE
2025-06-11 13:48:48.988 | INFO | SimpleStrategy | combined: 收到行情, FG508C940.CZCE
2025-06-11 13:48:48.988 | INFO | SimpleStrategy | combined: 收到行情, FG508C950.CZCE
2025-06-11 13:48:48.989 | INFO | SimpleStrategy | combined: 收到行情, FG508C950.CZCE
2025-06-11 13:48:48.989 | INFO | SimpleStrategy | combined: 收到行情, FG508C960.CZCE
2025-06-11 13:48:48.989 | INFO | SimpleStrategy | combined: 收到行情, FG508C960.CZCE
2025-06-11 13:48:48.989 | INFO | SimpleStrategy | combined: 收到行情, FG508C970.CZCE
2025-06-11 13:48:48.989 | INFO | SimpleStrategy | combined: 收到行情, FG508C970.CZCE
2025-06-11 13:48:48.989 | INFO | SimpleStrategy | combined: 收到行情, FG508C980.CZCE
2025-06-11 13:48:48.989 | INFO | SimpleStrategy | combined: 收到行情, FG508C980.CZCE
2025-06-11 13:48:48.989 | INFO | SimpleStrategy | combined: 收到行情, FG508C990.CZCE
2025-06-11 13:48:48.989 | INFO | SimpleStrategy | combined: 收到行情, FG508C990.CZCE
2025-06-11 13:48:48.989 | INFO | SimpleStrategy | combined: 收到行情, FG508P1000.CZCE
2025-06-11 13:48:48.989 | INFO | SimpleStrategy | combined: 收到行情, FG508P1000.CZCE
2025-06-11 13:48:48.989 | INFO | SimpleStrategy | combined: 收到行情, FG508P1020.CZCE
2025-06-11 13:48:48.989 | INFO | SimpleStrategy | combined: 收到行情, FG508P1020.CZCE
2025-06-11 13:48:48.989 | INFO | SimpleStrategy | combined: 收到行情, FG508P1040.CZCE
2025-06-11 13:48:48.989 | INFO | SimpleStrategy | combined: 收到行情, FG508P1040.CZCE
2025-06-11 13:48:48.990 | INFO | SimpleStrategy | combined: 收到行情, FG508P1060.CZCE
2025-06-11 13:48:48.990 | INFO | SimpleStrategy | combined: 收到行情, FG508P1060.CZCE
2025-06-11 13:48:48.990 | INFO | SimpleStrategy | combined: 收到行情, FG508P1080.CZCE
2025-06-11 13:48:48.990 | INFO | SimpleStrategy | combined: 收到行情, FG508P1080.CZCE
2025-06-11 13:48:48.990 | INFO | SimpleStrategy | combined: 收到行情, FG508P1100.CZCE
2025-06-11 13:48:48.990 | INFO | SimpleStrategy | combined: 收到行情, FG508P1100.CZCE
2025-06-11 13:48:48.990 | INFO | SimpleStrategy | combined: 收到行情, FG508P1120.CZCE
2025-06-11 13:48:48.990 | INFO | SimpleStrategy | combined: 收到行情, FG508P1120.CZCE
2025-06-11 13:48:48.990 | INFO | SimpleStrategy | combined: 收到行情, FG508P1140.CZCE
2025-06-11 13:48:48.990 | INFO | SimpleStrategy | combined: 收到行情, FG508P1140.CZCE
2025-06-11 13:48:48.990 | INFO | SimpleStrategy | combined: 收到行情, FG508P1160.CZCE
2025-06-11 13:48:48.990 | INFO | SimpleStrategy | combined: 收到行情, FG508P1160.CZCE
2025-06-11 13:48:48.990 | INFO | SimpleStrategy | combined: 收到行情, FG508P1180.CZCE
2025-06-11 13:48:48.990 | INFO | SimpleStrategy | combined: 收到行情, FG508P1180.CZCE
2025-06-11 13:48:48.991 | INFO | SimpleStrategy | combined: 收到行情, FG508P1200.CZCE
2025-06-11 13:48:48.991 | INFO | SimpleStrategy | combined: 收到行情, FG508P1200.CZCE
2025-06-11 13:48:48.991 | INFO | SimpleStrategy | combined: 收到行情, FG508P1220.CZCE
2025-06-11 13:48:48.991 | INFO | SimpleStrategy | combined: 收到行情, FG508P1220.CZCE
2025-06-11 13:48:48.991 | INFO | SimpleStrategy | combined: 收到行情, FG508P1240.CZCE
2025-06-11 13:48:48.991 | INFO | SimpleStrategy | combined: 收到行情, FG508P1240.CZCE
2025-06-11 13:48:48.991 | INFO | SimpleStrategy | combined: 收到行情, FG508P1260.CZCE
2025-06-11 13:48:48.991 | INFO | SimpleStrategy | combined: 收到行情, FG508P1260.CZCE
2025-06-11 13:48:48.991 | INFO | SimpleStrategy | combined: 收到行情, FG508P1280.CZCE
2025-06-11 13:48:48.991 | INFO | SimpleStrategy | combined: 收到行情, FG508P1280.CZCE
2025-06-11 13:48:48.991 | INFO | SimpleStrategy | combined: 收到行情, FG508P1300.CZCE
2025-06-11 13:48:48.991 | INFO | SimpleStrategy | combined: 收到行情, FG508P1300.CZCE
2025-06-11 13:48:48.991 | INFO | SimpleStrategy | combined: 收到行情, FG508P1320.CZCE
2025-06-11 13:48:48.991 | INFO | SimpleStrategy | combined: 收到行情, FG508P1320.CZCE
2025-06-11 13:48:48.991 | INFO | SimpleStrategy | combined: 收到行情, FG508P1340.CZCE
2025-06-11 13:48:48.991 | INFO | SimpleStrategy | combined: 收到行情, FG508P1340.CZCE
2025-06-11 13:48:48.991 | INFO | SimpleStrategy | combined: 收到行情, FG508P1360.CZCE
2025-06-11 13:48:48.991 | INFO | SimpleStrategy | combined: 收到行情, FG508P1360.CZCE
2025-06-11 13:48:48.991 | INFO | SimpleStrategy | combined: 收到行情, FG508P1380.CZCE
2025-06-11 13:48:48.992 | INFO | SimpleStrategy | combined: 收到行情, FG508P1380.CZCE
2025-06-11 13:48:48.992 | INFO | SimpleStrategy | combined: 收到行情, FG508P1400.CZCE
2025-06-11 13:48:48.992 | INFO | SimpleStrategy | combined: 收到行情, FG508P1400.CZCE
2025-06-11 13:48:48.992 | INFO | SimpleStrategy | combined: 收到行情, FG508P1420.CZCE
2025-06-11 13:48:48.992 | INFO | SimpleStrategy | combined: 收到行情, FG508P1420.CZCE
2025-06-11 13:48:48.992 | INFO | SimpleStrategy | combined: 收到行情, FG508P1440.CZCE
2025-06-11 13:48:48.993 | INFO | SimpleStrategy | combined: 收到行情, FG508P1440.CZCE
2025-06-11 13:48:48.993 | INFO | SimpleStrategy | combined: 收到行情, FG508P1460.CZCE
2025-06-11 13:48:48.993 | INFO | SimpleStrategy | combined: 收到行情, FG508P1460.CZCE
2025-06-11 13:48:48.993 | INFO | SimpleStrategy | combined: 收到行情, FG508P1480.CZCE
2025-06-11 13:48:48.993 | INFO | SimpleStrategy | combined: 收到行情, FG508P1480.CZCE
2025-06-11 13:48:48.993 | INFO | SimpleStrategy | combined: 收到行情, FG508P1500.CZCE
2025-06-11 13:48:48.993 | INFO | SimpleStrategy | combined: 收到行情, FG508P1500.CZCE
2025-06-11 13:48:48.993 | INFO | SimpleStrategy | combined: 收到行情, FG508P1520.CZCE
2025-06-11 13:48:48.994 | INFO | SimpleStrategy | combined: 收到行情, FG508P1520.CZCE
2025-06-11 13:48:48.994 | INFO | SimpleStrategy | combined: 收到行情, FG508P1540.CZCE
2025-06-11 13:48:48.994 | INFO | SimpleStrategy | combined: 收到行情, FG508P1540.CZCE
2025-06-11 13:48:48.994 | INFO | SimpleStrategy | combined: 收到行情, FG508P1560.CZCE
2025-06-11 13:48:48.994 | INFO | SimpleStrategy | combined: 收到行情, FG508P1560.CZCE
2025-06-11 13:48:48.994 | INFO | SimpleStrategy | combined: 收到行情, FG508P1580.CZCE
2025-06-11 13:48:48.994 | INFO | SimpleStrategy | combined: 收到行情, FG508P1580.CZCE
2025-06-11 13:48:48.994 | INFO | SimpleStrategy | combined: 收到行情, FG508P1600.CZCE
2025-06-11 13:48:48.994 | INFO | SimpleStrategy | combined: 收到行情, FG508P1600.CZCE
2025-06-11 13:48:48.994 | INFO | SimpleStrategy | combined: 收到行情, FG508P1620.CZCE
2025-06-11 13:48:48.994 | INFO | SimpleStrategy | combined: 收到行情, FG508P1620.CZCE
2025-06-11 13:48:48.994 | INFO | SimpleStrategy | combined: 收到行情, FG508P850.CZCE
2025-06-11 13:48:48.995 | INFO | SimpleStrategy | combined: 收到行情, FG508P850.CZCE
2025-06-11 13:48:48.995 | INFO | SimpleStrategy | combined: 收到行情, FG508P860.CZCE
2025-06-11 13:48:48.995 | INFO | SimpleStrategy | combined: 收到行情, FG508P860.CZCE
2025-06-11 13:48:48.995 | INFO | SimpleStrategy | combined: 收到行情, FG508P870.CZCE
2025-06-11 13:48:48.995 | INFO | SimpleStrategy | combined: 收到行情, FG508P870.CZCE
2025-06-11 13:48:48.995 | INFO | SimpleStrategy | combined: 收到行情, FG508P880.CZCE
2025-06-11 13:48:48.995 | INFO | SimpleStrategy | combined: 收到行情, FG508P880.CZCE
2025-06-11 13:48:48.995 | INFO | SimpleStrategy | combined: 收到行情, FG508P890.CZCE
2025-06-11 13:48:48.995 | INFO | SimpleStrategy | combined: 收到行情, FG508P890.CZCE
2025-06-11 13:48:48.995 | INFO | SimpleStrategy | combined: 收到行情, FG508P900.CZCE
2025-06-11 13:48:48.996 | INFO | SimpleStrategy | combined: 收到行情, FG508P900.CZCE
2025-06-11 13:48:48.996 | INFO | SimpleStrategy | combined: 收到行情, FG508P910.CZCE
2025-06-11 13:48:48.996 | INFO | SimpleStrategy | combined: 收到行情, FG508P910.CZCE
2025-06-11 13:48:48.996 | INFO | SimpleStrategy | combined: 收到行情, FG508P920.CZCE
2025-06-11 13:48:48.996 | INFO | SimpleStrategy | combined: 收到行情, FG508P920.CZCE
2025-06-11 13:48:48.996 | INFO | SimpleStrategy | combined: 收到行情, FG508P930.CZCE
2025-06-11 13:48:48.996 | INFO | SimpleStrategy | combined: 收到行情, FG508P930.CZCE
2025-06-11 13:48:48.996 | INFO | SimpleStrategy | combined: 收到行情, FG508P940.CZCE
2025-06-11 13:48:48.996 | INFO | SimpleStrategy | combined: 收到行情, FG508P940.CZCE
2025-06-11 13:48:48.996 | INFO | SimpleStrategy | combined: 收到行情, FG508P950.CZCE
2025-06-11 13:48:48.996 | INFO | SimpleStrategy | combined: 收到行情, FG508P950.CZCE
2025-06-11 13:48:48.996 | INFO | SimpleStrategy | combined: 收到行情, FG508P960.CZCE
2025-06-11 13:48:48.996 | INFO | SimpleStrategy | combined: 收到行情, FG508P960.CZCE
2025-06-11 13:48:48.996 | INFO | SimpleStrategy | combined: 收到行情, FG508P970.CZCE
2025-06-11 13:48:48.996 | INFO | SimpleStrategy | combined: 收到行情, FG508P970.CZCE
2025-06-11 13:48:48.997 | INFO | SimpleStrategy | combined: 收到行情, FG508P980.CZCE
2025-06-11 13:48:48.997 | INFO | SimpleStrategy | combined: 收到行情, FG508P980.CZCE
2025-06-11 13:48:48.997 | INFO | SimpleStrategy | combined: 收到行情, FG508P990.CZCE
2025-06-11 13:48:48.997 | INFO | SimpleStrategy | combined: 收到行情, FG508P990.CZCE
2025-06-11 13:48:48.997 | INFO | SimpleStrategy | combined: 收到行情, MA507C1975.CZCE
2025-06-11 13:48:48.997 | INFO | SimpleStrategy | combined: 收到行情, MA507C1975.CZCE
2025-06-11 13:48:48.997 | INFO | SimpleStrategy | combined: 收到行情, MA507C2000.CZCE
2025-06-11 13:48:48.997 | INFO | SimpleStrategy | combined: 收到行情, MA507C2000.CZCE
2025-06-11 13:48:48.997 | INFO | SimpleStrategy | combined: 收到行情, MA507C2025.CZCE
2025-06-11 13:48:48.997 | INFO | SimpleStrategy | combined: 收到行情, MA507C2025.CZCE
2025-06-11 13:48:48.997 | INFO | SimpleStrategy | combined: 收到行情, MA507C2050.CZCE
2025-06-11 13:48:48.997 | INFO | SimpleStrategy | combined: 收到行情, MA507C2050.CZCE
2025-06-11 13:48:48.997 | INFO | SimpleStrategy | combined: 收到行情, MA507C2075.CZCE
2025-06-11 13:48:48.997 | INFO | SimpleStrategy | combined: 收到行情, MA507C2075.CZCE
2025-06-11 13:48:48.997 | INFO | SimpleStrategy | combined: 收到行情, MA507C2100.CZCE
2025-06-11 13:48:48.997 | INFO | SimpleStrategy | combined: 收到行情, MA507C2100.CZCE
2025-06-11 13:48:48.997 | INFO | SimpleStrategy | combined: 收到行情, MA507C2125.CZCE
2025-06-11 13:48:48.997 | INFO | SimpleStrategy | combined: 收到行情, MA507C2125.CZCE
2025-06-11 13:48:48.997 | INFO | SimpleStrategy | combined: 收到行情, MA507C2150.CZCE
2025-06-11 13:48:48.997 | INFO | SimpleStrategy | combined: 收到行情, MA507C2150.CZCE
2025-06-11 13:48:48.997 | INFO | SimpleStrategy | combined: 收到行情, MA507C2175.CZCE
2025-06-11 13:48:48.998 | INFO | SimpleStrategy | combined: 收到行情, MA507C2175.CZCE
2025-06-11 13:48:48.998 | INFO | SimpleStrategy | combined: 收到行情, MA507C2200.CZCE
2025-06-11 13:48:48.998 | INFO | SimpleStrategy | combined: 收到行情, MA507C2200.CZCE
2025-06-11 13:48:48.998 | INFO | SimpleStrategy | combined: 收到行情, MA507C2225.CZCE
2025-06-11 13:48:48.998 | INFO | SimpleStrategy | combined: 收到行情, MA507C2225.CZCE
2025-06-11 13:48:48.998 | INFO | SimpleStrategy | combined: 收到行情, MA507C2250.CZCE
2025-06-11 13:48:48.998 | INFO | SimpleStrategy | combined: 收到行情, MA507C2250.CZCE
2025-06-11 13:48:48.998 | INFO | SimpleStrategy | combined: 收到行情, MA507C2275.CZCE
2025-06-11 13:48:48.998 | INFO | SimpleStrategy | combined: 收到行情, MA507C2275.CZCE
2025-06-11 13:48:48.998 | INFO | SimpleStrategy | combined: 收到行情, MA507C2300.CZCE
2025-06-11 13:48:48.998 | INFO | SimpleStrategy | combined: 收到行情, MA507C2300.CZCE
2025-06-11 13:48:48.998 | INFO | SimpleStrategy | combined: 收到行情, MA507C2325.CZCE
2025-06-11 13:48:48.998 | INFO | SimpleStrategy | combined: 收到行情, MA507C2325.CZCE
2025-06-11 13:48:48.998 | INFO | SimpleStrategy | combined: 收到行情, MA507C2350.CZCE
2025-06-11 13:48:48.998 | INFO | SimpleStrategy | combined: 收到行情, MA507C2350.CZCE
2025-06-11 13:48:48.999 | INFO | SimpleStrategy | combined: 收到行情, MA507C2375.CZCE
2025-06-11 13:48:48.999 | INFO | SimpleStrategy | combined: 收到行情, MA507C2375.CZCE
2025-06-11 13:48:48.999 | INFO | SimpleStrategy | combined: 收到行情, MA507C2400.CZCE
2025-06-11 13:48:48.999 | INFO | SimpleStrategy | combined: 收到行情, MA507C2400.CZCE
2025-06-11 13:48:48.999 | INFO | SimpleStrategy | combined: 收到行情, MA507C2425.CZCE
2025-06-11 13:48:49.000 | INFO | SimpleStrategy | combined: 收到行情, MA507C2425.CZCE
2025-06-11 13:48:49.000 | INFO | SimpleStrategy | combined: 收到行情, MA507C2450.CZCE
2025-06-11 13:48:49.000 | INFO | SimpleStrategy | combined: 收到行情, MA507C2450.CZCE
2025-06-11 13:48:49.000 | INFO | SimpleStrategy | combined: 收到行情, MA507C2475.CZCE
2025-06-11 13:48:49.000 | INFO | SimpleStrategy | combined: 收到行情, MA507C2475.CZCE
2025-06-11 13:48:49.000 | INFO | SimpleStrategy | combined: 收到行情, MA507C2500.CZCE
2025-06-11 13:48:49.000 | INFO | SimpleStrategy | combined: 收到行情, MA507C2500.CZCE
2025-06-11 13:48:49.000 | INFO | SimpleStrategy | combined: 收到行情, MA507C2550.CZCE
2025-06-11 13:48:49.000 | INFO | SimpleStrategy | combined: 收到行情, MA507C2550.CZCE
2025-06-11 13:48:49.000 | INFO | SimpleStrategy | combined: 收到行情, MA507C2600.CZCE
2025-06-11 13:48:49.000 | INFO | SimpleStrategy | combined: 收到行情, MA507C2600.CZCE
2025-06-11 13:48:49.000 | INFO | SimpleStrategy | combined: 收到行情, MA507C2650.CZCE
2025-06-11 13:48:49.000 | INFO | SimpleStrategy | combined: 收到行情, MA507C2650.CZCE
2025-06-11 13:48:49.001 | INFO | SimpleStrategy | combined: 收到行情, MA507P1975.CZCE
2025-06-11 13:48:49.001 | INFO | SimpleStrategy | combined: 收到行情, MA507P1975.CZCE
2025-06-11 13:48:49.001 | INFO | SimpleStrategy | combined: 收到行情, MA507P2000.CZCE
2025-06-11 13:48:49.001 | INFO | SimpleStrategy | combined: 收到行情, MA507P2000.CZCE
2025-06-11 13:48:49.001 | INFO | SimpleStrategy | combined: 收到行情, MA507P2025.CZCE
2025-06-11 13:48:49.001 | INFO | SimpleStrategy | combined: 收到行情, MA507P2025.CZCE
2025-06-11 13:48:49.001 | INFO | SimpleStrategy | combined: 收到行情, MA507P2050.CZCE
2025-06-11 13:48:49.001 | INFO | SimpleStrategy | combined: 收到行情, MA507P2050.CZCE
2025-06-11 13:48:49.001 | INFO | SimpleStrategy | combined: 收到行情, MA507P2075.CZCE
2025-06-11 13:48:49.001 | INFO | SimpleStrategy | combined: 收到行情, MA507P2075.CZCE
2025-06-11 13:48:49.001 | INFO | SimpleStrategy | combined: 收到行情, MA507P2100.CZCE
2025-06-11 13:48:49.001 | INFO | SimpleStrategy | combined: 收到行情, MA507P2100.CZCE
2025-06-11 13:48:49.002 | INFO | SimpleStrategy | combined: 收到行情, MA507P2125.CZCE
2025-06-11 13:48:49.002 | INFO | SimpleStrategy | combined: 收到行情, MA507P2125.CZCE
2025-06-11 13:48:49.002 | INFO | SimpleStrategy | combined: 收到行情, MA507P2150.CZCE
2025-06-11 13:48:49.002 | INFO | SimpleStrategy | combined: 收到行情, MA507P2150.CZCE
2025-06-11 13:48:49.002 | INFO | SimpleStrategy | combined: 收到行情, MA507P2175.CZCE
2025-06-11 13:48:49.002 | INFO | SimpleStrategy | combined: 收到行情, MA507P2175.CZCE
2025-06-11 13:48:49.002 | INFO | SimpleStrategy | combined: 收到行情, MA507P2200.CZCE
2025-06-11 13:48:49.002 | INFO | SimpleStrategy | combined: 收到行情, MA507P2200.CZCE
2025-06-11 13:48:49.002 | INFO | SimpleStrategy | combined: 收到行情, MA507P2225.CZCE
2025-06-11 13:48:49.002 | INFO | SimpleStrategy | combined: 收到行情, MA507P2225.CZCE
2025-06-11 13:48:49.002 | INFO | SimpleStrategy | combined: 收到行情, MA507P2250.CZCE
2025-06-11 13:48:49.002 | INFO | SimpleStrategy | combined: 收到行情, MA507P2250.CZCE
2025-06-11 13:48:49.003 | INFO | SimpleStrategy | combined: 收到行情, MA507P2275.CZCE
2025-06-11 13:48:49.003 | INFO | SimpleStrategy | combined: 收到行情, MA507P2275.CZCE
2025-06-11 13:48:49.003 | INFO | SimpleStrategy | combined: 收到行情, MA507P2300.CZCE
2025-06-11 13:48:49.003 | INFO | SimpleStrategy | combined: 收到行情, MA507P2300.CZCE
2025-06-11 13:48:49.003 | INFO | SimpleStrategy | combined: 收到行情, MA507P2325.CZCE
2025-06-11 13:48:49.003 | INFO | SimpleStrategy | combined: 收到行情, MA507P2325.CZCE
2025-06-11 13:48:49.003 | INFO | SimpleStrategy | combined: 收到行情, MA507P2350.CZCE
2025-06-11 13:48:49.003 | INFO | SimpleStrategy | combined: 收到行情, MA507P2350.CZCE
2025-06-11 13:48:49.003 | INFO | SimpleStrategy | combined: 收到行情, MA507P2375.CZCE
2025-06-11 13:48:49.004 | INFO | SimpleStrategy | combined: 收到行情, MA507P2375.CZCE
2025-06-11 13:48:49.004 | INFO | SimpleStrategy | combined: 收到行情, MA507P2400.CZCE
2025-06-11 13:48:49.004 | INFO | SimpleStrategy | combined: 收到行情, MA507P2400.CZCE
2025-06-11 13:48:49.004 | INFO | SimpleStrategy | combined: 收到行情, MA507P2425.CZCE
2025-06-11 13:48:49.004 | INFO | SimpleStrategy | combined: 收到行情, MA507P2425.CZCE
2025-06-11 13:48:49.004 | INFO | SimpleStrategy | combined: 收到行情, MA507P2450.CZCE
2025-06-11 13:48:49.004 | INFO | SimpleStrategy | combined: 收到行情, MA507P2450.CZCE
2025-06-11 13:48:49.004 | INFO | SimpleStrategy | combined: 收到行情, MA507P2475.CZCE
2025-06-11 13:48:49.004 | INFO | SimpleStrategy | combined: 收到行情, MA507P2475.CZCE
2025-06-11 13:48:49.004 | INFO | SimpleStrategy | combined: 收到行情, MA507P2500.CZCE
2025-06-11 13:48:49.004 | INFO | SimpleStrategy | combined: 收到行情, MA507P2500.CZCE
2025-06-11 13:48:49.004 | INFO | SimpleStrategy | combined: 收到行情, MA507P2550.CZCE
2025-06-11 13:48:49.005 | INFO | SimpleStrategy | combined: 收到行情, MA507P2550.CZCE
2025-06-11 13:48:49.005 | INFO | SimpleStrategy | combined: 收到行情, MA507P2600.CZCE
2025-06-11 13:48:49.005 | INFO | SimpleStrategy | combined: 收到行情, MA507P2600.CZCE
2025-06-11 13:48:49.005 | INFO | SimpleStrategy | combined: 收到行情, MA507P2650.CZCE
2025-06-11 13:48:49.005 | INFO | SimpleStrategy | combined: 收到行情, MA507P2650.CZCE
2025-06-11 13:48:49.005 | INFO | SimpleStrategy | combined: 收到行情, MA508C1950.CZCE
2025-06-11 13:48:49.005 | INFO | SimpleStrategy | combined: 收到行情, MA508C1950.CZCE
2025-06-11 13:48:49.005 | INFO | SimpleStrategy | combined: 收到行情, MA508C1975.CZCE
2025-06-11 13:48:49.005 | INFO | SimpleStrategy | combined: 收到行情, MA508C1975.CZCE
2025-06-11 13:48:49.005 | INFO | SimpleStrategy | combined: 收到行情, MA508C2000.CZCE
2025-06-11 13:48:49.005 | INFO | SimpleStrategy | combined: 收到行情, MA508C2000.CZCE
2025-06-11 13:48:49.005 | INFO | SimpleStrategy | combined: 收到行情, MA508C2025.CZCE
2025-06-11 13:48:49.005 | INFO | SimpleStrategy | combined: 收到行情, MA508C2025.CZCE
2025-06-11 13:48:49.005 | INFO | SimpleStrategy | combined: 收到行情, MA508C2050.CZCE
2025-06-11 13:48:49.005 | INFO | SimpleStrategy | combined: 收到行情, MA508C2050.CZCE
2025-06-11 13:48:49.005 | INFO | SimpleStrategy | combined: 收到行情, MA508C2075.CZCE
2025-06-11 13:48:49.005 | INFO | SimpleStrategy | combined: 收到行情, MA508C2075.CZCE
2025-06-11 13:48:49.005 | INFO | SimpleStrategy | combined: 收到行情, MA508C2100.CZCE
2025-06-11 13:48:49.005 | INFO | SimpleStrategy | combined: 收到行情, MA508C2100.CZCE
2025-06-11 13:48:49.005 | INFO | SimpleStrategy | combined: 收到行情, MA508C2125.CZCE
2025-06-11 13:48:49.005 | INFO | SimpleStrategy | combined: 收到行情, MA508C2125.CZCE
2025-06-11 13:48:49.005 | INFO | SimpleStrategy | combined: 收到行情, MA508C2150.CZCE
2025-06-11 13:48:49.006 | INFO | SimpleStrategy | combined: 收到行情, MA508C2150.CZCE
2025-06-11 13:48:49.006 | INFO | SimpleStrategy | combined: 收到行情, MA508C2175.CZCE
2025-06-11 13:48:49.006 | INFO | SimpleStrategy | combined: 收到行情, MA508C2175.CZCE
2025-06-11 13:48:49.006 | INFO | SimpleStrategy | combined: 收到行情, MA508C2200.CZCE
2025-06-11 13:48:49.006 | INFO | SimpleStrategy | combined: 收到行情, MA508C2200.CZCE
2025-06-11 13:48:49.006 | INFO | SimpleStrategy | combined: 收到行情, MA508C2225.CZCE
2025-06-11 13:48:49.006 | INFO | SimpleStrategy | combined: 收到行情, MA508C2225.CZCE
2025-06-11 13:48:49.006 | INFO | SimpleStrategy | combined: 收到行情, MA508C2250.CZCE
2025-06-11 13:48:49.006 | INFO | SimpleStrategy | combined: 收到行情, MA508C2250.CZCE
2025-06-11 13:48:49.006 | INFO | SimpleStrategy | combined: 收到行情, MA508C2275.CZCE
2025-06-11 13:48:49.006 | INFO | SimpleStrategy | combined: 收到行情, MA508C2275.CZCE
2025-06-11 13:48:49.006 | INFO | SimpleStrategy | combined: 收到行情, MA508C2300.CZCE
2025-06-11 13:48:49.006 | INFO | SimpleStrategy | combined: 收到行情, MA508C2300.CZCE
2025-06-11 13:48:49.006 | INFO | SimpleStrategy | combined: 收到行情, MA508C2325.CZCE
2025-06-11 13:48:49.007 | INFO | SimpleStrategy | combined: 收到行情, MA508C2325.CZCE
2025-06-11 13:48:49.008 | INFO | SimpleStrategy | combined: 收到行情, MA508C2350.CZCE
2025-06-11 13:48:49.008 | INFO | SimpleStrategy | combined: 收到行情, MA508C2350.CZCE
2025-06-11 13:48:49.008 | INFO | SimpleStrategy | combined: 收到行情, MA508C2375.CZCE
2025-06-11 13:48:49.008 | INFO | SimpleStrategy | combined: 收到行情, MA508C2375.CZCE
2025-06-11 13:48:49.008 | INFO | SimpleStrategy | combined: 收到行情, MA508C2400.CZCE
2025-06-11 13:48:49.008 | INFO | SimpleStrategy | combined: 收到行情, MA508C2400.CZCE
2025-06-11 13:48:49.008 | INFO | SimpleStrategy | combined: 收到行情, MA508C2425.CZCE
2025-06-11 13:48:49.008 | INFO | SimpleStrategy | combined: 收到行情, MA508C2425.CZCE
2025-06-11 13:48:49.008 | INFO | SimpleStrategy | combined: 收到行情, MA508C2450.CZCE
2025-06-11 13:48:49.008 | INFO | SimpleStrategy | combined: 收到行情, MA508C2450.CZCE
2025-06-11 13:48:49.008 | INFO | SimpleStrategy | combined: 收到行情, MA508C2475.CZCE
2025-06-11 13:48:49.009 | INFO | SimpleStrategy | combined: 收到行情, MA508C2475.CZCE
2025-06-11 13:48:49.009 | INFO | SimpleStrategy | combined: 收到行情, MA508C2500.CZCE
2025-06-11 13:48:49.009 | INFO | SimpleStrategy | combined: 收到行情, MA508C2500.CZCE
2025-06-11 13:48:49.009 | INFO | SimpleStrategy | combined: 收到行情, MA508C2550.CZCE
2025-06-11 13:48:49.009 | INFO | SimpleStrategy | combined: 收到行情, MA508C2550.CZCE
2025-06-11 13:48:49.009 | INFO | SimpleStrategy | combined: 收到行情, MA508C2600.CZCE
2025-06-11 13:48:49.009 | INFO | SimpleStrategy | combined: 收到行情, MA508C2600.CZCE
2025-06-11 13:48:49.015 | INFO | SimpleStrategy | combined: 收到行情, MA508P1950.CZCE
2025-06-11 13:48:49.016 | INFO | SimpleStrategy | combined: 收到行情, MA508P1950.CZCE
2025-06-11 13:48:49.096 | INFO | SimpleStrategy | combined: 收到行情, MA508P1975.CZCE
2025-06-11 13:48:49.096 | INFO | SimpleStrategy | combined: 收到行情, MA508P1975.CZCE
2025-06-11 13:48:49.096 | INFO | SimpleStrategy | combined: 收到行情, MA508P2000.CZCE
2025-06-11 13:48:49.097 | INFO | SimpleStrategy | combined: 收到行情, MA508P2000.CZCE
2025-06-11 13:48:49.097 | INFO | SimpleStrategy | combined: 收到行情, MA508P2025.CZCE
2025-06-11 13:48:49.097 | INFO | SimpleStrategy | combined: 收到行情, MA508P2025.CZCE
2025-06-11 13:48:49.097 | INFO | SimpleStrategy | combined: 收到行情, MA508P2050.CZCE
2025-06-11 13:48:49.097 | INFO | SimpleStrategy | combined: 收到行情, MA508P2050.CZCE
2025-06-11 13:48:49.097 | INFO | SimpleStrategy | combined: 收到行情, MA508P2075.CZCE
2025-06-11 13:48:49.097 | INFO | SimpleStrategy | combined: 收到行情, MA508P2075.CZCE
2025-06-11 13:48:49.097 | INFO | SimpleStrategy | combined: 收到行情, MA508P2100.CZCE
2025-06-11 13:48:49.097 | INFO | SimpleStrategy | combined: 收到行情, MA508P2100.CZCE
2025-06-11 13:48:49.097 | INFO | SimpleStrategy | combined: 收到行情, MA508P2125.CZCE
2025-06-11 13:48:49.098 | INFO | SimpleStrategy | combined: 收到行情, MA508P2125.CZCE
2025-06-11 13:48:49.098 | INFO | SimpleStrategy | combined: 收到行情, MA508P2150.CZCE
2025-06-11 13:48:49.098 | INFO | SimpleStrategy | combined: 收到行情, MA508P2150.CZCE
2025-06-11 13:48:49.098 | INFO | SimpleStrategy | combined: 收到行情, MA508P2175.CZCE
2025-06-11 13:48:49.098 | INFO | SimpleStrategy | combined: 收到行情, MA508P2175.CZCE
2025-06-11 13:48:49.098 | INFO | SimpleStrategy | combined: 收到行情, MA508P2200.CZCE
2025-06-11 13:48:49.098 | INFO | SimpleStrategy | combined: 收到行情, MA508P2200.CZCE
2025-06-11 13:48:49.098 | INFO | SimpleStrategy | combined: 收到行情, MA508P2225.CZCE
2025-06-11 13:48:49.098 | INFO | SimpleStrategy | combined: 收到行情, MA508P2225.CZCE
2025-06-11 13:48:49.098 | INFO | SimpleStrategy | combined: 收到行情, MA508P2250.CZCE
2025-06-11 13:48:49.098 | INFO | SimpleStrategy | combined: 收到行情, MA508P2250.CZCE
2025-06-11 13:48:49.098 | INFO | SimpleStrategy | combined: 收到行情, MA508P2275.CZCE
2025-06-11 13:48:49.098 | INFO | SimpleStrategy | combined: 收到行情, MA508P2275.CZCE
2025-06-11 13:48:49.098 | INFO | SimpleStrategy | combined: 收到行情, MA508P2300.CZCE
2025-06-11 13:48:49.099 | INFO | SimpleStrategy | combined: 收到行情, MA508P2300.CZCE
2025-06-11 13:48:49.099 | INFO | SimpleStrategy | combined: 收到行情, MA508P2325.CZCE
2025-06-11 13:48:49.099 | INFO | SimpleStrategy | combined: 收到行情, MA508P2325.CZCE
2025-06-11 13:48:49.099 | INFO | SimpleStrategy | combined: 收到行情, MA508P2350.CZCE
2025-06-11 13:48:49.099 | INFO | SimpleStrategy | combined: 收到行情, MA508P2350.CZCE
2025-06-11 13:48:49.099 | INFO | SimpleStrategy | combined: 收到行情, MA508P2375.CZCE
2025-06-11 13:48:49.099 | INFO | SimpleStrategy | combined: 收到行情, MA508P2375.CZCE
2025-06-11 13:48:49.099 | INFO | SimpleStrategy | combined: 收到行情, MA508P2400.CZCE
2025-06-11 13:48:49.099 | INFO | SimpleStrategy | combined: 收到行情, MA508P2400.CZCE
2025-06-11 13:48:49.099 | INFO | SimpleStrategy | combined: 收到行情, MA508P2425.CZCE
2025-06-11 13:48:49.099 | INFO | SimpleStrategy | combined: 收到行情, MA508P2425.CZCE
2025-06-11 13:48:49.099 | INFO | SimpleStrategy | combined: 收到行情, MA508P2450.CZCE
2025-06-11 13:48:49.099 | INFO | SimpleStrategy | combined: 收到行情, MA508P2450.CZCE
2025-06-11 13:48:49.099 | INFO | SimpleStrategy | combined: 收到行情, MA508P2475.CZCE
2025-06-11 13:48:49.099 | INFO | SimpleStrategy | combined: 收到行情, MA508P2475.CZCE
2025-06-11 13:48:49.099 | INFO | SimpleStrategy | combined: 收到行情, MA508P2500.CZCE
2025-06-11 13:48:49.099 | INFO | SimpleStrategy | combined: 收到行情, MA508P2500.CZCE
2025-06-11 13:48:49.099 | INFO | SimpleStrategy | combined: 收到行情, MA508P2550.CZCE
2025-06-11 13:48:49.099 | INFO | SimpleStrategy | combined: 收到行情, MA508P2550.CZCE
2025-06-11 13:48:49.099 | INFO | SimpleStrategy | combined: 收到行情, MA508P2600.CZCE
2025-06-11 13:48:49.099 | INFO | SimpleStrategy | combined: 收到行情, MA508P2600.CZCE
2025-06-11 13:48:49.099 | INFO | SimpleStrategy | combined: 收到行情, OI507C10000.CZCE
2025-06-11 13:48:49.099 | INFO | SimpleStrategy | combined: 收到行情, OI507C10000.CZCE
2025-06-11 13:48:49.101 | INFO | SimpleStrategy | combined: 收到行情, OI507C10200.CZCE
2025-06-11 13:48:49.101 | INFO | SimpleStrategy | combined: 收到行情, OI507C10200.CZCE
2025-06-11 13:48:49.101 | INFO | SimpleStrategy | combined: 收到行情, OI507C10400.CZCE
2025-06-11 13:48:49.101 | INFO | SimpleStrategy | combined: 收到行情, OI507C10400.CZCE
2025-06-11 13:48:49.101 | INFO | SimpleStrategy | combined: 收到行情, OI507C10600.CZCE
2025-06-11 13:48:49.101 | INFO | SimpleStrategy | combined: 收到行情, OI507C10600.CZCE
2025-06-11 13:48:49.102 | INFO | SimpleStrategy | combined: 收到行情, OI507C10800.CZCE
2025-06-11 13:48:49.102 | INFO | SimpleStrategy | combined: 收到行情, OI507C10800.CZCE
2025-06-11 13:48:49.102 | INFO | SimpleStrategy | combined: 收到行情, OI507C11000.CZCE
2025-06-11 13:48:49.102 | INFO | SimpleStrategy | combined: 收到行情, OI507C11000.CZCE
2025-06-11 13:48:49.102 | INFO | SimpleStrategy | combined: 收到行情, OI507C7900.CZCE
2025-06-11 13:48:49.102 | INFO | SimpleStrategy | combined: 收到行情, OI507C7900.CZCE
2025-06-11 13:48:49.102 | INFO | SimpleStrategy | combined: 收到行情, OI507C8000.CZCE
2025-06-11 13:48:49.102 | INFO | SimpleStrategy | combined: 收到行情, OI507C8000.CZCE
2025-06-11 13:48:49.102 | INFO | SimpleStrategy | combined: 收到行情, OI507C8100.CZCE
2025-06-11 13:48:49.102 | INFO | SimpleStrategy | combined: 收到行情, OI507C8100.CZCE
2025-06-11 13:48:49.102 | INFO | SimpleStrategy | combined: 收到行情, OI507C8200.CZCE
2025-06-11 13:48:49.102 | INFO | SimpleStrategy | combined: 收到行情, OI507C8200.CZCE
2025-06-11 13:48:49.102 | INFO | SimpleStrategy | combined: 收到行情, OI507C8300.CZCE
2025-06-11 13:48:49.102 | INFO | SimpleStrategy | combined: 收到行情, OI507C8300.CZCE
2025-06-11 13:48:49.102 | INFO | SimpleStrategy | combined: 收到行情, OI507C8400.CZCE
2025-06-11 13:48:49.102 | INFO | SimpleStrategy | combined: 收到行情, OI507C8400.CZCE
2025-06-11 13:48:49.102 | INFO | SimpleStrategy | combined: 收到行情, OI507C8500.CZCE
2025-06-11 13:48:49.103 | INFO | SimpleStrategy | combined: 收到行情, OI507C8500.CZCE
2025-06-11 13:48:49.103 | INFO | SimpleStrategy | combined: 收到行情, OI507C8600.CZCE
2025-06-11 13:48:49.103 | INFO | SimpleStrategy | combined: 收到行情, OI507C8600.CZCE
2025-06-11 13:48:49.103 | INFO | SimpleStrategy | combined: 收到行情, OI507C8700.CZCE
2025-06-11 13:48:49.103 | INFO | SimpleStrategy | combined: 收到行情, OI507C8700.CZCE
2025-06-11 13:48:49.104 | INFO | SimpleStrategy | combined: 收到行情, OI507C8800.CZCE
2025-06-11 13:48:49.110 | INFO | SimpleStrategy | combined: 收到行情, OI507C8800.CZCE
2025-06-11 13:48:49.110 | INFO | SimpleStrategy | combined: 收到行情, OI507C8900.CZCE
2025-06-11 13:48:49.110 | INFO | SimpleStrategy | combined: 收到行情, OI507C8900.CZCE
2025-06-11 13:48:49.110 | INFO | SimpleStrategy | combined: 收到行情, OI507C9000.CZCE
2025-06-11 13:48:49.110 | INFO | SimpleStrategy | combined: 收到行情, OI507C9000.CZCE
2025-06-11 13:48:49.110 | INFO | SimpleStrategy | combined: 收到行情, OI507C9100.CZCE
2025-06-11 13:48:49.110 | INFO | SimpleStrategy | combined: 收到行情, OI507C9100.CZCE
2025-06-11 13:48:49.110 | INFO | SimpleStrategy | combined: 收到行情, OI507C9200.CZCE
2025-06-11 13:48:49.110 | INFO | SimpleStrategy | combined: 收到行情, OI507C9200.CZCE
2025-06-11 13:48:49.111 | INFO | SimpleStrategy | combined: 收到行情, OI507C9300.CZCE
2025-06-11 13:48:49.111 | INFO | SimpleStrategy | combined: 收到行情, OI507C9300.CZCE
2025-06-11 13:48:49.111 | INFO | SimpleStrategy | combined: 收到行情, OI507C9400.CZCE
2025-06-11 13:48:49.111 | INFO | SimpleStrategy | combined: 收到行情, OI507C9400.CZCE
2025-06-11 13:48:49.111 | INFO | SimpleStrategy | combined: 收到行情, OI507C9500.CZCE
2025-06-11 13:48:49.111 | INFO | SimpleStrategy | combined: 收到行情, OI507C9500.CZCE
2025-06-11 13:48:49.111 | INFO | SimpleStrategy | combined: 收到行情, OI507C9600.CZCE
2025-06-11 13:48:49.111 | INFO | SimpleStrategy | combined: 收到行情, OI507C9600.CZCE
2025-06-11 13:48:49.111 | INFO | SimpleStrategy | combined: 收到行情, OI507C9700.CZCE
2025-06-11 13:48:49.111 | INFO | SimpleStrategy | combined: 收到行情, OI507C9700.CZCE
2025-06-11 13:48:49.111 | INFO | SimpleStrategy | combined: 收到行情, OI507C9800.CZCE
2025-06-11 13:48:49.111 | INFO | SimpleStrategy | combined: 收到行情, OI507C9800.CZCE
2025-06-11 13:48:49.111 | INFO | SimpleStrategy | combined: 收到行情, OI507C9900.CZCE
2025-06-11 13:48:49.112 | INFO | SimpleStrategy | combined: 收到行情, OI507C9900.CZCE
2025-06-11 13:48:49.112 | INFO | SimpleStrategy | combined: 收到行情, OI507P10000.CZCE
2025-06-11 13:48:49.112 | INFO | SimpleStrategy | combined: 收到行情, OI507P10000.CZCE
2025-06-11 13:48:49.112 | INFO | SimpleStrategy | combined: 收到行情, OI507P10200.CZCE
2025-06-11 13:48:49.112 | INFO | SimpleStrategy | combined: 收到行情, OI507P10200.CZCE
2025-06-11 13:48:49.112 | INFO | SimpleStrategy | combined: 收到行情, OI507P10400.CZCE
2025-06-11 13:48:49.112 | INFO | SimpleStrategy | combined: 收到行情, OI507P10400.CZCE
2025-06-11 13:48:49.112 | INFO | SimpleStrategy | combined: 收到行情, OI507P10600.CZCE
2025-06-11 13:48:49.112 | INFO | SimpleStrategy | combined: 收到行情, OI507P10600.CZCE
2025-06-11 13:48:49.113 | INFO | SimpleStrategy | combined: 收到行情, OI507P10800.CZCE
2025-06-11 13:48:49.113 | INFO | SimpleStrategy | combined: 收到行情, OI507P10800.CZCE
2025-06-11 13:48:49.113 | INFO | SimpleStrategy | combined: 收到行情, OI507P11000.CZCE
2025-06-11 13:48:49.113 | INFO | SimpleStrategy | combined: 收到行情, OI507P11000.CZCE
2025-06-11 13:48:49.113 | INFO | SimpleStrategy | combined: 收到行情, OI507P7900.CZCE
2025-06-11 13:48:49.113 | INFO | SimpleStrategy | combined: 收到行情, OI507P7900.CZCE
2025-06-11 13:48:49.113 | INFO | SimpleStrategy | combined: 收到行情, OI507P8000.CZCE
2025-06-11 13:48:49.113 | INFO | SimpleStrategy | combined: 收到行情, OI507P8000.CZCE
2025-06-11 13:48:49.113 | INFO | SimpleStrategy | combined: 收到行情, OI507P8100.CZCE
2025-06-11 13:48:49.113 | INFO | SimpleStrategy | combined: 收到行情, OI507P8100.CZCE
2025-06-11 13:48:49.113 | INFO | SimpleStrategy | combined: 收到行情, OI507P8200.CZCE
2025-06-11 13:48:49.113 | INFO | SimpleStrategy | combined: 收到行情, OI507P8200.CZCE
2025-06-11 13:48:49.113 | INFO | SimpleStrategy | combined: 收到行情, OI507P8300.CZCE
2025-06-11 13:48:49.113 | INFO | SimpleStrategy | combined: 收到行情, OI507P8300.CZCE
2025-06-11 13:48:49.113 | INFO | SimpleStrategy | combined: 收到行情, OI507P8400.CZCE
2025-06-11 13:48:49.113 | INFO | SimpleStrategy | combined: 收到行情, OI507P8400.CZCE
2025-06-11 13:48:49.139 | INFO | SimpleStrategy | combined: 收到行情, OI507P8500.CZCE
2025-06-11 13:48:49.139 | INFO | SimpleStrategy | combined: 收到行情, OI507P8500.CZCE
2025-06-11 13:48:49.139 | INFO | SimpleStrategy | combined: 收到行情, OI507P8600.CZCE
2025-06-11 13:48:49.139 | INFO | SimpleStrategy | combined: 收到行情, OI507P8600.CZCE
2025-06-11 13:48:49.139 | INFO | SimpleStrategy | combined: 收到行情, OI507P8700.CZCE
2025-06-11 13:48:49.139 | INFO | SimpleStrategy | combined: 收到行情, OI507P8700.CZCE
2025-06-11 13:48:49.139 | INFO | SimpleStrategy | combined: 收到行情, OI507P8800.CZCE
2025-06-11 13:48:49.139 | INFO | SimpleStrategy | combined: 收到行情, OI507P8800.CZCE
2025-06-11 13:48:49.139 | INFO | SimpleStrategy | combined: 收到行情, OI507P8900.CZCE
2025-06-11 13:48:49.139 | INFO | SimpleStrategy | combined: 收到行情, OI507P8900.CZCE
2025-06-11 13:48:49.140 | INFO | SimpleStrategy | combined: 收到行情, OI507P9000.CZCE
2025-06-11 13:48:49.140 | INFO | SimpleStrategy | combined: 收到行情, OI507P9000.CZCE
2025-06-11 13:48:49.140 | INFO | SimpleStrategy | combined: 收到行情, OI507P9100.CZCE
2025-06-11 13:48:49.140 | INFO | SimpleStrategy | combined: 收到行情, OI507P9100.CZCE
2025-06-11 13:48:49.140 | INFO | SimpleStrategy | combined: 收到行情, OI507P9200.CZCE
2025-06-11 13:48:49.140 | INFO | SimpleStrategy | combined: 收到行情, OI507P9200.CZCE
2025-06-11 13:48:49.140 | INFO | SimpleStrategy | combined: 收到行情, OI507P9300.CZCE
2025-06-11 13:48:49.140 | INFO | SimpleStrategy | combined: 收到行情, OI507P9300.CZCE
2025-06-11 13:48:49.140 | INFO | SimpleStrategy | combined: 收到行情, OI507P9400.CZCE
2025-06-11 13:48:49.140 | INFO | SimpleStrategy | combined: 收到行情, OI507P9400.CZCE
2025-06-11 13:48:49.140 | INFO | SimpleStrategy | combined: 收到行情, OI507P9500.CZCE
2025-06-11 13:48:49.140 | INFO | SimpleStrategy | combined: 收到行情, OI507P9500.CZCE
2025-06-11 13:48:49.141 | INFO | SimpleStrategy | combined: 收到行情, OI507P9600.CZCE
2025-06-11 13:48:49.141 | INFO | SimpleStrategy | combined: 收到行情, OI507P9600.CZCE
2025-06-11 13:48:49.141 | INFO | SimpleStrategy | combined: 收到行情, OI507P9700.CZCE
2025-06-11 13:48:49.141 | INFO | SimpleStrategy | combined: 收到行情, OI507P9700.CZCE
2025-06-11 13:48:49.141 | INFO | SimpleStrategy | combined: 收到行情, OI507P9800.CZCE
2025-06-11 13:48:49.141 | INFO | SimpleStrategy | combined: 收到行情, OI507P9800.CZCE
2025-06-11 13:48:49.141 | INFO | SimpleStrategy | combined: 收到行情, OI507P9900.CZCE
2025-06-11 13:48:49.141 | INFO | SimpleStrategy | combined: 收到行情, OI507P9900.CZCE
2025-06-11 13:48:49.141 | INFO | SimpleStrategy | combined: 收到行情, OI509C10000.CZCE
2025-06-11 13:48:49.141 | INFO | SimpleStrategy | combined: 收到行情, OI509C10000.CZCE
2025-06-11 13:48:49.141 | INFO | SimpleStrategy | combined: 收到行情, OI509C10200.CZCE
2025-06-11 13:48:49.141 | INFO | SimpleStrategy | combined: 收到行情, OI509C10200.CZCE
2025-06-11 13:48:49.141 | INFO | SimpleStrategy | combined: 收到行情, OI509C10400.CZCE
2025-06-11 13:48:49.142 | INFO | SimpleStrategy | combined: 收到行情, OI509C10400.CZCE
2025-06-11 13:48:49.142 | INFO | SimpleStrategy | combined: 收到行情, OI509C10600.CZCE
2025-06-11 13:48:49.142 | INFO | SimpleStrategy | combined: 收到行情, OI509C10600.CZCE
2025-06-11 13:48:49.142 | INFO | SimpleStrategy | combined: 收到行情, OI509C10800.CZCE
2025-06-11 13:48:49.142 | INFO | SimpleStrategy | combined: 收到行情, OI509C10800.CZCE
2025-06-11 13:48:49.142 | INFO | SimpleStrategy | combined: 收到行情, OI509C7300.CZCE
2025-06-11 13:48:49.142 | INFO | SimpleStrategy | combined: 收到行情, OI509C7300.CZCE
2025-06-11 13:48:49.142 | INFO | SimpleStrategy | combined: 收到行情, OI509C7400.CZCE
2025-06-11 13:48:49.142 | INFO | SimpleStrategy | combined: 收到行情, OI509C7400.CZCE
2025-06-11 13:48:49.142 | INFO | SimpleStrategy | combined: 收到行情, OI509C7500.CZCE
2025-06-11 13:48:49.142 | INFO | SimpleStrategy | combined: 收到行情, OI509C7500.CZCE
2025-06-11 13:48:49.142 | INFO | SimpleStrategy | combined: 收到行情, OI509C7600.CZCE
2025-06-11 13:48:49.142 | INFO | SimpleStrategy | combined: 收到行情, OI509C7600.CZCE
2025-06-11 13:48:49.142 | INFO | SimpleStrategy | combined: 收到行情, OI509C7700.CZCE
2025-06-11 13:48:49.143 | INFO | SimpleStrategy | combined: 收到行情, OI509C7700.CZCE
2025-06-11 13:48:49.143 | INFO | SimpleStrategy | combined: 收到行情, OI509C7800.CZCE
2025-06-11 13:48:49.143 | INFO | SimpleStrategy | combined: 收到行情, OI509C7800.CZCE
2025-06-11 13:48:49.143 | INFO | SimpleStrategy | combined: 收到行情, OI509C7900.CZCE
2025-06-11 13:48:49.143 | INFO | SimpleStrategy | combined: 收到行情, OI509C7900.CZCE
2025-06-11 13:48:49.143 | INFO | SimpleStrategy | combined: 收到行情, OI509C8000.CZCE
2025-06-11 13:48:49.143 | INFO | SimpleStrategy | combined: 收到行情, OI509C8000.CZCE
2025-06-11 13:48:49.143 | INFO | SimpleStrategy | combined: 收到行情, OI509C8100.CZCE
2025-06-11 13:48:49.143 | INFO | SimpleStrategy | combined: 收到行情, OI509C8100.CZCE
2025-06-11 13:48:49.143 | INFO | SimpleStrategy | combined: 收到行情, OI509C8200.CZCE
2025-06-11 13:48:49.143 | INFO | SimpleStrategy | combined: 收到行情, OI509C8200.CZCE
2025-06-11 13:48:49.143 | INFO | SimpleStrategy | combined: 收到行情, OI509C8300.CZCE
2025-06-11 13:48:49.143 | INFO | SimpleStrategy | combined: 收到行情, OI509C8300.CZCE
2025-06-11 13:48:49.143 | INFO | SimpleStrategy | combined: 收到行情, OI509C8400.CZCE
2025-06-11 13:48:49.144 | INFO | SimpleStrategy | combined: 收到行情, OI509C8400.CZCE
2025-06-11 13:48:49.144 | INFO | SimpleStrategy | combined: 收到行情, OI509C8500.CZCE
2025-06-11 13:48:49.144 | INFO | SimpleStrategy | combined: 收到行情, OI509C8500.CZCE
2025-06-11 13:48:49.144 | INFO | SimpleStrategy | combined: 收到行情, OI509C8600.CZCE
2025-06-11 13:48:49.144 | INFO | SimpleStrategy | combined: 收到行情, OI509C8600.CZCE
2025-06-11 13:48:49.144 | INFO | SimpleStrategy | combined: 收到行情, OI509C8700.CZCE
2025-06-11 13:48:49.144 | INFO | SimpleStrategy | combined: 收到行情, OI509C8700.CZCE
2025-06-11 13:48:49.144 | INFO | SimpleStrategy | combined: 收到行情, OI509C8800.CZCE
2025-06-11 13:48:49.144 | INFO | SimpleStrategy | combined: 收到行情, OI509C8800.CZCE
2025-06-11 13:48:49.144 | INFO | SimpleStrategy | combined: 收到行情, OI509C8900.CZCE
2025-06-11 13:48:49.145 | INFO | SimpleStrategy | combined: 收到行情, OI509C8900.CZCE
2025-06-11 13:48:49.145 | INFO | SimpleStrategy | combined: 收到行情, OI509C9000.CZCE
2025-06-11 13:48:49.145 | INFO | SimpleStrategy | combined: 收到行情, OI509C9000.CZCE
2025-06-11 13:48:49.145 | INFO | SimpleStrategy | combined: 收到行情, OI509C9100.CZCE
2025-06-11 13:48:49.145 | INFO | SimpleStrategy | combined: 收到行情, OI509C9100.CZCE
2025-06-11 13:48:49.145 | INFO | SimpleStrategy | combined: 收到行情, OI509C9200.CZCE
2025-06-11 13:48:49.145 | INFO | SimpleStrategy | combined: 收到行情, OI509C9200.CZCE
2025-06-11 13:48:49.145 | INFO | SimpleStrategy | combined: 收到行情, OI509C9300.CZCE
2025-06-11 13:48:49.145 | INFO | SimpleStrategy | combined: 收到行情, OI509C9300.CZCE
2025-06-11 13:48:49.145 | INFO | SimpleStrategy | combined: 收到行情, OI509C9400.CZCE
2025-06-11 13:48:49.145 | INFO | SimpleStrategy | combined: 收到行情, OI509C9400.CZCE
2025-06-11 13:48:49.145 | INFO | SimpleStrategy | combined: 收到行情, OI509C9500.CZCE
2025-06-11 13:48:49.146 | INFO | SimpleStrategy | combined: 收到行情, OI509C9500.CZCE
2025-06-11 13:48:49.146 | INFO | SimpleStrategy | combined: 收到行情, OI509C9600.CZCE
2025-06-11 13:48:49.146 | INFO | SimpleStrategy | combined: 收到行情, OI509C9600.CZCE
2025-06-11 13:48:49.146 | INFO | SimpleStrategy | combined: 收到行情, OI509C9700.CZCE
2025-06-11 13:48:49.146 | INFO | SimpleStrategy | combined: 收到行情, OI509C9700.CZCE
2025-06-11 13:48:49.146 | INFO | SimpleStrategy | combined: 收到行情, OI509C9800.CZCE
2025-06-11 13:48:49.146 | INFO | SimpleStrategy | combined: 收到行情, OI509C9800.CZCE
2025-06-11 13:48:49.146 | INFO | SimpleStrategy | combined: 收到行情, OI509C9900.CZCE
2025-06-11 13:48:49.146 | INFO | SimpleStrategy | combined: 收到行情, OI509C9900.CZCE
2025-06-11 13:48:49.146 | INFO | SimpleStrategy | combined: 收到行情, OI509P10000.CZCE
2025-06-11 13:48:49.146 | INFO | SimpleStrategy | combined: 收到行情, OI509P10000.CZCE
2025-06-11 13:48:49.146 | INFO | SimpleStrategy | combined: 收到行情, OI509P10200.CZCE
2025-06-11 13:48:49.146 | INFO | SimpleStrategy | combined: 收到行情, OI509P10200.CZCE
2025-06-11 13:48:49.146 | INFO | SimpleStrategy | combined: 收到行情, OI509P10400.CZCE
2025-06-11 13:48:49.147 | INFO | SimpleStrategy | combined: 收到行情, OI509P10400.CZCE
2025-06-11 13:48:49.147 | INFO | SimpleStrategy | combined: 收到行情, OI509P10600.CZCE
2025-06-11 13:48:49.147 | INFO | SimpleStrategy | combined: 收到行情, OI509P10600.CZCE
2025-06-11 13:48:49.147 | INFO | SimpleStrategy | combined: 收到行情, OI509P10800.CZCE
2025-06-11 13:48:49.147 | INFO | SimpleStrategy | combined: 收到行情, OI509P10800.CZCE
2025-06-11 13:48:49.147 | INFO | SimpleStrategy | combined: 收到行情, OI509P7300.CZCE
2025-06-11 13:48:49.147 | INFO | SimpleStrategy | combined: 收到行情, OI509P7300.CZCE
2025-06-11 13:48:49.147 | INFO | SimpleStrategy | combined: 收到行情, OI509P7400.CZCE
2025-06-11 13:48:49.147 | INFO | SimpleStrategy | combined: 收到行情, OI509P7400.CZCE
2025-06-11 13:48:49.147 | INFO | SimpleStrategy | combined: 收到行情, OI509P7500.CZCE
2025-06-11 13:48:49.147 | INFO | SimpleStrategy | combined: 收到行情, OI509P7500.CZCE
2025-06-11 13:48:49.147 | INFO | SimpleStrategy | combined: 收到行情, OI509P7600.CZCE
2025-06-11 13:48:49.147 | INFO | SimpleStrategy | combined: 收到行情, OI509P7600.CZCE
2025-06-11 13:48:49.147 | INFO | SimpleStrategy | combined: 收到行情, OI509P7700.CZCE
2025-06-11 13:48:49.148 | INFO | SimpleStrategy | combined: 收到行情, OI509P7700.CZCE
2025-06-11 13:48:49.148 | INFO | SimpleStrategy | combined: 收到行情, OI509P7800.CZCE
2025-06-11 13:48:49.148 | INFO | SimpleStrategy | combined: 收到行情, OI509P7800.CZCE
2025-06-11 13:48:49.148 | INFO | SimpleStrategy | combined: 收到行情, OI509P7900.CZCE
2025-06-11 13:48:49.148 | INFO | SimpleStrategy | combined: 收到行情, OI509P7900.CZCE
2025-06-11 13:48:49.148 | INFO | SimpleStrategy | combined: 收到行情, OI509P8000.CZCE
2025-06-11 13:48:49.148 | INFO | SimpleStrategy | combined: 收到行情, OI509P8000.CZCE
2025-06-11 13:48:49.148 | INFO | SimpleStrategy | combined: 收到行情, OI509P8100.CZCE
2025-06-11 13:48:49.148 | INFO | SimpleStrategy | combined: 收到行情, OI509P8100.CZCE
2025-06-11 13:48:49.148 | INFO | SimpleStrategy | combined: 收到行情, OI509P8200.CZCE
2025-06-11 13:48:49.148 | INFO | SimpleStrategy | combined: 收到行情, OI509P8200.CZCE
2025-06-11 13:48:49.148 | INFO | SimpleStrategy | combined: 收到行情, OI509P8300.CZCE
2025-06-11 13:48:49.148 | INFO | SimpleStrategy | combined: 收到行情, OI509P8300.CZCE
2025-06-11 13:48:49.148 | INFO | SimpleStrategy | combined: 收到行情, OI509P8400.CZCE
2025-06-11 13:48:49.148 | INFO | SimpleStrategy | combined: 收到行情, OI509P8400.CZCE
2025-06-11 13:48:49.149 | INFO | SimpleStrategy | combined: 收到行情, OI509P8500.CZCE
2025-06-11 13:48:49.149 | INFO | SimpleStrategy | combined: 收到行情, OI509P8500.CZCE
2025-06-11 13:48:49.149 | INFO | SimpleStrategy | combined: 收到行情, OI509P8600.CZCE
2025-06-11 13:48:49.149 | INFO | SimpleStrategy | combined: 收到行情, OI509P8600.CZCE
2025-06-11 13:48:49.149 | INFO | SimpleStrategy | combined: 收到行情, OI509P8700.CZCE
2025-06-11 13:48:49.149 | INFO | SimpleStrategy | combined: 收到行情, OI509P8700.CZCE
2025-06-11 13:48:49.149 | INFO | SimpleStrategy | combined: 收到行情, OI509P8800.CZCE
2025-06-11 13:48:49.149 | INFO | SimpleStrategy | combined: 收到行情, OI509P8800.CZCE
2025-06-11 13:48:49.149 | INFO | SimpleStrategy | combined: 收到行情, OI509P8900.CZCE
2025-06-11 13:48:49.149 | INFO | SimpleStrategy | combined: 收到行情, OI509P8900.CZCE
2025-06-11 13:48:49.149 | INFO | SimpleStrategy | combined: 收到行情, OI509P9000.CZCE
2025-06-11 13:48:49.149 | INFO | SimpleStrategy | combined: 收到行情, OI509P9000.CZCE
2025-06-11 13:48:49.150 | INFO | SimpleStrategy | combined: 收到行情, OI509P9100.CZCE
2025-06-11 13:48:49.150 | INFO | SimpleStrategy | combined: 收到行情, OI509P9100.CZCE
2025-06-11 13:48:49.150 | INFO | SimpleStrategy | combined: 收到行情, OI509P9200.CZCE
2025-06-11 13:48:49.150 | INFO | SimpleStrategy | combined: 收到行情, OI509P9200.CZCE
2025-06-11 13:48:49.150 | INFO | SimpleStrategy | combined: 收到行情, OI509P9300.CZCE
2025-06-11 13:48:49.150 | INFO | SimpleStrategy | combined: 收到行情, OI509P9300.CZCE
2025-06-11 13:48:49.150 | INFO | SimpleStrategy | combined: 收到行情, OI509P9400.CZCE
2025-06-11 13:48:49.150 | INFO | SimpleStrategy | combined: 收到行情, OI509P9400.CZCE
2025-06-11 13:48:49.150 | INFO | SimpleStrategy | combined: 收到行情, OI509P9500.CZCE
2025-06-11 13:48:49.150 | INFO | SimpleStrategy | combined: 收到行情, OI509P9500.CZCE
2025-06-11 13:48:49.150 | INFO | SimpleStrategy | combined: 收到行情, OI509P9600.CZCE
2025-06-11 13:48:49.150 | INFO | SimpleStrategy | combined: 收到行情, OI509P9600.CZCE
2025-06-11 13:48:49.150 | INFO | SimpleStrategy | combined: 收到行情, OI509P9700.CZCE
2025-06-11 13:48:49.150 | INFO | SimpleStrategy | combined: 收到行情, OI509P9700.CZCE
2025-06-11 13:48:49.150 | INFO | SimpleStrategy | combined: 收到行情, OI509P9800.CZCE
2025-06-11 13:48:49.151 | INFO | SimpleStrategy | combined: 收到行情, OI509P9800.CZCE
2025-06-11 13:48:49.151 | INFO | SimpleStrategy | combined: 收到行情, OI509P9900.CZCE
2025-06-11 13:48:49.151 | INFO | SimpleStrategy | combined: 收到行情, OI509P9900.CZCE
2025-06-11 13:48:49.151 | INFO | SimpleStrategy | combined: 收到行情, PF507C5200.CZCE
2025-06-11 13:48:49.151 | INFO | SimpleStrategy | combined: 收到行情, PF507C5200.CZCE
2025-06-11 13:48:49.151 | INFO | SimpleStrategy | combined: 收到行情, PF507C5300.CZCE
2025-06-11 13:48:49.151 | INFO | SimpleStrategy | combined: 收到行情, PF507C5300.CZCE
2025-06-11 13:48:49.151 | INFO | SimpleStrategy | combined: 收到行情, PF507C5400.CZCE
2025-06-11 13:48:49.151 | INFO | SimpleStrategy | combined: 收到行情, PF507C5400.CZCE
2025-06-11 13:48:49.151 | INFO | SimpleStrategy | combined: 收到行情, PF507C5500.CZCE
2025-06-11 13:48:49.151 | INFO | SimpleStrategy | combined: 收到行情, PF507C5500.CZCE
2025-06-11 13:48:49.151 | INFO | SimpleStrategy | combined: 收到行情, PF507C5600.CZCE
2025-06-11 13:48:49.151 | INFO | SimpleStrategy | combined: 收到行情, PF507C5600.CZCE
2025-06-11 13:48:49.151 | INFO | SimpleStrategy | combined: 收到行情, PF507C5700.CZCE
2025-06-11 13:48:49.151 | INFO | SimpleStrategy | combined: 收到行情, PF507C5700.CZCE
2025-06-11 13:48:49.152 | INFO | SimpleStrategy | combined: 收到行情, PF507C5800.CZCE
2025-06-11 13:48:49.152 | INFO | SimpleStrategy | combined: 收到行情, PF507C5800.CZCE
2025-06-11 13:48:49.152 | INFO | SimpleStrategy | combined: 收到行情, PF507C5900.CZCE
2025-06-11 13:48:49.152 | INFO | SimpleStrategy | combined: 收到行情, PF507C5900.CZCE
2025-06-11 13:48:49.152 | INFO | SimpleStrategy | combined: 收到行情, PF507C6000.CZCE
2025-06-11 13:48:49.152 | INFO | SimpleStrategy | combined: 收到行情, PF507C6000.CZCE
2025-06-11 13:48:49.152 | INFO | SimpleStrategy | combined: 收到行情, PF507C6100.CZCE
2025-06-11 13:48:49.152 | INFO | SimpleStrategy | combined: 收到行情, PF507C6100.CZCE
2025-06-11 13:48:49.152 | INFO | SimpleStrategy | combined: 收到行情, PF507C6200.CZCE
2025-06-11 13:48:49.152 | INFO | SimpleStrategy | combined: 收到行情, PF507C6200.CZCE
2025-06-11 13:48:49.152 | INFO | SimpleStrategy | combined: 收到行情, PF507C6300.CZCE
2025-06-11 13:48:49.152 | INFO | SimpleStrategy | combined: 收到行情, PF507C6300.CZCE
2025-06-11 13:48:49.152 | INFO | SimpleStrategy | combined: 收到行情, PF507C6400.CZCE
2025-06-11 13:48:49.152 | INFO | SimpleStrategy | combined: 收到行情, PF507C6400.CZCE
2025-06-11 13:48:49.152 | INFO | SimpleStrategy | combined: 收到行情, PF507C6500.CZCE
2025-06-11 13:48:49.152 | INFO | SimpleStrategy | combined: 收到行情, PF507C6500.CZCE
2025-06-11 13:48:49.153 | INFO | SimpleStrategy | combined: 收到行情, PF507C6600.CZCE
2025-06-11 13:48:49.153 | INFO | SimpleStrategy | combined: 收到行情, PF507C6600.CZCE
2025-06-11 13:48:49.153 | INFO | SimpleStrategy | combined: 收到行情, PF507C6700.CZCE
2025-06-11 13:48:49.153 | INFO | SimpleStrategy | combined: 收到行情, PF507C6700.CZCE
2025-06-11 13:48:49.153 | INFO | SimpleStrategy | combined: 收到行情, PF507C6800.CZCE
2025-06-11 13:48:49.153 | INFO | SimpleStrategy | combined: 收到行情, PF507C6800.CZCE
2025-06-11 13:48:49.153 | INFO | SimpleStrategy | combined: 收到行情, PF507C6900.CZCE
2025-06-11 13:48:49.153 | INFO | SimpleStrategy | combined: 收到行情, PF507C6900.CZCE
2025-06-11 13:48:49.153 | INFO | SimpleStrategy | combined: 收到行情, PF507C7000.CZCE
2025-06-11 13:48:49.153 | INFO | SimpleStrategy | combined: 收到行情, PF507C7000.CZCE
2025-06-11 13:48:49.153 | INFO | SimpleStrategy | combined: 收到行情, PF507C7100.CZCE
2025-06-11 13:48:49.153 | INFO | SimpleStrategy | combined: 收到行情, PF507C7100.CZCE
2025-06-11 13:48:49.153 | INFO | SimpleStrategy | combined: 收到行情, PF507C7200.CZCE
2025-06-11 13:48:49.153 | INFO | SimpleStrategy | combined: 收到行情, PF507C7200.CZCE
2025-06-11 13:48:49.154 | INFO | SimpleStrategy | combined: 收到行情, PF507C7300.CZCE
2025-06-11 13:48:49.154 | INFO | SimpleStrategy | combined: 收到行情, PF507C7300.CZCE
2025-06-11 13:48:49.154 | INFO | SimpleStrategy | combined: 收到行情, PF507C7400.CZCE
2025-06-11 13:48:49.154 | INFO | SimpleStrategy | combined: 收到行情, PF507C7400.CZCE
2025-06-11 13:48:49.154 | INFO | SimpleStrategy | combined: 收到行情, PF507C7500.CZCE
2025-06-11 13:48:49.154 | INFO | SimpleStrategy | combined: 收到行情, PF507C7500.CZCE
2025-06-11 13:48:49.154 | INFO | SimpleStrategy | combined: 收到行情, PF507P5200.CZCE
2025-06-11 13:48:49.155 | INFO | SimpleStrategy | combined: 收到行情, PF507P5200.CZCE
2025-06-11 13:48:49.155 | INFO | SimpleStrategy | combined: 收到行情, PF507P5300.CZCE
2025-06-11 13:48:49.155 | INFO | SimpleStrategy | combined: 收到行情, PF507P5300.CZCE
2025-06-11 13:48:49.155 | INFO | SimpleStrategy | combined: 收到行情, PF507P5400.CZCE
2025-06-11 13:48:49.155 | INFO | SimpleStrategy | combined: 收到行情, PF507P5400.CZCE
2025-06-11 13:48:49.155 | INFO | SimpleStrategy | combined: 收到行情, PF507P5500.CZCE
2025-06-11 13:48:49.155 | INFO | SimpleStrategy | combined: 收到行情, PF507P5500.CZCE
2025-06-11 13:48:49.155 | INFO | SimpleStrategy | combined: 收到行情, PF507P5600.CZCE
2025-06-11 13:48:49.155 | INFO | SimpleStrategy | combined: 收到行情, PF507P5600.CZCE
2025-06-11 13:48:49.155 | INFO | SimpleStrategy | combined: 收到行情, PF507P5700.CZCE
2025-06-11 13:48:49.155 | INFO | SimpleStrategy | combined: 收到行情, PF507P5700.CZCE
2025-06-11 13:48:49.155 | INFO | SimpleStrategy | combined: 收到行情, PF507P5800.CZCE
2025-06-11 13:48:49.155 | INFO | SimpleStrategy | combined: 收到行情, PF507P5800.CZCE
2025-06-11 13:48:49.155 | INFO | SimpleStrategy | combined: 收到行情, PF507P5900.CZCE
2025-06-11 13:48:49.156 | INFO | SimpleStrategy | combined: 收到行情, PF507P5900.CZCE
2025-06-11 13:48:49.156 | INFO | SimpleStrategy | combined: 收到行情, PF507P6000.CZCE
2025-06-11 13:48:49.156 | INFO | SimpleStrategy | combined: 收到行情, PF507P6000.CZCE
2025-06-11 13:48:49.156 | INFO | SimpleStrategy | combined: 收到行情, PF507P6100.CZCE
2025-06-11 13:48:49.156 | INFO | SimpleStrategy | combined: 收到行情, PF507P6100.CZCE
2025-06-11 13:48:49.156 | INFO | SimpleStrategy | combined: 收到行情, PF507P6200.CZCE
2025-06-11 13:48:49.156 | INFO | SimpleStrategy | combined: 收到行情, PF507P6200.CZCE
2025-06-11 13:48:49.156 | INFO | SimpleStrategy | combined: 收到行情, PF507P6300.CZCE
2025-06-11 13:48:49.156 | INFO | SimpleStrategy | combined: 收到行情, PF507P6300.CZCE
2025-06-11 13:48:49.156 | INFO | SimpleStrategy | combined: 收到行情, PF507P6400.CZCE
2025-06-11 13:48:49.156 | INFO | SimpleStrategy | combined: 收到行情, PF507P6400.CZCE
2025-06-11 13:48:49.156 | INFO | SimpleStrategy | combined: 收到行情, PF507P6500.CZCE
2025-06-11 13:48:49.156 | INFO | SimpleStrategy | combined: 收到行情, PF507P6500.CZCE
2025-06-11 13:48:49.156 | INFO | SimpleStrategy | combined: 收到行情, PF507P6600.CZCE
2025-06-11 13:48:49.156 | INFO | SimpleStrategy | combined: 收到行情, PF507P6600.CZCE
2025-06-11 13:48:49.157 | INFO | SimpleStrategy | combined: 收到行情, PF507P6700.CZCE
2025-06-11 13:48:49.157 | INFO | SimpleStrategy | combined: 收到行情, PF507P6700.CZCE
2025-06-11 13:48:49.157 | INFO | SimpleStrategy | combined: 收到行情, PF507P6800.CZCE
2025-06-11 13:48:49.157 | INFO | SimpleStrategy | combined: 收到行情, PF507P6800.CZCE
2025-06-11 13:48:49.157 | INFO | SimpleStrategy | combined: 收到行情, PF507P6900.CZCE
2025-06-11 13:48:49.157 | INFO | SimpleStrategy | combined: 收到行情, PF507P6900.CZCE
2025-06-11 13:48:49.157 | INFO | SimpleStrategy | combined: 收到行情, PF507P7000.CZCE
2025-06-11 13:48:49.157 | INFO | SimpleStrategy | combined: 收到行情, PF507P7000.CZCE
2025-06-11 13:48:49.157 | INFO | SimpleStrategy | combined: 收到行情, PF507P7100.CZCE
2025-06-11 13:48:49.157 | INFO | SimpleStrategy | combined: 收到行情, PF507P7100.CZCE
2025-06-11 13:48:49.157 | INFO | SimpleStrategy | combined: 收到行情, PF507P7200.CZCE
2025-06-11 13:48:49.157 | INFO | SimpleStrategy | combined: 收到行情, PF507P7200.CZCE
2025-06-11 13:48:49.157 | INFO | SimpleStrategy | combined: 收到行情, PF507P7300.CZCE
2025-06-11 13:48:49.157 | INFO | SimpleStrategy | combined: 收到行情, PF507P7300.CZCE
2025-06-11 13:48:49.158 | INFO | SimpleStrategy | combined: 收到行情, PF507P7400.CZCE
2025-06-11 13:48:49.158 | INFO | SimpleStrategy | combined: 收到行情, PF507P7400.CZCE
2025-06-11 13:48:49.158 | INFO | SimpleStrategy | combined: 收到行情, PF507P7500.CZCE
2025-06-11 13:48:49.158 | INFO | SimpleStrategy | combined: 收到行情, PF507P7500.CZCE
2025-06-11 13:48:49.158 | INFO | SimpleStrategy | combined: 收到行情, PF508C5500.CZCE
2025-06-11 13:48:49.158 | INFO | SimpleStrategy | combined: 收到行情, PF508C5500.CZCE
2025-06-11 13:48:49.158 | INFO | SimpleStrategy | combined: 收到行情, PF508C5600.CZCE
2025-06-11 13:48:49.158 | INFO | SimpleStrategy | combined: 收到行情, PF508C5600.CZCE
2025-06-11 13:48:49.158 | INFO | SimpleStrategy | combined: 收到行情, PF508C5700.CZCE
2025-06-11 13:48:49.158 | INFO | SimpleStrategy | combined: 收到行情, PF508C5700.CZCE
2025-06-11 13:48:49.158 | INFO | SimpleStrategy | combined: 收到行情, PF508C5800.CZCE
2025-06-11 13:48:49.158 | INFO | SimpleStrategy | combined: 收到行情, PF508C5800.CZCE
2025-06-11 13:48:49.159 | INFO | SimpleStrategy | combined: 收到行情, PF508C5900.CZCE
2025-06-11 13:48:49.159 | INFO | SimpleStrategy | combined: 收到行情, PF508C5900.CZCE
2025-06-11 13:48:49.159 | INFO | SimpleStrategy | combined: 收到行情, PF508C6000.CZCE
2025-06-11 13:48:49.159 | INFO | SimpleStrategy | combined: 收到行情, PF508C6000.CZCE
2025-06-11 13:48:49.159 | INFO | SimpleStrategy | combined: 收到行情, PF508C6100.CZCE
2025-06-11 13:48:49.159 | INFO | SimpleStrategy | combined: 收到行情, PF508C6100.CZCE
2025-06-11 13:48:49.159 | INFO | SimpleStrategy | combined: 收到行情, PF508C6200.CZCE
2025-06-11 13:48:49.159 | INFO | SimpleStrategy | combined: 收到行情, PF508C6200.CZCE
2025-06-11 13:48:49.159 | INFO | SimpleStrategy | combined: 收到行情, PF508C6300.CZCE
2025-06-11 13:48:49.159 | INFO | SimpleStrategy | combined: 收到行情, PF508C6300.CZCE
2025-06-11 13:48:49.159 | INFO | SimpleStrategy | combined: 收到行情, PF508C6400.CZCE
2025-06-11 13:48:49.159 | INFO | SimpleStrategy | combined: 收到行情, PF508C6400.CZCE
2025-06-11 13:48:49.160 | INFO | SimpleStrategy | combined: 收到行情, PF508C6500.CZCE
2025-06-11 13:48:49.160 | INFO | SimpleStrategy | combined: 收到行情, PF508C6500.CZCE
2025-06-11 13:48:49.160 | INFO | SimpleStrategy | combined: 收到行情, PF508C6600.CZCE
2025-06-11 13:48:49.160 | INFO | SimpleStrategy | combined: 收到行情, PF508C6600.CZCE
2025-06-11 13:48:49.160 | INFO | SimpleStrategy | combined: 收到行情, PF508C6700.CZCE
2025-06-11 13:48:49.160 | INFO | SimpleStrategy | combined: 收到行情, PF508C6700.CZCE
2025-06-11 13:48:49.160 | INFO | SimpleStrategy | combined: 收到行情, PF508C6800.CZCE
2025-06-11 13:48:49.160 | INFO | SimpleStrategy | combined: 收到行情, PF508C6800.CZCE
2025-06-11 13:48:49.160 | INFO | SimpleStrategy | combined: 收到行情, PF508C6900.CZCE
2025-06-11 13:48:49.160 | INFO | SimpleStrategy | combined: 收到行情, PF508C6900.CZCE
2025-06-11 13:48:49.160 | INFO | SimpleStrategy | combined: 收到行情, PF508C7000.CZCE
2025-06-11 13:48:49.160 | INFO | SimpleStrategy | combined: 收到行情, PF508C7000.CZCE
2025-06-11 13:48:49.160 | INFO | SimpleStrategy | combined: 收到行情, PF508C7100.CZCE
2025-06-11 13:48:49.160 | INFO | SimpleStrategy | combined: 收到行情, PF508C7100.CZCE
2025-06-11 13:48:49.161 | INFO | SimpleStrategy | combined: 收到行情, PF508C7200.CZCE
2025-06-11 13:48:49.161 | INFO | SimpleStrategy | combined: 收到行情, PF508C7200.CZCE
2025-06-11 13:48:49.161 | INFO | SimpleStrategy | combined: 收到行情, PF508P5500.CZCE
2025-06-11 13:48:49.161 | INFO | SimpleStrategy | combined: 收到行情, PF508P5500.CZCE
2025-06-11 13:48:49.161 | INFO | SimpleStrategy | combined: 收到行情, PF508P5600.CZCE
2025-06-11 13:48:49.161 | INFO | SimpleStrategy | combined: 收到行情, PF508P5600.CZCE
2025-06-11 13:48:49.161 | INFO | SimpleStrategy | combined: 收到行情, PF508P5700.CZCE
2025-06-11 13:48:49.161 | INFO | SimpleStrategy | combined: 收到行情, PF508P5700.CZCE
2025-06-11 13:48:49.161 | INFO | SimpleStrategy | combined: 收到行情, PF508P5800.CZCE
2025-06-11 13:48:49.161 | INFO | SimpleStrategy | combined: 收到行情, PF508P5800.CZCE
2025-06-11 13:48:49.161 | INFO | SimpleStrategy | combined: 收到行情, PF508P5900.CZCE
2025-06-11 13:48:49.161 | INFO | SimpleStrategy | combined: 收到行情, PF508P5900.CZCE
2025-06-11 13:48:49.161 | INFO | SimpleStrategy | combined: 收到行情, PF508P6000.CZCE
2025-06-11 13:48:49.161 | INFO | SimpleStrategy | combined: 收到行情, PF508P6000.CZCE
2025-06-11 13:48:49.161 | INFO | SimpleStrategy | combined: 收到行情, PF508P6100.CZCE
2025-06-11 13:48:49.162 | INFO | SimpleStrategy | combined: 收到行情, PF508P6100.CZCE
2025-06-11 13:48:49.162 | INFO | SimpleStrategy | combined: 收到行情, PF508P6200.CZCE
2025-06-11 13:48:49.162 | INFO | SimpleStrategy | combined: 收到行情, PF508P6200.CZCE
2025-06-11 13:48:49.162 | INFO | SimpleStrategy | combined: 收到行情, PF508P6300.CZCE
2025-06-11 13:48:49.162 | INFO | SimpleStrategy | combined: 收到行情, PF508P6300.CZCE
2025-06-11 13:48:49.162 | INFO | SimpleStrategy | combined: 收到行情, PF508P6400.CZCE
2025-06-11 13:48:49.162 | INFO | SimpleStrategy | combined: 收到行情, PF508P6400.CZCE
2025-06-11 13:48:49.162 | INFO | SimpleStrategy | combined: 收到行情, PF508P6500.CZCE
2025-06-11 13:48:49.162 | INFO | SimpleStrategy | combined: 收到行情, PF508P6500.CZCE
2025-06-11 13:48:49.162 | INFO | SimpleStrategy | combined: 收到行情, PF508P6600.CZCE
2025-06-11 13:48:49.163 | INFO | SimpleStrategy | combined: 收到行情, PF508P6600.CZCE
2025-06-11 13:48:49.163 | INFO | SimpleStrategy | combined: 收到行情, PF508P6700.CZCE
2025-06-11 13:48:49.163 | INFO | SimpleStrategy | combined: 收到行情, PF508P6700.CZCE
2025-06-11 13:48:49.163 | INFO | SimpleStrategy | combined: 收到行情, PF508P6800.CZCE
2025-06-11 13:48:49.163 | INFO | SimpleStrategy | combined: 收到行情, PF508P6800.CZCE
2025-06-11 13:48:49.163 | INFO | SimpleStrategy | combined: 收到行情, PF508P6900.CZCE
2025-06-11 13:48:49.163 | INFO | SimpleStrategy | combined: 收到行情, PF508P6900.CZCE
2025-06-11 13:48:49.163 | INFO | SimpleStrategy | combined: 收到行情, PF508P7000.CZCE
2025-06-11 13:48:49.163 | INFO | SimpleStrategy | combined: 收到行情, PF508P7000.CZCE
2025-06-11 13:48:49.163 | INFO | SimpleStrategy | combined: 收到行情, PF508P7100.CZCE
2025-06-11 13:48:49.163 | INFO | SimpleStrategy | combined: 收到行情, PF508P7100.CZCE
2025-06-11 13:48:49.163 | INFO | SimpleStrategy | combined: 收到行情, PF508P7200.CZCE
2025-06-11 13:48:49.163 | INFO | SimpleStrategy | combined: 收到行情, PF508P7200.CZCE
2025-06-11 13:48:49.163 | INFO | SimpleStrategy | combined: 收到行情, PK510C6900.CZCE
2025-06-11 13:48:49.163 | INFO | SimpleStrategy | combined: 收到行情, PK510C6900.CZCE
2025-06-11 13:48:49.163 | INFO | SimpleStrategy | combined: 收到行情, PK510C7000.CZCE
2025-06-11 13:48:49.164 | INFO | SimpleStrategy | combined: 收到行情, PK510C7000.CZCE
2025-06-11 13:48:49.164 | INFO | SimpleStrategy | combined: 收到行情, PK510C7100.CZCE
2025-06-11 13:48:49.164 | INFO | SimpleStrategy | combined: 收到行情, PK510C7100.CZCE
2025-06-11 13:48:49.164 | INFO | SimpleStrategy | combined: 收到行情, PK510C7200.CZCE
2025-06-11 13:48:49.164 | INFO | SimpleStrategy | combined: 收到行情, PK510C7200.CZCE
2025-06-11 13:48:49.164 | INFO | SimpleStrategy | combined: 收到行情, PK510C7300.CZCE
2025-06-11 13:48:49.164 | INFO | SimpleStrategy | combined: 收到行情, PK510C7300.CZCE
2025-06-11 13:48:49.164 | INFO | SimpleStrategy | combined: 收到行情, PK510C7400.CZCE
2025-06-11 13:48:49.164 | INFO | SimpleStrategy | combined: 收到行情, PK510C7400.CZCE
2025-06-11 13:48:49.164 | INFO | SimpleStrategy | combined: 收到行情, PK510C7500.CZCE
2025-06-11 13:48:49.164 | INFO | SimpleStrategy | combined: 收到行情, PK510C7500.CZCE
2025-06-11 13:48:49.164 | INFO | SimpleStrategy | combined: 收到行情, PK510C7600.CZCE
2025-06-11 13:48:49.164 | INFO | SimpleStrategy | combined: 收到行情, PK510C7600.CZCE
2025-06-11 13:48:49.165 | INFO | SimpleStrategy | combined: 收到行情, PK510C7700.CZCE
2025-06-11 13:48:49.165 | INFO | SimpleStrategy | combined: 收到行情, PK510C7700.CZCE
2025-06-11 13:48:49.165 | INFO | SimpleStrategy | combined: 收到行情, PK510C7800.CZCE
2025-06-11 13:48:49.165 | INFO | SimpleStrategy | combined: 收到行情, PK510C7800.CZCE
2025-06-11 13:48:49.165 | INFO | SimpleStrategy | combined: 收到行情, PK510C7900.CZCE
2025-06-11 13:48:49.165 | INFO | SimpleStrategy | combined: 收到行情, PK510C7900.CZCE
2025-06-11 13:48:49.165 | INFO | SimpleStrategy | combined: 收到行情, PK510C8000.CZCE
2025-06-11 13:48:49.165 | INFO | SimpleStrategy | combined: 收到行情, PK510C8000.CZCE
2025-06-11 13:48:49.165 | INFO | SimpleStrategy | combined: 收到行情, PK510C8100.CZCE
2025-06-11 13:48:49.165 | INFO | SimpleStrategy | combined: 收到行情, PK510C8100.CZCE
2025-06-11 13:48:49.165 | INFO | SimpleStrategy | combined: 收到行情, PK510C8200.CZCE
2025-06-11 13:48:49.165 | INFO | SimpleStrategy | combined: 收到行情, PK510C8200.CZCE
2025-06-11 13:48:49.165 | INFO | SimpleStrategy | combined: 收到行情, PK510C8300.CZCE
2025-06-11 13:48:49.165 | INFO | SimpleStrategy | combined: 收到行情, PK510C8300.CZCE
2025-06-11 13:48:49.165 | INFO | SimpleStrategy | combined: 收到行情, PK510C8400.CZCE
2025-06-11 13:48:49.166 | INFO | SimpleStrategy | combined: 收到行情, PK510C8400.CZCE
2025-06-11 13:48:49.166 | INFO | SimpleStrategy | combined: 收到行情, PK510C8500.CZCE
2025-06-11 13:48:49.166 | INFO | SimpleStrategy | combined: 收到行情, PK510C8500.CZCE
2025-06-11 13:48:49.166 | INFO | SimpleStrategy | combined: 收到行情, PK510C8600.CZCE
2025-06-11 13:48:49.166 | INFO | SimpleStrategy | combined: 收到行情, PK510C8600.CZCE
2025-06-11 13:48:49.166 | INFO | SimpleStrategy | combined: 收到行情, PK510C8700.CZCE
2025-06-11 13:48:49.166 | INFO | SimpleStrategy | combined: 收到行情, PK510C8700.CZCE
2025-06-11 13:48:49.166 | INFO | SimpleStrategy | combined: 收到行情, PK510C8800.CZCE
2025-06-11 13:48:49.166 | INFO | SimpleStrategy | combined: 收到行情, PK510C8800.CZCE
2025-06-11 13:48:49.166 | INFO | SimpleStrategy | combined: 收到行情, PK510C8900.CZCE
2025-06-11 13:48:49.166 | INFO | SimpleStrategy | combined: 收到行情, PK510C8900.CZCE
2025-06-11 13:48:49.166 | INFO | SimpleStrategy | combined: 收到行情, PK510C9000.CZCE
2025-06-11 13:48:49.166 | INFO | SimpleStrategy | combined: 收到行情, PK510C9000.CZCE
2025-06-11 13:48:49.166 | INFO | SimpleStrategy | combined: 收到行情, PK510C9100.CZCE
2025-06-11 13:48:49.166 | INFO | SimpleStrategy | combined: 收到行情, PK510C9100.CZCE
2025-06-11 13:48:49.166 | INFO | SimpleStrategy | combined: 收到行情, PK510C9200.CZCE
2025-06-11 13:48:49.167 | INFO | SimpleStrategy | combined: 收到行情, PK510C9200.CZCE
2025-06-11 13:48:49.167 | INFO | SimpleStrategy | combined: 收到行情, PK510C9300.CZCE
2025-06-11 13:48:49.167 | INFO | SimpleStrategy | combined: 收到行情, PK510C9300.CZCE
2025-06-11 13:48:49.167 | INFO | SimpleStrategy | combined: 收到行情, PK510C9400.CZCE
2025-06-11 13:48:49.167 | INFO | SimpleStrategy | combined: 收到行情, PK510C9400.CZCE
2025-06-11 13:48:49.167 | INFO | SimpleStrategy | combined: 收到行情, PK510P6900.CZCE
2025-06-11 13:48:49.167 | INFO | SimpleStrategy | combined: 收到行情, PK510P6900.CZCE
2025-06-11 13:48:49.167 | INFO | SimpleStrategy | combined: 收到行情, PK510P7000.CZCE
2025-06-11 13:48:49.167 | INFO | SimpleStrategy | combined: 收到行情, PK510P7000.CZCE
2025-06-11 13:48:49.167 | INFO | SimpleStrategy | combined: 收到行情, PK510P7100.CZCE
2025-06-11 13:48:49.167 | INFO | SimpleStrategy | combined: 收到行情, PK510P7100.CZCE
2025-06-11 13:48:49.167 | INFO | SimpleStrategy | combined: 收到行情, PK510P7200.CZCE
2025-06-11 13:48:49.167 | INFO | SimpleStrategy | combined: 收到行情, PK510P7200.CZCE
2025-06-11 13:48:49.167 | INFO | SimpleStrategy | combined: 收到行情, PK510P7300.CZCE
2025-06-11 13:48:49.167 | INFO | SimpleStrategy | combined: 收到行情, PK510P7300.CZCE
2025-06-11 13:48:49.167 | INFO | SimpleStrategy | combined: 收到行情, PK510P7400.CZCE
2025-06-11 13:48:49.168 | INFO | SimpleStrategy | combined: 收到行情, PK510P7400.CZCE
2025-06-11 13:48:49.168 | INFO | SimpleStrategy | combined: 收到行情, PK510P7500.CZCE
2025-06-11 13:48:49.168 | INFO | SimpleStrategy | combined: 收到行情, PK510P7500.CZCE
2025-06-11 13:48:49.168 | INFO | SimpleStrategy | combined: 收到行情, PK510P7600.CZCE
2025-06-11 13:48:49.168 | INFO | SimpleStrategy | combined: 收到行情, PK510P7600.CZCE
2025-06-11 13:48:49.168 | INFO | SimpleStrategy | combined: 收到行情, PK510P7700.CZCE
2025-06-11 13:48:49.168 | INFO | SimpleStrategy | combined: 收到行情, PK510P7700.CZCE
2025-06-11 13:48:49.168 | INFO | SimpleStrategy | combined: 收到行情, PK510P7800.CZCE
2025-06-11 13:48:49.168 | INFO | SimpleStrategy | combined: 收到行情, PK510P7800.CZCE
2025-06-11 13:48:49.168 | INFO | SimpleStrategy | combined: 收到行情, PK510P7900.CZCE
2025-06-11 13:48:49.168 | INFO | SimpleStrategy | combined: 收到行情, PK510P7900.CZCE
2025-06-11 13:48:49.168 | INFO | SimpleStrategy | combined: 收到行情, PK510P8000.CZCE
2025-06-11 13:48:49.168 | INFO | SimpleStrategy | combined: 收到行情, PK510P8000.CZCE
2025-06-11 13:48:49.168 | INFO | SimpleStrategy | combined: 收到行情, PK510P8100.CZCE
2025-06-11 13:48:49.168 | INFO | SimpleStrategy | combined: 收到行情, PK510P8100.CZCE
2025-06-11 13:48:49.168 | INFO | SimpleStrategy | combined: 收到行情, PK510P8200.CZCE
2025-06-11 13:48:49.169 | INFO | SimpleStrategy | combined: 收到行情, PK510P8200.CZCE
2025-06-11 13:48:49.169 | INFO | SimpleStrategy | combined: 收到行情, PK510P8300.CZCE
2025-06-11 13:48:49.169 | INFO | SimpleStrategy | combined: 收到行情, PK510P8300.CZCE
2025-06-11 13:48:49.169 | INFO | SimpleStrategy | combined: 收到行情, PK510P8400.CZCE
2025-06-11 13:48:49.169 | INFO | SimpleStrategy | combined: 收到行情, PK510P8400.CZCE
2025-06-11 13:48:49.169 | INFO | SimpleStrategy | combined: 收到行情, PK510P8500.CZCE
2025-06-11 13:48:49.169 | INFO | SimpleStrategy | combined: 收到行情, PK510P8500.CZCE
2025-06-11 13:48:49.169 | INFO | SimpleStrategy | combined: 收到行情, PK510P8600.CZCE
2025-06-11 13:48:49.169 | INFO | SimpleStrategy | combined: 收到行情, PK510P8600.CZCE
2025-06-11 13:48:49.169 | INFO | SimpleStrategy | combined: 收到行情, PK510P8700.CZCE
2025-06-11 13:48:49.169 | INFO | SimpleStrategy | combined: 收到行情, PK510P8700.CZCE
2025-06-11 13:48:49.169 | INFO | SimpleStrategy | combined: 收到行情, PK510P8800.CZCE
2025-06-11 13:48:49.170 | INFO | SimpleStrategy | combined: 收到行情, PK510P8800.CZCE
2025-06-11 13:48:49.170 | INFO | SimpleStrategy | combined: 收到行情, PK510P8900.CZCE
2025-06-11 13:48:49.170 | INFO | SimpleStrategy | combined: 收到行情, PK510P8900.CZCE
2025-06-11 13:48:49.170 | INFO | SimpleStrategy | combined: 收到行情, PK510P9000.CZCE
2025-06-11 13:48:49.170 | INFO | SimpleStrategy | combined: 收到行情, PK510P9000.CZCE
2025-06-11 13:48:49.170 | INFO | SimpleStrategy | combined: 收到行情, PK510P9100.CZCE
2025-06-11 13:48:49.170 | INFO | SimpleStrategy | combined: 收到行情, PK510P9100.CZCE
2025-06-11 13:48:49.170 | INFO | SimpleStrategy | combined: 收到行情, PK510P9200.CZCE
2025-06-11 13:48:49.170 | INFO | SimpleStrategy | combined: 收到行情, PK510P9200.CZCE
2025-06-11 13:48:49.170 | INFO | SimpleStrategy | combined: 收到行情, PK510P9300.CZCE
2025-06-11 13:48:49.170 | INFO | SimpleStrategy | combined: 收到行情, PK510P9300.CZCE
2025-06-11 13:48:49.171 | INFO | SimpleStrategy | combined: 收到行情, PK510P9400.CZCE
2025-06-11 13:48:49.171 | INFO | SimpleStrategy | combined: 收到行情, PK510P9400.CZCE
2025-06-11 13:48:49.171 | INFO | SimpleStrategy | combined: 收到行情, PK511C6900.CZCE
2025-06-11 13:48:49.171 | INFO | SimpleStrategy | combined: 收到行情, PK511C6900.CZCE
2025-06-11 13:48:49.171 | INFO | SimpleStrategy | combined: 收到行情, PK511C7000.CZCE
2025-06-11 13:48:49.171 | INFO | SimpleStrategy | combined: 收到行情, PK511C7000.CZCE
2025-06-11 13:48:49.171 | INFO | SimpleStrategy | combined: 收到行情, PK511C7100.CZCE
2025-06-11 13:48:49.171 | INFO | SimpleStrategy | combined: 收到行情, PK511C7100.CZCE
2025-06-11 13:48:49.171 | INFO | SimpleStrategy | combined: 收到行情, PK511C7200.CZCE
2025-06-11 13:48:49.171 | INFO | SimpleStrategy | combined: 收到行情, PK511C7200.CZCE
2025-06-11 13:48:49.172 | INFO | SimpleStrategy | combined: 收到行情, PK511C7300.CZCE
2025-06-11 13:48:49.172 | INFO | SimpleStrategy | combined: 收到行情, PK511C7300.CZCE
2025-06-11 13:48:49.172 | INFO | SimpleStrategy | combined: 收到行情, PK511C7400.CZCE
2025-06-11 13:48:49.172 | INFO | SimpleStrategy | combined: 收到行情, PK511C7400.CZCE
2025-06-11 13:48:49.172 | INFO | SimpleStrategy | combined: 收到行情, PK511C7500.CZCE
2025-06-11 13:48:49.172 | INFO | SimpleStrategy | combined: 收到行情, PK511C7500.CZCE
2025-06-11 13:48:49.172 | INFO | SimpleStrategy | combined: 收到行情, PK511C7600.CZCE
2025-06-11 13:48:49.172 | INFO | SimpleStrategy | combined: 收到行情, PK511C7600.CZCE
2025-06-11 13:48:49.172 | INFO | SimpleStrategy | combined: 收到行情, PK511C7700.CZCE
2025-06-11 13:48:49.172 | INFO | SimpleStrategy | combined: 收到行情, PK511C7700.CZCE
2025-06-11 13:48:49.172 | INFO | SimpleStrategy | combined: 收到行情, PK511C7800.CZCE
2025-06-11 13:48:49.172 | INFO | SimpleStrategy | combined: 收到行情, PK511C7800.CZCE
2025-06-11 13:48:49.173 | INFO | SimpleStrategy | combined: 收到行情, PK511C7900.CZCE
2025-06-11 13:48:49.173 | INFO | SimpleStrategy | combined: 收到行情, PK511C7900.CZCE
2025-06-11 13:48:49.173 | INFO | SimpleStrategy | combined: 收到行情, PK511C8000.CZCE
2025-06-11 13:48:49.173 | INFO | SimpleStrategy | combined: 收到行情, PK511C8000.CZCE
2025-06-11 13:48:49.173 | INFO | SimpleStrategy | combined: 收到行情, PK511C8100.CZCE
2025-06-11 13:48:49.173 | INFO | SimpleStrategy | combined: 收到行情, PK511C8100.CZCE
2025-06-11 13:48:49.173 | INFO | SimpleStrategy | combined: 收到行情, PK511C8200.CZCE
2025-06-11 13:48:49.173 | INFO | SimpleStrategy | combined: 收到行情, PK511C8200.CZCE
2025-06-11 13:48:49.173 | INFO | SimpleStrategy | combined: 收到行情, PK511C8300.CZCE
2025-06-11 13:48:49.173 | INFO | SimpleStrategy | combined: 收到行情, PK511C8300.CZCE
2025-06-11 13:48:49.173 | INFO | SimpleStrategy | combined: 收到行情, PK511C8400.CZCE
2025-06-11 13:48:49.173 | INFO | SimpleStrategy | combined: 收到行情, PK511C8400.CZCE
2025-06-11 13:48:49.173 | INFO | SimpleStrategy | combined: 收到行情, PK511C8500.CZCE
2025-06-11 13:48:49.173 | INFO | SimpleStrategy | combined: 收到行情, PK511C8500.CZCE
2025-06-11 13:48:49.174 | INFO | SimpleStrategy | combined: 收到行情, PK511C8600.CZCE
2025-06-11 13:48:49.174 | INFO | SimpleStrategy | combined: 收到行情, PK511C8600.CZCE
2025-06-11 13:48:49.174 | INFO | SimpleStrategy | combined: 收到行情, PK511C8700.CZCE
2025-06-11 13:48:49.174 | INFO | SimpleStrategy | combined: 收到行情, PK511C8700.CZCE
2025-06-11 13:48:49.174 | INFO | SimpleStrategy | combined: 收到行情, PK511C8800.CZCE
2025-06-11 13:48:49.174 | INFO | SimpleStrategy | combined: 收到行情, PK511C8800.CZCE
2025-06-11 13:48:49.174 | INFO | SimpleStrategy | combined: 收到行情, PK511C8900.CZCE
2025-06-11 13:48:49.174 | INFO | SimpleStrategy | combined: 收到行情, PK511C8900.CZCE
2025-06-11 13:48:49.174 | INFO | SimpleStrategy | combined: 收到行情, PK511C9000.CZCE
2025-06-11 13:48:49.174 | INFO | SimpleStrategy | combined: 收到行情, PK511C9000.CZCE
2025-06-11 13:48:49.174 | INFO | SimpleStrategy | combined: 收到行情, PK511C9100.CZCE
2025-06-11 13:48:49.174 | INFO | SimpleStrategy | combined: 收到行情, PK511C9100.CZCE
2025-06-11 13:48:49.175 | INFO | SimpleStrategy | combined: 收到行情, PK511C9200.CZCE
2025-06-11 13:48:49.175 | INFO | SimpleStrategy | combined: 收到行情, PK511C9200.CZCE
2025-06-11 13:48:49.175 | INFO | SimpleStrategy | combined: 收到行情, PK511P6900.CZCE
2025-06-11 13:48:49.175 | INFO | SimpleStrategy | combined: 收到行情, PK511P6900.CZCE
2025-06-11 13:48:49.175 | INFO | SimpleStrategy | combined: 收到行情, PK511P7000.CZCE
2025-06-11 13:48:49.175 | INFO | SimpleStrategy | combined: 收到行情, PK511P7000.CZCE
2025-06-11 13:48:49.175 | INFO | SimpleStrategy | combined: 收到行情, PK511P7100.CZCE
2025-06-11 13:48:49.175 | INFO | SimpleStrategy | combined: 收到行情, PK511P7100.CZCE
2025-06-11 13:48:49.175 | INFO | SimpleStrategy | combined: 收到行情, PK511P7200.CZCE
2025-06-11 13:48:49.175 | INFO | SimpleStrategy | combined: 收到行情, PK511P7200.CZCE
2025-06-11 13:48:49.175 | INFO | SimpleStrategy | combined: 收到行情, PK511P7300.CZCE
2025-06-11 13:48:49.175 | INFO | SimpleStrategy | combined: 收到行情, PK511P7300.CZCE
2025-06-11 13:48:49.175 | INFO | SimpleStrategy | combined: 收到行情, PK511P7400.CZCE
2025-06-11 13:48:49.176 | INFO | SimpleStrategy | combined: 收到行情, PK511P7400.CZCE
2025-06-11 13:48:49.176 | INFO | SimpleStrategy | combined: 收到行情, PK511P7500.CZCE
2025-06-11 13:48:49.176 | INFO | SimpleStrategy | combined: 收到行情, PK511P7500.CZCE
2025-06-11 13:48:49.176 | INFO | SimpleStrategy | combined: 收到行情, PK511P7600.CZCE
2025-06-11 13:48:49.176 | INFO | SimpleStrategy | combined: 收到行情, PK511P7600.CZCE
2025-06-11 13:48:49.176 | INFO | SimpleStrategy | combined: 收到行情, PK511P7700.CZCE
2025-06-11 13:48:49.176 | INFO | SimpleStrategy | combined: 收到行情, PK511P7700.CZCE
2025-06-11 13:48:49.176 | INFO | SimpleStrategy | combined: 收到行情, PK511P7800.CZCE
2025-06-11 13:48:49.176 | INFO | SimpleStrategy | combined: 收到行情, PK511P7800.CZCE
2025-06-11 13:48:49.176 | INFO | SimpleStrategy | combined: 收到行情, PK511P7900.CZCE
2025-06-11 13:48:49.176 | INFO | SimpleStrategy | combined: 收到行情, PK511P7900.CZCE
2025-06-11 13:48:49.176 | INFO | SimpleStrategy | combined: 收到行情, PK511P8000.CZCE
2025-06-11 13:48:49.176 | INFO | SimpleStrategy | combined: 收到行情, PK511P8000.CZCE
2025-06-11 13:48:49.176 | INFO | SimpleStrategy | combined: 收到行情, PK511P8100.CZCE
2025-06-11 13:48:49.176 | INFO | SimpleStrategy | combined: 收到行情, PK511P8100.CZCE
2025-06-11 13:48:49.177 | INFO | SimpleStrategy | combined: 收到行情, PK511P8200.CZCE
2025-06-11 13:48:49.177 | INFO | SimpleStrategy | combined: 收到行情, PK511P8200.CZCE
2025-06-11 13:48:49.177 | INFO | SimpleStrategy | combined: 收到行情, PK511P8300.CZCE
2025-06-11 13:48:49.177 | INFO | SimpleStrategy | combined: 收到行情, PK511P8300.CZCE
2025-06-11 13:48:49.177 | INFO | SimpleStrategy | combined: 收到行情, PK511P8400.CZCE
2025-06-11 13:48:49.177 | INFO | SimpleStrategy | combined: 收到行情, PK511P8400.CZCE
2025-06-11 13:48:49.177 | INFO | SimpleStrategy | combined: 收到行情, PK511P8500.CZCE
2025-06-11 13:48:49.177 | INFO | SimpleStrategy | combined: 收到行情, PK511P8500.CZCE
2025-06-11 13:48:49.177 | INFO | SimpleStrategy | combined: 收到行情, PK511P8600.CZCE
2025-06-11 13:48:49.177 | INFO | SimpleStrategy | combined: 收到行情, PK511P8600.CZCE
2025-06-11 13:48:49.177 | INFO | SimpleStrategy | combined: 收到行情, PK511P8700.CZCE
2025-06-11 13:48:49.177 | INFO | SimpleStrategy | combined: 收到行情, PK511P8700.CZCE
2025-06-11 13:48:49.177 | INFO | SimpleStrategy | combined: 收到行情, PK511P8800.CZCE
2025-06-11 13:48:49.177 | INFO | SimpleStrategy | combined: 收到行情, PK511P8800.CZCE
2025-06-11 13:48:49.178 | INFO | SimpleStrategy | combined: 收到行情, PK511P8900.CZCE
2025-06-11 13:48:49.178 | INFO | SimpleStrategy | combined: 收到行情, PK511P8900.CZCE
2025-06-11 13:48:49.178 | INFO | SimpleStrategy | combined: 收到行情, PK511P9000.CZCE
2025-06-11 13:48:49.178 | INFO | SimpleStrategy | combined: 收到行情, PK511P9000.CZCE
2025-06-11 13:48:49.178 | INFO | SimpleStrategy | combined: 收到行情, PK511P9100.CZCE
2025-06-11 13:48:49.178 | INFO | SimpleStrategy | combined: 收到行情, PK511P9100.CZCE
2025-06-11 13:48:49.178 | INFO | SimpleStrategy | combined: 收到行情, PK511P9200.CZCE
2025-06-11 13:48:49.178 | INFO | SimpleStrategy | combined: 收到行情, PK511P9200.CZCE
2025-06-11 13:48:49.178 | INFO | SimpleStrategy | combined: 收到行情, PR507C4900.CZCE
2025-06-11 13:48:49.178 | INFO | SimpleStrategy | combined: 收到行情, PR507C4900.CZCE
2025-06-11 13:48:49.178 | INFO | SimpleStrategy | combined: 收到行情, PR507C4950.CZCE
2025-06-11 13:48:49.178 | INFO | SimpleStrategy | combined: 收到行情, PR507C4950.CZCE
2025-06-11 13:48:49.178 | INFO | SimpleStrategy | combined: 收到行情, PR507C5000.CZCE
2025-06-11 13:48:49.178 | INFO | SimpleStrategy | combined: 收到行情, PR507C5000.CZCE
2025-06-11 13:48:49.179 | INFO | SimpleStrategy | combined: 收到行情, PR507C5100.CZCE
2025-06-11 13:48:49.179 | INFO | SimpleStrategy | combined: 收到行情, PR507C5100.CZCE
2025-06-11 13:48:49.179 | INFO | SimpleStrategy | combined: 收到行情, PR507C5200.CZCE
2025-06-11 13:48:49.179 | INFO | SimpleStrategy | combined: 收到行情, PR507C5200.CZCE
2025-06-11 13:48:49.179 | INFO | SimpleStrategy | combined: 收到行情, PR507C5300.CZCE
2025-06-11 13:48:49.179 | INFO | SimpleStrategy | combined: 收到行情, PR507C5300.CZCE
2025-06-11 13:48:49.179 | INFO | SimpleStrategy | combined: 收到行情, PR507C5400.CZCE
2025-06-11 13:48:49.179 | INFO | SimpleStrategy | combined: 收到行情, PR507C5400.CZCE
2025-06-11 13:48:49.179 | INFO | SimpleStrategy | combined: 收到行情, PR507C5500.CZCE
2025-06-11 13:48:49.179 | INFO | SimpleStrategy | combined: 收到行情, PR507C5500.CZCE
2025-06-11 13:48:49.179 | INFO | SimpleStrategy | combined: 收到行情, PR507C5600.CZCE
2025-06-11 13:48:49.179 | INFO | SimpleStrategy | combined: 收到行情, PR507C5600.CZCE
2025-06-11 13:48:49.179 | INFO | SimpleStrategy | combined: 收到行情, PR507C5700.CZCE
2025-06-11 13:48:49.180 | INFO | SimpleStrategy | combined: 收到行情, PR507C5700.CZCE
2025-06-11 13:48:49.180 | INFO | SimpleStrategy | combined: 收到行情, PR507C5800.CZCE
2025-06-11 13:48:49.180 | INFO | SimpleStrategy | combined: 收到行情, PR507C5800.CZCE
2025-06-11 13:48:49.180 | INFO | SimpleStrategy | combined: 收到行情, PR507C5900.CZCE
2025-06-11 13:48:49.180 | INFO | SimpleStrategy | combined: 收到行情, PR507C5900.CZCE
2025-06-11 13:48:49.180 | INFO | SimpleStrategy | combined: 收到行情, PR507C6000.CZCE
2025-06-11 13:48:49.180 | INFO | SimpleStrategy | combined: 收到行情, PR507C6000.CZCE
2025-06-11 13:48:49.180 | INFO | SimpleStrategy | combined: 收到行情, PR507C6100.CZCE
2025-06-11 13:48:49.180 | INFO | SimpleStrategy | combined: 收到行情, PR507C6100.CZCE
2025-06-11 13:48:49.180 | INFO | SimpleStrategy | combined: 收到行情, PR507C6200.CZCE
2025-06-11 13:48:49.180 | INFO | SimpleStrategy | combined: 收到行情, PR507C6200.CZCE
2025-06-11 13:48:49.180 | INFO | SimpleStrategy | combined: 收到行情, PR507C6300.CZCE
2025-06-11 13:48:49.180 | INFO | SimpleStrategy | combined: 收到行情, PR507C6300.CZCE
2025-06-11 13:48:49.180 | INFO | SimpleStrategy | combined: 收到行情, PR507C6400.CZCE
2025-06-11 13:48:49.181 | INFO | SimpleStrategy | combined: 收到行情, PR507C6400.CZCE
2025-06-11 13:48:49.181 | INFO | SimpleStrategy | combined: 收到行情, PR507C6500.CZCE
2025-06-11 13:48:49.181 | INFO | SimpleStrategy | combined: 收到行情, PR507C6500.CZCE
2025-06-11 13:48:49.181 | INFO | SimpleStrategy | combined: 收到行情, PR507C6600.CZCE
2025-06-11 13:48:49.181 | INFO | SimpleStrategy | combined: 收到行情, PR507C6600.CZCE
2025-06-11 13:48:49.181 | INFO | SimpleStrategy | combined: 收到行情, PR507C6700.CZCE
2025-06-11 13:48:49.181 | INFO | SimpleStrategy | combined: 收到行情, PR507C6700.CZCE
2025-06-11 13:48:49.181 | INFO | SimpleStrategy | combined: 收到行情, PR507C6800.CZCE
2025-06-11 13:48:49.181 | INFO | SimpleStrategy | combined: 收到行情, PR507C6800.CZCE
2025-06-11 13:48:49.181 | INFO | SimpleStrategy | combined: 收到行情, PR507P4900.CZCE
2025-06-11 13:48:49.181 | INFO | SimpleStrategy | combined: 收到行情, PR507P4900.CZCE
2025-06-11 13:48:49.181 | INFO | SimpleStrategy | combined: 收到行情, PR507P4950.CZCE
2025-06-11 13:48:49.181 | INFO | SimpleStrategy | combined: 收到行情, PR507P4950.CZCE
2025-06-11 13:48:49.181 | INFO | SimpleStrategy | combined: 收到行情, PR507P5000.CZCE
2025-06-11 13:48:49.181 | INFO | SimpleStrategy | combined: 收到行情, PR507P5000.CZCE
2025-06-11 13:48:49.181 | INFO | SimpleStrategy | combined: 收到行情, PR507P5100.CZCE
2025-06-11 13:48:49.182 | INFO | SimpleStrategy | combined: 收到行情, PR507P5100.CZCE
2025-06-11 13:48:49.182 | INFO | SimpleStrategy | combined: 收到行情, PR507P5200.CZCE
2025-06-11 13:48:49.182 | INFO | SimpleStrategy | combined: 收到行情, PR507P5200.CZCE
2025-06-11 13:48:49.182 | INFO | SimpleStrategy | combined: 收到行情, PR507P5300.CZCE
2025-06-11 13:48:49.182 | INFO | SimpleStrategy | combined: 收到行情, PR507P5300.CZCE
2025-06-11 13:48:49.182 | INFO | SimpleStrategy | combined: 收到行情, PR507P5400.CZCE
2025-06-11 13:48:49.182 | INFO | SimpleStrategy | combined: 收到行情, PR507P5400.CZCE
2025-06-11 13:48:49.182 | INFO | SimpleStrategy | combined: 收到行情, PR507P5500.CZCE
2025-06-11 13:48:49.182 | INFO | SimpleStrategy | combined: 收到行情, PR507P5500.CZCE
2025-06-11 13:48:49.182 | INFO | SimpleStrategy | combined: 收到行情, PR507P5600.CZCE
2025-06-11 13:48:49.182 | INFO | SimpleStrategy | combined: 收到行情, PR507P5600.CZCE
2025-06-11 13:48:49.182 | INFO | SimpleStrategy | combined: 收到行情, PR507P5700.CZCE
2025-06-11 13:48:49.182 | INFO | SimpleStrategy | combined: 收到行情, PR507P5700.CZCE
2025-06-11 13:48:49.182 | INFO | SimpleStrategy | combined: 收到行情, PR507P5800.CZCE
2025-06-11 13:48:49.182 | INFO | SimpleStrategy | combined: 收到行情, PR507P5800.CZCE
2025-06-11 13:48:49.182 | INFO | SimpleStrategy | combined: 收到行情, PR507P5900.CZCE
2025-06-11 13:48:49.183 | INFO | SimpleStrategy | combined: 收到行情, PR507P5900.CZCE
2025-06-11 13:48:49.183 | INFO | SimpleStrategy | combined: 收到行情, PR507P6000.CZCE
2025-06-11 13:48:49.183 | INFO | SimpleStrategy | combined: 收到行情, PR507P6000.CZCE
2025-06-11 13:48:49.183 | INFO | SimpleStrategy | combined: 收到行情, PR507P6100.CZCE
2025-06-11 13:48:49.183 | INFO | SimpleStrategy | combined: 收到行情, PR507P6100.CZCE
2025-06-11 13:48:49.183 | INFO | SimpleStrategy | combined: 收到行情, PR507P6200.CZCE
2025-06-11 13:48:49.183 | INFO | SimpleStrategy | combined: 收到行情, PR507P6200.CZCE
2025-06-11 13:48:49.183 | INFO | SimpleStrategy | combined: 收到行情, PR507P6300.CZCE
2025-06-11 13:48:49.183 | INFO | SimpleStrategy | combined: 收到行情, PR507P6300.CZCE
2025-06-11 13:48:49.183 | INFO | SimpleStrategy | combined: 收到行情, PR507P6400.CZCE
2025-06-11 13:48:49.183 | INFO | SimpleStrategy | combined: 收到行情, PR507P6400.CZCE
2025-06-11 13:48:49.183 | INFO | SimpleStrategy | combined: 收到行情, PR507P6500.CZCE
2025-06-11 13:48:49.183 | INFO | SimpleStrategy | combined: 收到行情, PR507P6500.CZCE
2025-06-11 13:48:49.183 | INFO | SimpleStrategy | combined: 收到行情, PR507P6600.CZCE
2025-06-11 13:48:49.183 | INFO | SimpleStrategy | combined: 收到行情, PR507P6600.CZCE
2025-06-11 13:48:49.184 | INFO | SimpleStrategy | combined: 收到行情, PR507P6700.CZCE
2025-06-11 13:48:49.184 | INFO | SimpleStrategy | combined: 收到行情, PR507P6700.CZCE
2025-06-11 13:48:49.184 | INFO | SimpleStrategy | combined: 收到行情, PR507P6800.CZCE
2025-06-11 13:48:49.184 | INFO | SimpleStrategy | combined: 收到行情, PR507P6800.CZCE
2025-06-11 13:48:49.184 | INFO | SimpleStrategy | combined: 收到行情, PR508C5100.CZCE
2025-06-11 13:48:49.184 | INFO | SimpleStrategy | combined: 收到行情, PR508C5100.CZCE
2025-06-11 13:48:49.184 | INFO | SimpleStrategy | combined: 收到行情, PR508C5200.CZCE
2025-06-11 13:48:49.184 | INFO | SimpleStrategy | combined: 收到行情, PR508C5200.CZCE
2025-06-11 13:48:49.184 | INFO | SimpleStrategy | combined: 收到行情, PR508C5300.CZCE
2025-06-11 13:48:49.184 | INFO | SimpleStrategy | combined: 收到行情, PR508C5300.CZCE
2025-06-11 13:48:49.184 | INFO | SimpleStrategy | combined: 收到行情, PR508C5400.CZCE
2025-06-11 13:48:49.184 | INFO | SimpleStrategy | combined: 收到行情, PR508C5400.CZCE
2025-06-11 13:48:49.185 | INFO | SimpleStrategy | combined: 收到行情, PR508C5500.CZCE
2025-06-11 13:48:49.185 | INFO | SimpleStrategy | combined: 收到行情, PR508C5500.CZCE
2025-06-11 13:48:49.185 | INFO | SimpleStrategy | combined: 收到行情, PR508C5600.CZCE
2025-06-11 13:48:49.185 | INFO | SimpleStrategy | combined: 收到行情, PR508C5600.CZCE
2025-06-11 13:48:49.185 | INFO | SimpleStrategy | combined: 收到行情, PR508C5700.CZCE
2025-06-11 13:48:49.185 | INFO | SimpleStrategy | combined: 收到行情, PR508C5700.CZCE
2025-06-11 13:48:49.185 | INFO | SimpleStrategy | combined: 收到行情, PR508C5800.CZCE
2025-06-11 13:48:49.185 | INFO | SimpleStrategy | combined: 收到行情, PR508C5800.CZCE
2025-06-11 13:48:49.185 | INFO | SimpleStrategy | combined: 收到行情, PR508C5900.CZCE
2025-06-11 13:48:49.185 | INFO | SimpleStrategy | combined: 收到行情, PR508C5900.CZCE
2025-06-11 13:48:49.185 | INFO | SimpleStrategy | combined: 收到行情, PR508C6000.CZCE
2025-06-11 13:48:49.185 | INFO | SimpleStrategy | combined: 收到行情, PR508C6000.CZCE
2025-06-11 13:48:49.185 | INFO | SimpleStrategy | combined: 收到行情, PR508C6100.CZCE
2025-06-11 13:48:49.185 | INFO | SimpleStrategy | combined: 收到行情, PR508C6100.CZCE
2025-06-11 13:48:49.185 | INFO | SimpleStrategy | combined: 收到行情, PR508C6200.CZCE
2025-06-11 13:48:49.186 | INFO | SimpleStrategy | combined: 收到行情, PR508C6200.CZCE
2025-06-11 13:48:49.186 | INFO | SimpleStrategy | combined: 收到行情, PR508C6300.CZCE
2025-06-11 13:48:49.186 | INFO | SimpleStrategy | combined: 收到行情, PR508C6300.CZCE
2025-06-11 13:48:49.186 | INFO | SimpleStrategy | combined: 收到行情, PR508C6400.CZCE
2025-06-11 13:48:49.186 | INFO | SimpleStrategy | combined: 收到行情, PR508C6400.CZCE
2025-06-11 13:48:49.186 | INFO | SimpleStrategy | combined: 收到行情, PR508C6500.CZCE
2025-06-11 13:48:49.186 | INFO | SimpleStrategy | combined: 收到行情, PR508C6500.CZCE
2025-06-11 13:48:49.186 | INFO | SimpleStrategy | combined: 收到行情, PR508C6600.CZCE
2025-06-11 13:48:49.186 | INFO | SimpleStrategy | combined: 收到行情, PR508C6600.CZCE
2025-06-11 13:48:49.186 | INFO | SimpleStrategy | combined: 收到行情, PR508C6700.CZCE
2025-06-11 13:48:49.186 | INFO | SimpleStrategy | combined: 收到行情, PR508C6700.CZCE
2025-06-11 13:48:49.186 | INFO | SimpleStrategy | combined: 收到行情, PR508P5100.CZCE
2025-06-11 13:48:49.186 | INFO | SimpleStrategy | combined: 收到行情, PR508P5100.CZCE
2025-06-11 13:48:49.186 | INFO | SimpleStrategy | combined: 收到行情, PR508P5200.CZCE
2025-06-11 13:48:49.187 | INFO | SimpleStrategy | combined: 收到行情, PR508P5200.CZCE
2025-06-11 13:48:49.187 | INFO | SimpleStrategy | combined: 收到行情, PR508P5300.CZCE
2025-06-11 13:48:49.187 | INFO | SimpleStrategy | combined: 收到行情, PR508P5300.CZCE
2025-06-11 13:48:49.187 | INFO | SimpleStrategy | combined: 收到行情, PR508P5400.CZCE
2025-06-11 13:48:49.187 | INFO | SimpleStrategy | combined: 收到行情, PR508P5400.CZCE
2025-06-11 13:48:49.187 | INFO | SimpleStrategy | combined: 收到行情, PR508P5500.CZCE
2025-06-11 13:48:49.187 | INFO | SimpleStrategy | combined: 收到行情, PR508P5500.CZCE
2025-06-11 13:48:49.187 | INFO | SimpleStrategy | combined: 收到行情, PR508P5600.CZCE
2025-06-11 13:48:49.187 | INFO | SimpleStrategy | combined: 收到行情, PR508P5600.CZCE
2025-06-11 13:48:49.187 | INFO | SimpleStrategy | combined: 收到行情, PR508P5700.CZCE
2025-06-11 13:48:49.187 | INFO | SimpleStrategy | combined: 收到行情, PR508P5700.CZCE
2025-06-11 13:48:49.187 | INFO | SimpleStrategy | combined: 收到行情, PR508P5800.CZCE
2025-06-11 13:48:49.188 | INFO | SimpleStrategy | combined: 收到行情, PR508P5800.CZCE
2025-06-11 13:48:49.188 | INFO | SimpleStrategy | combined: 收到行情, PR508P5900.CZCE
2025-06-11 13:48:49.188 | INFO | SimpleStrategy | combined: 收到行情, PR508P5900.CZCE
2025-06-11 13:48:49.188 | INFO | SimpleStrategy | combined: 收到行情, PR508P6000.CZCE
2025-06-11 13:48:49.188 | INFO | SimpleStrategy | combined: 收到行情, PR508P6000.CZCE
2025-06-11 13:48:49.188 | INFO | SimpleStrategy | combined: 收到行情, PR508P6100.CZCE
2025-06-11 13:48:49.188 | INFO | SimpleStrategy | combined: 收到行情, PR508P6100.CZCE
2025-06-11 13:48:49.188 | INFO | SimpleStrategy | combined: 收到行情, PR508P6200.CZCE
2025-06-11 13:48:49.188 | INFO | SimpleStrategy | combined: 收到行情, PR508P6200.CZCE
2025-06-11 13:48:49.188 | INFO | SimpleStrategy | combined: 收到行情, PR508P6300.CZCE
2025-06-11 13:48:49.189 | INFO | SimpleStrategy | combined: 收到行情, PR508P6300.CZCE
2025-06-11 13:48:49.189 | INFO | SimpleStrategy | combined: 收到行情, PR508P6400.CZCE
2025-06-11 13:48:49.189 | INFO | SimpleStrategy | combined: 收到行情, PR508P6400.CZCE
2025-06-11 13:48:49.189 | INFO | SimpleStrategy | combined: 收到行情, PR508P6500.CZCE
2025-06-11 13:48:49.189 | INFO | SimpleStrategy | combined: 收到行情, PR508P6500.CZCE
2025-06-11 13:48:49.189 | INFO | SimpleStrategy | combined: 收到行情, PR508P6600.CZCE
2025-06-11 13:48:49.189 | INFO | SimpleStrategy | combined: 收到行情, PR508P6600.CZCE
2025-06-11 13:48:49.189 | INFO | SimpleStrategy | combined: 收到行情, PR508P6700.CZCE
2025-06-11 13:48:49.189 | INFO | SimpleStrategy | combined: 收到行情, PR508P6700.CZCE
2025-06-11 13:48:49.189 | INFO | SimpleStrategy | combined: 收到行情, PX508C5300.CZCE
2025-06-11 13:48:49.189 | INFO | SimpleStrategy | combined: 收到行情, PX508C5300.CZCE
2025-06-11 13:48:49.190 | INFO | SimpleStrategy | combined: 收到行情, PX508C5400.CZCE
2025-06-11 13:48:49.190 | INFO | SimpleStrategy | combined: 收到行情, PX508C5400.CZCE
2025-06-11 13:48:49.190 | INFO | SimpleStrategy | combined: 收到行情, PX508C5500.CZCE
2025-06-11 13:48:49.190 | INFO | SimpleStrategy | combined: 收到行情, PX508C5500.CZCE
2025-06-11 13:48:49.190 | INFO | SimpleStrategy | combined: 收到行情, PX508C5600.CZCE
2025-06-11 13:48:49.190 | INFO | SimpleStrategy | combined: 收到行情, PX508C5600.CZCE
2025-06-11 13:48:49.190 | INFO | SimpleStrategy | combined: 收到行情, PX508C5700.CZCE
2025-06-11 13:48:49.190 | INFO | SimpleStrategy | combined: 收到行情, PX508C5700.CZCE
2025-06-11 13:48:49.190 | INFO | SimpleStrategy | combined: 收到行情, PX508C5800.CZCE
2025-06-11 13:48:49.190 | INFO | SimpleStrategy | combined: 收到行情, PX508C5800.CZCE
2025-06-11 13:48:49.190 | INFO | SimpleStrategy | combined: 收到行情, PX508C5900.CZCE
2025-06-11 13:48:49.190 | INFO | SimpleStrategy | combined: 收到行情, PX508C5900.CZCE
2025-06-11 13:48:49.190 | INFO | SimpleStrategy | combined: 收到行情, PX508C6000.CZCE
2025-06-11 13:48:49.190 | INFO | SimpleStrategy | combined: 收到行情, PX508C6000.CZCE
2025-06-11 13:48:49.191 | INFO | SimpleStrategy | combined: 收到行情, PX508C6100.CZCE
2025-06-11 13:48:49.191 | INFO | SimpleStrategy | combined: 收到行情, PX508C6100.CZCE
2025-06-11 13:48:49.191 | INFO | SimpleStrategy | combined: 收到行情, PX508C6200.CZCE
2025-06-11 13:48:49.191 | INFO | SimpleStrategy | combined: 收到行情, PX508C6200.CZCE
2025-06-11 13:48:49.191 | INFO | SimpleStrategy | combined: 收到行情, PX508C6300.CZCE
2025-06-11 13:48:49.191 | INFO | SimpleStrategy | combined: 收到行情, PX508C6300.CZCE
2025-06-11 13:48:49.191 | INFO | SimpleStrategy | combined: 收到行情, PX508C6400.CZCE
2025-06-11 13:48:49.191 | INFO | SimpleStrategy | combined: 收到行情, PX508C6400.CZCE
2025-06-11 13:48:49.191 | INFO | SimpleStrategy | combined: 收到行情, PX508C6500.CZCE
2025-06-11 13:48:49.191 | INFO | SimpleStrategy | combined: 收到行情, PX508C6500.CZCE
2025-06-11 13:48:49.191 | INFO | SimpleStrategy | combined: 收到行情, PX508C6600.CZCE
2025-06-11 13:48:49.192 | INFO | SimpleStrategy | combined: 收到行情, PX508C6600.CZCE
2025-06-11 13:48:49.192 | INFO | SimpleStrategy | combined: 收到行情, PX508C6700.CZCE
2025-06-11 13:48:49.192 | INFO | SimpleStrategy | combined: 收到行情, PX508C6700.CZCE
2025-06-11 13:48:49.192 | INFO | SimpleStrategy | combined: 收到行情, PX508C6800.CZCE
2025-06-11 13:48:49.192 | INFO | SimpleStrategy | combined: 收到行情, PX508C6800.CZCE
2025-06-11 13:48:49.192 | INFO | SimpleStrategy | combined: 收到行情, PX508C6900.CZCE
2025-06-11 13:48:49.192 | INFO | SimpleStrategy | combined: 收到行情, PX508C6900.CZCE
2025-06-11 13:48:49.192 | INFO | SimpleStrategy | combined: 收到行情, PX508C7000.CZCE
2025-06-11 13:48:49.192 | INFO | SimpleStrategy | combined: 收到行情, PX508C7000.CZCE
2025-06-11 13:48:49.192 | INFO | SimpleStrategy | combined: 收到行情, PX508C7100.CZCE
2025-06-11 13:48:49.192 | INFO | SimpleStrategy | combined: 收到行情, PX508C7100.CZCE
2025-06-11 13:48:49.192 | INFO | SimpleStrategy | combined: 收到行情, PX508C7200.CZCE
2025-06-11 13:48:49.192 | INFO | SimpleStrategy | combined: 收到行情, PX508C7200.CZCE
2025-06-11 13:48:49.192 | INFO | SimpleStrategy | combined: 收到行情, PX508C7300.CZCE
2025-06-11 13:48:49.192 | INFO | SimpleStrategy | combined: 收到行情, PX508C7300.CZCE
2025-06-11 13:48:49.192 | INFO | SimpleStrategy | combined: 收到行情, PX508C7400.CZCE
2025-06-11 13:48:49.192 | INFO | SimpleStrategy | combined: 收到行情, PX508C7400.CZCE
2025-06-11 13:48:49.192 | INFO | SimpleStrategy | combined: 收到行情, PX508C7500.CZCE
2025-06-11 13:48:49.192 | INFO | SimpleStrategy | combined: 收到行情, PX508C7500.CZCE
2025-06-11 13:48:49.192 | INFO | SimpleStrategy | combined: 收到行情, PX508C7600.CZCE
2025-06-11 13:48:49.192 | INFO | SimpleStrategy | combined: 收到行情, PX508C7600.CZCE
2025-06-11 13:48:49.192 | INFO | SimpleStrategy | combined: 收到行情, PX508C7700.CZCE
2025-06-11 13:48:49.192 | INFO | SimpleStrategy | combined: 收到行情, PX508C7700.CZCE
2025-06-11 13:48:49.193 | INFO | SimpleStrategy | combined: 收到行情, PX508C7800.CZCE
2025-06-11 13:48:49.193 | INFO | SimpleStrategy | combined: 收到行情, PX508C7800.CZCE
2025-06-11 13:48:49.193 | INFO | SimpleStrategy | combined: 收到行情, PX508C7900.CZCE
2025-06-11 13:48:49.193 | INFO | SimpleStrategy | combined: 收到行情, PX508C7900.CZCE
2025-06-11 13:48:49.193 | INFO | SimpleStrategy | combined: 收到行情, PX508P5300.CZCE
2025-06-11 13:48:49.193 | INFO | SimpleStrategy | combined: 收到行情, PX508P5300.CZCE
2025-06-11 13:48:49.193 | INFO | SimpleStrategy | combined: 收到行情, PX508P5400.CZCE
2025-06-11 13:48:49.193 | INFO | SimpleStrategy | combined: 收到行情, PX508P5400.CZCE
2025-06-11 13:48:49.194 | INFO | SimpleStrategy | combined: 收到行情, PX508P5500.CZCE
2025-06-11 13:48:49.194 | INFO | SimpleStrategy | combined: 收到行情, PX508P5500.CZCE
2025-06-11 13:48:49.194 | INFO | SimpleStrategy | combined: 收到行情, PX508P5600.CZCE
2025-06-11 13:48:49.194 | INFO | SimpleStrategy | combined: 收到行情, PX508P5600.CZCE
2025-06-11 13:48:49.194 | INFO | SimpleStrategy | combined: 收到行情, PX508P5700.CZCE
2025-06-11 13:48:49.194 | INFO | SimpleStrategy | combined: 收到行情, PX508P5700.CZCE
2025-06-11 13:48:49.194 | INFO | SimpleStrategy | combined: 收到行情, PX508P5800.CZCE
2025-06-11 13:48:49.194 | INFO | SimpleStrategy | combined: 收到行情, PX508P5800.CZCE
2025-06-11 13:48:49.194 | INFO | SimpleStrategy | combined: 收到行情, PX508P5900.CZCE
2025-06-11 13:48:49.194 | INFO | SimpleStrategy | combined: 收到行情, PX508P5900.CZCE
2025-06-11 13:48:49.194 | INFO | SimpleStrategy | combined: 收到行情, PX508P6000.CZCE
2025-06-11 13:48:49.194 | INFO | SimpleStrategy | combined: 收到行情, PX508P6000.CZCE
2025-06-11 13:48:49.195 | INFO | SimpleStrategy | combined: 收到行情, PX508P6100.CZCE
2025-06-11 13:48:49.195 | INFO | SimpleStrategy | combined: 收到行情, PX508P6100.CZCE
2025-06-11 13:48:49.195 | INFO | SimpleStrategy | combined: 收到行情, PX508P6200.CZCE
2025-06-11 13:48:49.195 | INFO | SimpleStrategy | combined: 收到行情, PX508P6200.CZCE
2025-06-11 13:48:49.195 | INFO | SimpleStrategy | combined: 收到行情, PX508P6300.CZCE
2025-06-11 13:48:49.195 | INFO | SimpleStrategy | combined: 收到行情, PX508P6300.CZCE
2025-06-11 13:48:49.195 | INFO | SimpleStrategy | combined: 收到行情, PX508P6400.CZCE
2025-06-11 13:48:49.195 | INFO | SimpleStrategy | combined: 收到行情, PX508P6400.CZCE
2025-06-11 13:48:49.195 | INFO | SimpleStrategy | combined: 收到行情, PX508P6500.CZCE
2025-06-11 13:48:49.195 | INFO | SimpleStrategy | combined: 收到行情, PX508P6500.CZCE
2025-06-11 13:48:49.195 | INFO | SimpleStrategy | combined: 收到行情, PX508P6600.CZCE
2025-06-11 13:48:49.195 | INFO | SimpleStrategy | combined: 收到行情, PX508P6600.CZCE
2025-06-11 13:48:49.195 | INFO | SimpleStrategy | combined: 收到行情, PX508P6700.CZCE
2025-06-11 13:48:49.195 | INFO | SimpleStrategy | combined: 收到行情, PX508P6700.CZCE
2025-06-11 13:48:49.195 | INFO | SimpleStrategy | combined: 收到行情, PX508P6800.CZCE
2025-06-11 13:48:49.195 | INFO | SimpleStrategy | combined: 收到行情, PX508P6800.CZCE
2025-06-11 13:48:49.195 | INFO | SimpleStrategy | combined: 收到行情, PX508P6900.CZCE
2025-06-11 13:48:49.195 | INFO | SimpleStrategy | combined: 收到行情, PX508P6900.CZCE
2025-06-11 13:48:49.195 | INFO | SimpleStrategy | combined: 收到行情, PX508P7000.CZCE
2025-06-11 13:48:49.195 | INFO | SimpleStrategy | combined: 收到行情, PX508P7000.CZCE
2025-06-11 13:48:49.195 | INFO | SimpleStrategy | combined: 收到行情, PX508P7100.CZCE
2025-06-11 13:48:49.195 | INFO | SimpleStrategy | combined: 收到行情, PX508P7100.CZCE
2025-06-11 13:48:49.195 | INFO | SimpleStrategy | combined: 收到行情, PX508P7200.CZCE
2025-06-11 13:48:49.195 | INFO | SimpleStrategy | combined: 收到行情, PX508P7200.CZCE
2025-06-11 13:48:49.195 | INFO | SimpleStrategy | combined: 收到行情, PX508P7300.CZCE
2025-06-11 13:48:49.196 | INFO | SimpleStrategy | combined: 收到行情, PX508P7300.CZCE
2025-06-11 13:48:49.196 | INFO | SimpleStrategy | combined: 收到行情, PX508P7400.CZCE
2025-06-11 13:48:49.196 | INFO | SimpleStrategy | combined: 收到行情, PX508P7400.CZCE
2025-06-11 13:48:49.196 | INFO | SimpleStrategy | combined: 收到行情, PX508P7500.CZCE
2025-06-11 13:48:49.196 | INFO | SimpleStrategy | combined: 收到行情, PX508P7500.CZCE
2025-06-11 13:48:49.196 | INFO | SimpleStrategy | combined: 收到行情, PX508P7600.CZCE
2025-06-11 13:48:49.196 | INFO | SimpleStrategy | combined: 收到行情, PX508P7600.CZCE
2025-06-11 13:48:49.196 | INFO | SimpleStrategy | combined: 收到行情, PX508P7700.CZCE
2025-06-11 13:48:49.196 | INFO | SimpleStrategy | combined: 收到行情, PX508P7700.CZCE
2025-06-11 13:48:49.197 | INFO | SimpleStrategy | combined: 收到行情, PX508P7800.CZCE
2025-06-11 13:48:49.197 | INFO | SimpleStrategy | combined: 收到行情, PX508P7800.CZCE
2025-06-11 13:48:49.197 | INFO | SimpleStrategy | combined: 收到行情, PX508P7900.CZCE
2025-06-11 13:48:49.197 | INFO | SimpleStrategy | combined: 收到行情, PX508P7900.CZCE
2025-06-11 13:48:49.197 | INFO | SimpleStrategy | combined: 收到行情, PX509C5200.CZCE
2025-06-11 13:48:49.197 | INFO | SimpleStrategy | combined: 收到行情, PX509C5200.CZCE
2025-06-11 13:48:49.197 | INFO | SimpleStrategy | combined: 收到行情, PX509C5300.CZCE
2025-06-11 13:48:49.197 | INFO | SimpleStrategy | combined: 收到行情, PX509C5300.CZCE
2025-06-11 13:48:49.197 | INFO | SimpleStrategy | combined: 收到行情, PX509C5400.CZCE
2025-06-11 13:48:49.197 | INFO | SimpleStrategy | combined: 收到行情, PX509C5400.CZCE
2025-06-11 13:48:49.197 | INFO | SimpleStrategy | combined: 收到行情, PX509C5500.CZCE
2025-06-11 13:48:49.197 | INFO | SimpleStrategy | combined: 收到行情, PX509C5500.CZCE
2025-06-11 13:48:49.197 | INFO | SimpleStrategy | combined: 收到行情, PX509C5600.CZCE
2025-06-11 13:48:49.197 | INFO | SimpleStrategy | combined: 收到行情, PX509C5600.CZCE
2025-06-11 13:48:49.197 | INFO | SimpleStrategy | combined: 收到行情, PX509C5700.CZCE
2025-06-11 13:48:49.197 | INFO | SimpleStrategy | combined: 收到行情, PX509C5700.CZCE
2025-06-11 13:48:49.198 | INFO | SimpleStrategy | combined: 收到行情, PX509C5800.CZCE
2025-06-11 13:48:49.198 | INFO | SimpleStrategy | combined: 收到行情, PX509C5800.CZCE
2025-06-11 13:48:49.198 | INFO | SimpleStrategy | combined: 收到行情, PX509C5900.CZCE
2025-06-11 13:48:49.198 | INFO | SimpleStrategy | combined: 收到行情, PX509C5900.CZCE
2025-06-11 13:48:49.198 | INFO | SimpleStrategy | combined: 收到行情, PX509C6000.CZCE
2025-06-11 13:48:49.198 | INFO | SimpleStrategy | combined: 收到行情, PX509C6000.CZCE
2025-06-11 13:48:49.198 | INFO | SimpleStrategy | combined: 收到行情, PX509C6100.CZCE
2025-06-11 13:48:49.198 | INFO | SimpleStrategy | combined: 收到行情, PX509C6100.CZCE
2025-06-11 13:48:49.198 | INFO | SimpleStrategy | combined: 收到行情, PX509C6200.CZCE
2025-06-11 13:48:49.198 | INFO | SimpleStrategy | combined: 收到行情, PX509C6200.CZCE
2025-06-11 13:48:49.198 | INFO | SimpleStrategy | combined: 收到行情, PX509C6300.CZCE
2025-06-11 13:48:49.198 | INFO | SimpleStrategy | combined: 收到行情, PX509C6300.CZCE
2025-06-11 13:48:49.198 | INFO | SimpleStrategy | combined: 收到行情, PX509C6400.CZCE
2025-06-11 13:48:49.198 | INFO | SimpleStrategy | combined: 收到行情, PX509C6400.CZCE
2025-06-11 13:48:49.198 | INFO | SimpleStrategy | combined: 收到行情, PX509C6500.CZCE
2025-06-11 13:48:49.198 | INFO | SimpleStrategy | combined: 收到行情, PX509C6500.CZCE
2025-06-11 13:48:49.198 | INFO | SimpleStrategy | combined: 收到行情, PX509C6600.CZCE
2025-06-11 13:48:49.198 | INFO | SimpleStrategy | combined: 收到行情, PX509C6600.CZCE
2025-06-11 13:48:49.198 | INFO | SimpleStrategy | combined: 收到行情, PX509C6700.CZCE
2025-06-11 13:48:49.198 | INFO | SimpleStrategy | combined: 收到行情, PX509C6700.CZCE
2025-06-11 13:48:49.198 | INFO | SimpleStrategy | combined: 收到行情, PX509C6800.CZCE
2025-06-11 13:48:49.198 | INFO | SimpleStrategy | combined: 收到行情, PX509C6800.CZCE
2025-06-11 13:48:49.198 | INFO | SimpleStrategy | combined: 收到行情, PX509C6900.CZCE
2025-06-11 13:48:49.199 | INFO | SimpleStrategy | combined: 收到行情, PX509C6900.CZCE
2025-06-11 13:48:49.199 | INFO | SimpleStrategy | combined: 收到行情, PX509C7000.CZCE
2025-06-11 13:48:49.199 | INFO | SimpleStrategy | combined: 收到行情, PX509C7000.CZCE
2025-06-11 13:48:49.199 | INFO | SimpleStrategy | combined: 收到行情, PX509C7100.CZCE
2025-06-11 13:48:49.199 | INFO | SimpleStrategy | combined: 收到行情, PX509C7100.CZCE
2025-06-11 13:48:49.199 | INFO | SimpleStrategy | combined: 收到行情, PX509C7200.CZCE
2025-06-11 13:48:49.199 | INFO | SimpleStrategy | combined: 收到行情, PX509C7200.CZCE
2025-06-11 13:48:49.199 | INFO | SimpleStrategy | combined: 收到行情, PX509C7300.CZCE
2025-06-11 13:48:49.199 | INFO | SimpleStrategy | combined: 收到行情, PX509C7300.CZCE
2025-06-11 13:48:49.199 | INFO | SimpleStrategy | combined: 收到行情, PX509C7400.CZCE
2025-06-11 13:48:49.199 | INFO | SimpleStrategy | combined: 收到行情, PX509C7400.CZCE
2025-06-11 13:48:49.199 | INFO | SimpleStrategy | combined: 收到行情, PX509C7500.CZCE
2025-06-11 13:48:49.199 | INFO | SimpleStrategy | combined: 收到行情, PX509C7500.CZCE
2025-06-11 13:48:49.199 | INFO | SimpleStrategy | combined: 收到行情, PX509C7600.CZCE
2025-06-11 13:48:49.200 | INFO | SimpleStrategy | combined: 收到行情, PX509C7600.CZCE
2025-06-11 13:48:49.201 | INFO | SimpleStrategy | combined: 收到行情, PX509C7700.CZCE
2025-06-11 13:48:49.201 | INFO | SimpleStrategy | combined: 收到行情, PX509C7700.CZCE
2025-06-11 13:48:49.201 | INFO | SimpleStrategy | combined: 收到行情, PX509C7800.CZCE
2025-06-11 13:48:49.201 | INFO | SimpleStrategy | combined: 收到行情, PX509C7800.CZCE
2025-06-11 13:48:49.201 | INFO | SimpleStrategy | combined: 收到行情, PX509C7900.CZCE
2025-06-11 13:48:49.201 | INFO | SimpleStrategy | combined: 收到行情, PX509C7900.CZCE
2025-06-11 13:48:49.201 | INFO | SimpleStrategy | combined: 收到行情, PX509C8000.CZCE
2025-06-11 13:48:49.201 | INFO | SimpleStrategy | combined: 收到行情, PX509C8000.CZCE
2025-06-11 13:48:49.201 | INFO | SimpleStrategy | combined: 收到行情, PX509C8100.CZCE
2025-06-11 13:48:49.201 | INFO | SimpleStrategy | combined: 收到行情, PX509C8100.CZCE
2025-06-11 13:48:49.201 | INFO | SimpleStrategy | combined: 收到行情, PX509C8200.CZCE
2025-06-11 13:48:49.201 | INFO | SimpleStrategy | combined: 收到行情, PX509C8200.CZCE
2025-06-11 13:48:49.201 | INFO | SimpleStrategy | combined: 收到行情, PX509C8300.CZCE
2025-06-11 13:48:49.201 | INFO | SimpleStrategy | combined: 收到行情, PX509C8300.CZCE
2025-06-11 13:48:49.201 | INFO | SimpleStrategy | combined: 收到行情, PX509C8400.CZCE
2025-06-11 13:48:49.201 | INFO | SimpleStrategy | combined: 收到行情, PX509C8400.CZCE
2025-06-11 13:48:49.201 | INFO | SimpleStrategy | combined: 收到行情, PX509P5200.CZCE
2025-06-11 13:48:49.201 | INFO | SimpleStrategy | combined: 收到行情, PX509P5200.CZCE
2025-06-11 13:48:49.201 | INFO | SimpleStrategy | combined: 收到行情, PX509P5300.CZCE
2025-06-11 13:48:49.201 | INFO | SimpleStrategy | combined: 收到行情, PX509P5300.CZCE
2025-06-11 13:48:49.201 | INFO | SimpleStrategy | combined: 收到行情, PX509P5400.CZCE
2025-06-11 13:48:49.201 | INFO | SimpleStrategy | combined: 收到行情, PX509P5400.CZCE
2025-06-11 13:48:49.201 | INFO | SimpleStrategy | combined: 收到行情, PX509P5500.CZCE
2025-06-11 13:48:49.202 | INFO | SimpleStrategy | combined: 收到行情, PX509P5500.CZCE
2025-06-11 13:48:49.202 | INFO | SimpleStrategy | combined: 收到行情, PX509P5600.CZCE
2025-06-11 13:48:49.202 | INFO | SimpleStrategy | combined: 收到行情, PX509P5600.CZCE
2025-06-11 13:48:49.202 | INFO | SimpleStrategy | combined: 收到行情, PX509P5700.CZCE
2025-06-11 13:48:49.202 | INFO | SimpleStrategy | combined: 收到行情, PX509P5700.CZCE
2025-06-11 13:48:49.202 | INFO | SimpleStrategy | combined: 收到行情, PX509P5800.CZCE
2025-06-11 13:48:49.202 | INFO | SimpleStrategy | combined: 收到行情, PX509P5800.CZCE
2025-06-11 13:48:49.202 | INFO | SimpleStrategy | combined: 收到行情, PX509P5900.CZCE
2025-06-11 13:48:49.202 | INFO | SimpleStrategy | combined: 收到行情, PX509P5900.CZCE
2025-06-11 13:48:49.203 | INFO | SimpleStrategy | combined: 收到行情, PX509P6000.CZCE
2025-06-11 13:48:49.203 | INFO | SimpleStrategy | combined: 收到行情, PX509P6000.CZCE
2025-06-11 13:48:49.203 | INFO | SimpleStrategy | combined: 收到行情, PX509P6100.CZCE
2025-06-11 13:48:49.203 | INFO | SimpleStrategy | combined: 收到行情, PX509P6100.CZCE
2025-06-11 13:48:49.203 | INFO | SimpleStrategy | combined: 收到行情, PX509P6200.CZCE
2025-06-11 13:48:49.203 | INFO | SimpleStrategy | combined: 收到行情, PX509P6200.CZCE
2025-06-11 13:48:49.203 | INFO | SimpleStrategy | combined: 收到行情, PX509P6300.CZCE
2025-06-11 13:48:49.203 | INFO | SimpleStrategy | combined: 收到行情, PX509P6300.CZCE
2025-06-11 13:48:49.203 | INFO | SimpleStrategy | combined: 收到行情, PX509P6400.CZCE
2025-06-11 13:48:49.203 | INFO | SimpleStrategy | combined: 收到行情, PX509P6400.CZCE
2025-06-11 13:48:49.204 | INFO | SimpleStrategy | combined: 收到行情, PX509P6500.CZCE
2025-06-11 13:48:49.204 | INFO | SimpleStrategy | combined: 收到行情, PX509P6500.CZCE
2025-06-11 13:48:49.205 | INFO | SimpleStrategy | combined: 收到行情, PX509P6600.CZCE
2025-06-11 13:48:49.205 | INFO | SimpleStrategy | combined: 收到行情, PX509P6600.CZCE
2025-06-11 13:48:49.206 | INFO | SimpleStrategy | combined: 收到行情, PX509P6700.CZCE
2025-06-11 13:48:49.206 | INFO | SimpleStrategy | combined: 收到行情, PX509P6700.CZCE
2025-06-11 13:48:49.206 | INFO | SimpleStrategy | combined: 收到行情, PX509P6800.CZCE
2025-06-11 13:48:49.206 | INFO | SimpleStrategy | combined: 收到行情, PX509P6800.CZCE
2025-06-11 13:48:49.207 | INFO | SimpleStrategy | combined: 收到行情, PX509P6900.CZCE
2025-06-11 13:48:49.207 | INFO | SimpleStrategy | combined: 收到行情, PX509P6900.CZCE
2025-06-11 13:48:49.207 | INFO | SimpleStrategy | combined: 收到行情, PX509P7000.CZCE
2025-06-11 13:48:49.208 | INFO | SimpleStrategy | combined: 收到行情, PX509P7000.CZCE
2025-06-11 13:48:49.208 | INFO | SimpleStrategy | combined: 收到行情, PX509P7100.CZCE
2025-06-11 13:48:49.208 | INFO | SimpleStrategy | combined: 收到行情, PX509P7100.CZCE
2025-06-11 13:48:49.208 | INFO | SimpleStrategy | combined: 收到行情, PX509P7200.CZCE
2025-06-11 13:48:49.208 | INFO | SimpleStrategy | combined: 收到行情, PX509P7200.CZCE
2025-06-11 13:48:49.208 | INFO | SimpleStrategy | combined: 收到行情, PX509P7300.CZCE
2025-06-11 13:48:49.209 | INFO | SimpleStrategy | combined: 收到行情, PX509P7300.CZCE
2025-06-11 13:48:49.209 | INFO | SimpleStrategy | combined: 收到行情, PX509P7400.CZCE
2025-06-11 13:48:49.209 | INFO | SimpleStrategy | combined: 收到行情, PX509P7400.CZCE
2025-06-11 13:48:49.209 | INFO | SimpleStrategy | combined: 收到行情, PX509P7500.CZCE
2025-06-11 13:48:49.209 | INFO | SimpleStrategy | combined: 收到行情, PX509P7500.CZCE
2025-06-11 13:48:49.209 | INFO | SimpleStrategy | combined: 收到行情, PX509P7600.CZCE
2025-06-11 13:48:49.210 | INFO | SimpleStrategy | combined: 收到行情, PX509P7600.CZCE
2025-06-11 13:48:49.210 | INFO | SimpleStrategy | combined: 收到行情, PX509P7700.CZCE
2025-06-11 13:48:49.210 | INFO | SimpleStrategy | combined: 收到行情, PX509P7700.CZCE
2025-06-11 13:48:49.210 | INFO | SimpleStrategy | combined: 收到行情, PX509P7800.CZCE
2025-06-11 13:48:49.210 | INFO | SimpleStrategy | combined: 收到行情, PX509P7800.CZCE
2025-06-11 13:48:49.210 | INFO | SimpleStrategy | combined: 收到行情, PX509P7900.CZCE
2025-06-11 13:48:49.210 | INFO | SimpleStrategy | combined: 收到行情, PX509P7900.CZCE
2025-06-11 13:48:49.210 | INFO | SimpleStrategy | combined: 收到行情, PX509P8000.CZCE
2025-06-11 13:48:49.211 | INFO | SimpleStrategy | combined: 收到行情, PX509P8000.CZCE
2025-06-11 13:48:49.211 | INFO | SimpleStrategy | combined: 收到行情, PX509P8100.CZCE
2025-06-11 13:48:49.211 | INFO | SimpleStrategy | combined: 收到行情, PX509P8100.CZCE
2025-06-11 13:48:49.211 | INFO | SimpleStrategy | combined: 收到行情, PX509P8200.CZCE
2025-06-11 13:48:49.211 | INFO | SimpleStrategy | combined: 收到行情, PX509P8200.CZCE
2025-06-11 13:48:49.211 | INFO | SimpleStrategy | combined: 收到行情, PX509P8300.CZCE
2025-06-11 13:48:49.212 | INFO | SimpleStrategy | combined: 收到行情, PX509P8300.CZCE
2025-06-11 13:48:49.212 | INFO | SimpleStrategy | combined: 收到行情, PX509P8400.CZCE
2025-06-11 13:48:49.212 | INFO | SimpleStrategy | combined: 收到行情, PX509P8400.CZCE
2025-06-11 13:48:49.212 | INFO | SimpleStrategy | combined: 收到行情, RM507C2000.CZCE
2025-06-11 13:48:49.212 | INFO | SimpleStrategy | combined: 收到行情, RM507C2000.CZCE
2025-06-11 13:48:49.212 | INFO | SimpleStrategy | combined: 收到行情, RM507C2025.CZCE
2025-06-11 13:48:49.212 | INFO | SimpleStrategy | combined: 收到行情, RM507C2025.CZCE
2025-06-11 13:48:49.213 | INFO | SimpleStrategy | combined: 收到行情, RM507C2050.CZCE
2025-06-11 13:48:49.213 | INFO | SimpleStrategy | combined: 收到行情, RM507C2050.CZCE
2025-06-11 13:48:49.213 | INFO | SimpleStrategy | combined: 收到行情, RM507C2075.CZCE
2025-06-11 13:48:49.213 | INFO | SimpleStrategy | combined: 收到行情, RM507C2075.CZCE
2025-06-11 13:48:49.214 | INFO | SimpleStrategy | combined: 收到行情, RM507C2100.CZCE
2025-06-11 13:48:49.214 | INFO | SimpleStrategy | combined: 收到行情, RM507C2100.CZCE
2025-06-11 13:48:49.214 | INFO | SimpleStrategy | combined: 收到行情, RM507C2125.CZCE
2025-06-11 13:48:49.215 | INFO | SimpleStrategy | combined: 收到行情, RM507C2125.CZCE
2025-06-11 13:48:49.215 | INFO | SimpleStrategy | combined: 收到行情, RM507C2150.CZCE
2025-06-11 13:48:49.215 | INFO | SimpleStrategy | combined: 收到行情, RM507C2150.CZCE
2025-06-11 13:48:49.215 | INFO | SimpleStrategy | combined: 收到行情, RM507C2175.CZCE
2025-06-11 13:48:49.216 | INFO | SimpleStrategy | combined: 收到行情, RM507C2175.CZCE
2025-06-11 13:48:49.216 | INFO | SimpleStrategy | combined: 收到行情, RM507C2200.CZCE
2025-06-11 13:48:49.216 | INFO | SimpleStrategy | combined: 收到行情, RM507C2200.CZCE
2025-06-11 13:48:49.216 | INFO | SimpleStrategy | combined: 收到行情, RM507C2225.CZCE
2025-06-11 13:48:49.216 | INFO | SimpleStrategy | combined: 收到行情, RM507C2225.CZCE
2025-06-11 13:48:49.216 | INFO | SimpleStrategy | combined: 收到行情, RM507C2250.CZCE
2025-06-11 13:48:49.217 | INFO | SimpleStrategy | combined: 收到行情, RM507C2250.CZCE
2025-06-11 13:48:49.217 | INFO | SimpleStrategy | combined: 收到行情, RM507C2275.CZCE
2025-06-11 13:48:49.217 | INFO | SimpleStrategy | combined: 收到行情, RM507C2275.CZCE
2025-06-11 13:48:49.217 | INFO | SimpleStrategy | combined: 收到行情, RM507C2300.CZCE
2025-06-11 13:48:49.217 | INFO | SimpleStrategy | combined: 收到行情, RM507C2300.CZCE
2025-06-11 13:48:49.217 | INFO | SimpleStrategy | combined: 收到行情, RM507C2325.CZCE
2025-06-11 13:48:49.218 | INFO | SimpleStrategy | combined: 收到行情, RM507C2325.CZCE
2025-06-11 13:48:49.218 | INFO | SimpleStrategy | combined: 收到行情, RM507C2350.CZCE
2025-06-11 13:48:49.218 | INFO | SimpleStrategy | combined: 收到行情, RM507C2350.CZCE
2025-06-11 13:48:49.218 | INFO | SimpleStrategy | combined: 收到行情, RM507C2375.CZCE
2025-06-11 13:48:49.218 | INFO | SimpleStrategy | combined: 收到行情, RM507C2375.CZCE
2025-06-11 13:48:49.218 | INFO | SimpleStrategy | combined: 收到行情, RM507C2400.CZCE
2025-06-11 13:48:49.218 | INFO | SimpleStrategy | combined: 收到行情, RM507C2400.CZCE
2025-06-11 13:48:49.218 | INFO | SimpleStrategy | combined: 收到行情, RM507C2425.CZCE
2025-06-11 13:48:49.219 | INFO | SimpleStrategy | combined: 收到行情, RM507C2425.CZCE
2025-06-11 13:48:49.219 | INFO | SimpleStrategy | combined: 收到行情, RM507C2450.CZCE
2025-06-11 13:48:49.219 | INFO | SimpleStrategy | combined: 收到行情, RM507C2450.CZCE
2025-06-11 13:48:49.219 | INFO | SimpleStrategy | combined: 收到行情, RM507C2475.CZCE
2025-06-11 13:48:49.219 | INFO | SimpleStrategy | combined: 收到行情, RM507C2475.CZCE
2025-06-11 13:48:49.219 | INFO | SimpleStrategy | combined: 收到行情, RM507C2500.CZCE
2025-06-11 13:48:49.220 | INFO | SimpleStrategy | combined: 收到行情, RM507C2500.CZCE
2025-06-11 13:48:49.220 | INFO | SimpleStrategy | combined: 收到行情, RM507C2550.CZCE
2025-06-11 13:48:49.220 | INFO | SimpleStrategy | combined: 收到行情, RM507C2550.CZCE
2025-06-11 13:48:49.221 | INFO | SimpleStrategy | combined: 收到行情, RM507C2600.CZCE
2025-06-11 13:48:49.221 | INFO | SimpleStrategy | combined: 收到行情, RM507C2600.CZCE
2025-06-11 13:48:49.221 | INFO | SimpleStrategy | combined: 收到行情, RM507C2650.CZCE
2025-06-11 13:48:49.221 | INFO | SimpleStrategy | combined: 收到行情, RM507C2650.CZCE
2025-06-11 13:48:49.222 | INFO | SimpleStrategy | combined: 收到行情, RM507C2700.CZCE
2025-06-11 13:48:49.222 | INFO | SimpleStrategy | combined: 收到行情, RM507C2700.CZCE
2025-06-11 13:48:49.222 | INFO | SimpleStrategy | combined: 收到行情, RM507C2750.CZCE
2025-06-11 13:48:49.222 | INFO | SimpleStrategy | combined: 收到行情, RM507C2750.CZCE
2025-06-11 13:48:49.222 | INFO | SimpleStrategy | combined: 收到行情, RM507C2800.CZCE
2025-06-11 13:48:49.223 | INFO | SimpleStrategy | combined: 收到行情, RM507C2800.CZCE
2025-06-11 13:48:49.223 | INFO | SimpleStrategy | combined: 收到行情, RM507C2850.CZCE
2025-06-11 13:48:49.223 | INFO | SimpleStrategy | combined: 收到行情, RM507C2850.CZCE
2025-06-11 13:48:49.223 | INFO | SimpleStrategy | combined: 收到行情, RM507C2900.CZCE
2025-06-11 13:48:49.223 | INFO | SimpleStrategy | combined: 收到行情, RM507C2900.CZCE
2025-06-11 13:48:49.223 | INFO | SimpleStrategy | combined: 收到行情, RM507C2950.CZCE
2025-06-11 13:48:49.224 | INFO | SimpleStrategy | combined: 收到行情, RM507C2950.CZCE
2025-06-11 13:48:49.224 | INFO | SimpleStrategy | combined: 收到行情, RM507C3000.CZCE
2025-06-11 13:48:49.224 | INFO | SimpleStrategy | combined: 收到行情, RM507C3000.CZCE
2025-06-11 13:48:49.224 | INFO | SimpleStrategy | combined: 收到行情, RM507P2000.CZCE
2025-06-11 13:48:49.224 | INFO | SimpleStrategy | combined: 收到行情, RM507P2000.CZCE
2025-06-11 13:48:49.225 | INFO | SimpleStrategy | combined: 收到行情, RM507P2025.CZCE
2025-06-11 13:48:49.225 | INFO | SimpleStrategy | combined: 收到行情, RM507P2025.CZCE
2025-06-11 13:48:49.225 | INFO | SimpleStrategy | combined: 收到行情, RM507P2050.CZCE
2025-06-11 13:48:49.225 | INFO | SimpleStrategy | combined: 收到行情, RM507P2050.CZCE
2025-06-11 13:48:49.226 | INFO | SimpleStrategy | combined: 收到行情, RM507P2075.CZCE
2025-06-11 13:48:49.226 | INFO | SimpleStrategy | combined: 收到行情, RM507P2075.CZCE
2025-06-11 13:48:49.226 | INFO | SimpleStrategy | combined: 收到行情, RM507P2100.CZCE
2025-06-11 13:48:49.226 | INFO | SimpleStrategy | combined: 收到行情, RM507P2100.CZCE
2025-06-11 13:48:49.226 | INFO | SimpleStrategy | combined: 收到行情, RM507P2125.CZCE
2025-06-11 13:48:49.226 | INFO | SimpleStrategy | combined: 收到行情, RM507P2125.CZCE
2025-06-11 13:48:49.226 | INFO | SimpleStrategy | combined: 收到行情, RM507P2150.CZCE
2025-06-11 13:48:49.226 | INFO | SimpleStrategy | combined: 收到行情, RM507P2150.CZCE
2025-06-11 13:48:49.226 | INFO | SimpleStrategy | combined: 收到行情, RM507P2175.CZCE
2025-06-11 13:48:49.226 | INFO | SimpleStrategy | combined: 收到行情, RM507P2175.CZCE
2025-06-11 13:48:49.226 | INFO | SimpleStrategy | combined: 收到行情, RM507P2200.CZCE
2025-06-11 13:48:49.227 | INFO | SimpleStrategy | combined: 收到行情, RM507P2200.CZCE
2025-06-11 13:48:49.227 | INFO | SimpleStrategy | combined: 收到行情, RM507P2225.CZCE
2025-06-11 13:48:49.227 | INFO | SimpleStrategy | combined: 收到行情, RM507P2225.CZCE
2025-06-11 13:48:49.227 | INFO | SimpleStrategy | combined: 收到行情, RM507P2250.CZCE
2025-06-11 13:48:49.227 | INFO | SimpleStrategy | combined: 收到行情, RM507P2250.CZCE
2025-06-11 13:48:49.227 | INFO | SimpleStrategy | combined: 收到行情, RM507P2275.CZCE
2025-06-11 13:48:49.227 | INFO | SimpleStrategy | combined: 收到行情, RM507P2275.CZCE
2025-06-11 13:48:49.227 | INFO | SimpleStrategy | combined: 收到行情, RM507P2300.CZCE
2025-06-11 13:48:49.227 | INFO | SimpleStrategy | combined: 收到行情, RM507P2300.CZCE
2025-06-11 13:48:49.227 | INFO | SimpleStrategy | combined: 收到行情, RM507P2325.CZCE
2025-06-11 13:48:49.227 | INFO | SimpleStrategy | combined: 收到行情, RM507P2325.CZCE
2025-06-11 13:48:49.227 | INFO | SimpleStrategy | combined: 收到行情, RM507P2350.CZCE
2025-06-11 13:48:49.227 | INFO | SimpleStrategy | combined: 收到行情, RM507P2350.CZCE
2025-06-11 13:48:49.227 | INFO | SimpleStrategy | combined: 收到行情, RM507P2375.CZCE
2025-06-11 13:48:49.228 | INFO | SimpleStrategy | combined: 收到行情, RM507P2375.CZCE
2025-06-11 13:48:49.228 | INFO | SimpleStrategy | combined: 收到行情, RM507P2400.CZCE
2025-06-11 13:48:49.228 | INFO | SimpleStrategy | combined: 收到行情, RM507P2400.CZCE
2025-06-11 13:48:49.228 | INFO | SimpleStrategy | combined: 收到行情, RM507P2425.CZCE
2025-06-11 13:48:49.228 | INFO | SimpleStrategy | combined: 收到行情, RM507P2425.CZCE
2025-06-11 13:48:49.228 | INFO | SimpleStrategy | combined: 收到行情, RM507P2450.CZCE
2025-06-11 13:48:49.228 | INFO | SimpleStrategy | combined: 收到行情, RM507P2450.CZCE
2025-06-11 13:48:49.228 | INFO | SimpleStrategy | combined: 收到行情, RM507P2475.CZCE
2025-06-11 13:48:49.228 | INFO | SimpleStrategy | combined: 收到行情, RM507P2475.CZCE
2025-06-11 13:48:49.228 | INFO | SimpleStrategy | combined: 收到行情, RM507P2500.CZCE
2025-06-11 13:48:49.228 | INFO | SimpleStrategy | combined: 收到行情, RM507P2500.CZCE
2025-06-11 13:48:49.228 | INFO | SimpleStrategy | combined: 收到行情, RM507P2550.CZCE
2025-06-11 13:48:49.228 | INFO | SimpleStrategy | combined: 收到行情, RM507P2550.CZCE
2025-06-11 13:48:49.228 | INFO | SimpleStrategy | combined: 收到行情, RM507P2600.CZCE
2025-06-11 13:48:49.228 | INFO | SimpleStrategy | combined: 收到行情, RM507P2600.CZCE
2025-06-11 13:48:49.228 | INFO | SimpleStrategy | combined: 收到行情, RM507P2650.CZCE
2025-06-11 13:48:49.228 | INFO | SimpleStrategy | combined: 收到行情, RM507P2650.CZCE
2025-06-11 13:48:49.228 | INFO | SimpleStrategy | combined: 收到行情, RM507P2700.CZCE
2025-06-11 13:48:49.229 | INFO | SimpleStrategy | combined: 收到行情, RM507P2700.CZCE
2025-06-11 13:48:49.229 | INFO | SimpleStrategy | combined: 收到行情, RM507P2750.CZCE
2025-06-11 13:48:49.229 | INFO | SimpleStrategy | combined: 收到行情, RM507P2750.CZCE
2025-06-11 13:48:49.229 | INFO | SimpleStrategy | combined: 收到行情, RM507P2800.CZCE
2025-06-11 13:48:49.229 | INFO | SimpleStrategy | combined: 收到行情, RM507P2800.CZCE
2025-06-11 13:48:49.229 | INFO | SimpleStrategy | combined: 收到行情, RM507P2850.CZCE
2025-06-11 13:48:49.229 | INFO | SimpleStrategy | combined: 收到行情, RM507P2850.CZCE
2025-06-11 13:48:49.229 | INFO | SimpleStrategy | combined: 收到行情, RM507P2900.CZCE
2025-06-11 13:48:49.229 | INFO | SimpleStrategy | combined: 收到行情, RM507P2900.CZCE
2025-06-11 13:48:49.229 | INFO | SimpleStrategy | combined: 收到行情, RM507P2950.CZCE
2025-06-11 13:48:49.230 | INFO | SimpleStrategy | combined: 收到行情, RM507P2950.CZCE
2025-06-11 13:48:49.230 | INFO | SimpleStrategy | combined: 收到行情, RM507P3000.CZCE
2025-06-11 13:48:49.230 | INFO | SimpleStrategy | combined: 收到行情, RM507P3000.CZCE
2025-06-11 13:48:49.230 | INFO | SimpleStrategy | combined: 收到行情, RM508C2150.CZCE
2025-06-11 13:48:49.230 | INFO | SimpleStrategy | combined: 收到行情, RM508C2150.CZCE
2025-06-11 13:48:49.230 | INFO | SimpleStrategy | combined: 收到行情, RM508C2175.CZCE
2025-06-11 13:48:49.231 | INFO | SimpleStrategy | combined: 收到行情, RM508C2175.CZCE
2025-06-11 13:48:49.231 | INFO | SimpleStrategy | combined: 收到行情, RM508C2200.CZCE
2025-06-11 13:48:49.231 | INFO | SimpleStrategy | combined: 收到行情, RM508C2200.CZCE
2025-06-11 13:48:49.231 | INFO | SimpleStrategy | combined: 收到行情, RM508C2225.CZCE
2025-06-11 13:48:49.231 | INFO | SimpleStrategy | combined: 收到行情, RM508C2225.CZCE
2025-06-11 13:48:49.231 | INFO | SimpleStrategy | combined: 收到行情, RM508C2250.CZCE
2025-06-11 13:48:49.231 | INFO | SimpleStrategy | combined: 收到行情, RM508C2250.CZCE
2025-06-11 13:48:49.231 | INFO | SimpleStrategy | combined: 收到行情, RM508C2275.CZCE
2025-06-11 13:48:49.232 | INFO | SimpleStrategy | combined: 收到行情, RM508C2275.CZCE
2025-06-11 13:48:49.232 | INFO | SimpleStrategy | combined: 收到行情, RM508C2300.CZCE
2025-06-11 13:48:49.232 | INFO | SimpleStrategy | combined: 收到行情, RM508C2300.CZCE
2025-06-11 13:48:49.232 | INFO | SimpleStrategy | combined: 收到行情, RM508C2325.CZCE
2025-06-11 13:48:49.232 | INFO | SimpleStrategy | combined: 收到行情, RM508C2325.CZCE
2025-06-11 13:48:49.232 | INFO | SimpleStrategy | combined: 收到行情, RM508C2350.CZCE
2025-06-11 13:48:49.232 | INFO | SimpleStrategy | combined: 收到行情, RM508C2350.CZCE
2025-06-11 13:48:49.232 | INFO | SimpleStrategy | combined: 收到行情, RM508C2375.CZCE
2025-06-11 13:48:49.232 | INFO | SimpleStrategy | combined: 收到行情, RM508C2375.CZCE
2025-06-11 13:48:49.233 | INFO | SimpleStrategy | combined: 收到行情, RM508C2400.CZCE
2025-06-11 13:48:49.233 | INFO | SimpleStrategy | combined: 收到行情, RM508C2400.CZCE
2025-06-11 13:48:49.233 | INFO | SimpleStrategy | combined: 收到行情, RM508C2425.CZCE
2025-06-11 13:48:49.233 | INFO | SimpleStrategy | combined: 收到行情, RM508C2425.CZCE
2025-06-11 13:48:49.233 | INFO | SimpleStrategy | combined: 收到行情, RM508C2450.CZCE
2025-06-11 13:48:49.233 | INFO | SimpleStrategy | combined: 收到行情, RM508C2450.CZCE
2025-06-11 13:48:49.233 | INFO | SimpleStrategy | combined: 收到行情, RM508C2475.CZCE
2025-06-11 13:48:49.233 | INFO | SimpleStrategy | combined: 收到行情, RM508C2475.CZCE
2025-06-11 13:48:49.233 | INFO | SimpleStrategy | combined: 收到行情, RM508C2500.CZCE
2025-06-11 13:48:49.233 | INFO | SimpleStrategy | combined: 收到行情, RM508C2500.CZCE
2025-06-11 13:48:49.233 | INFO | SimpleStrategy | combined: 收到行情, RM508C2550.CZCE
2025-06-11 13:48:49.233 | INFO | SimpleStrategy | combined: 收到行情, RM508C2550.CZCE
2025-06-11 13:48:49.235 | INFO | SimpleStrategy | combined: 收到行情, RM508C2600.CZCE
2025-06-11 13:48:49.235 | INFO | SimpleStrategy | combined: 收到行情, RM508C2600.CZCE
2025-06-11 13:48:49.235 | INFO | SimpleStrategy | combined: 收到行情, RM508C2650.CZCE
2025-06-11 13:48:49.235 | INFO | SimpleStrategy | combined: 收到行情, RM508C2650.CZCE
2025-06-11 13:48:49.235 | INFO | SimpleStrategy | combined: 收到行情, RM508C2700.CZCE
2025-06-11 13:48:49.235 | INFO | SimpleStrategy | combined: 收到行情, RM508C2700.CZCE
2025-06-11 13:48:49.235 | INFO | SimpleStrategy | combined: 收到行情, RM508C2750.CZCE
2025-06-11 13:48:49.235 | INFO | SimpleStrategy | combined: 收到行情, RM508C2750.CZCE
2025-06-11 13:48:49.235 | INFO | SimpleStrategy | combined: 收到行情, RM508C2800.CZCE
2025-06-11 13:48:49.235 | INFO | SimpleStrategy | combined: 收到行情, RM508C2800.CZCE
2025-06-11 13:48:49.236 | INFO | SimpleStrategy | combined: 收到行情, RM508C2850.CZCE
2025-06-11 13:48:49.236 | INFO | SimpleStrategy | combined: 收到行情, RM508C2850.CZCE
2025-06-11 13:48:49.236 | INFO | SimpleStrategy | combined: 收到行情, RM508C2900.CZCE
2025-06-11 13:48:49.236 | INFO | SimpleStrategy | combined: 收到行情, RM508C2900.CZCE
2025-06-11 13:48:49.236 | INFO | SimpleStrategy | combined: 收到行情, RM508C2950.CZCE
2025-06-11 13:48:49.236 | INFO | SimpleStrategy | combined: 收到行情, RM508C2950.CZCE
2025-06-11 13:48:49.236 | INFO | SimpleStrategy | combined: 收到行情, RM508C3000.CZCE
2025-06-11 13:48:49.236 | INFO | SimpleStrategy | combined: 收到行情, RM508C3000.CZCE
2025-06-11 13:48:49.236 | INFO | SimpleStrategy | combined: 收到行情, RM508C3050.CZCE
2025-06-11 13:48:49.236 | INFO | SimpleStrategy | combined: 收到行情, RM508C3050.CZCE
2025-06-11 13:48:49.236 | INFO | SimpleStrategy | combined: 收到行情, RM508C3100.CZCE
2025-06-11 13:48:49.236 | INFO | SimpleStrategy | combined: 收到行情, RM508C3100.CZCE
2025-06-11 13:48:49.236 | INFO | SimpleStrategy | combined: 收到行情, RM508P2150.CZCE
2025-06-11 13:48:49.237 | INFO | SimpleStrategy | combined: 收到行情, RM508P2150.CZCE
2025-06-11 13:48:49.237 | INFO | SimpleStrategy | combined: 收到行情, RM508P2175.CZCE
2025-06-11 13:48:49.237 | INFO | SimpleStrategy | combined: 收到行情, RM508P2175.CZCE
2025-06-11 13:48:49.237 | INFO | SimpleStrategy | combined: 收到行情, RM508P2200.CZCE
2025-06-11 13:48:49.237 | INFO | SimpleStrategy | combined: 收到行情, RM508P2200.CZCE
2025-06-11 13:48:49.237 | INFO | SimpleStrategy | combined: 收到行情, RM508P2225.CZCE
2025-06-11 13:48:49.237 | INFO | SimpleStrategy | combined: 收到行情, RM508P2225.CZCE
2025-06-11 13:48:49.237 | INFO | SimpleStrategy | combined: 收到行情, RM508P2250.CZCE
2025-06-11 13:48:49.237 | INFO | SimpleStrategy | combined: 收到行情, RM508P2250.CZCE
2025-06-11 13:48:49.237 | INFO | SimpleStrategy | combined: 收到行情, RM508P2275.CZCE
2025-06-11 13:48:49.237 | INFO | SimpleStrategy | combined: 收到行情, RM508P2275.CZCE
2025-06-11 13:48:49.237 | INFO | SimpleStrategy | combined: 收到行情, RM508P2300.CZCE
2025-06-11 13:48:49.237 | INFO | SimpleStrategy | combined: 收到行情, RM508P2300.CZCE
2025-06-11 13:48:49.238 | INFO | SimpleStrategy | combined: 收到行情, RM508P2325.CZCE
2025-06-11 13:48:49.238 | INFO | SimpleStrategy | combined: 收到行情, RM508P2325.CZCE
2025-06-11 13:48:49.238 | INFO | SimpleStrategy | combined: 收到行情, RM508P2350.CZCE
2025-06-11 13:48:49.238 | INFO | SimpleStrategy | combined: 收到行情, RM508P2350.CZCE
2025-06-11 13:48:49.238 | INFO | SimpleStrategy | combined: 收到行情, RM508P2375.CZCE
2025-06-11 13:48:49.238 | INFO | SimpleStrategy | combined: 收到行情, RM508P2375.CZCE
2025-06-11 13:48:49.238 | INFO | SimpleStrategy | combined: 收到行情, RM508P2400.CZCE
2025-06-11 13:48:49.238 | INFO | SimpleStrategy | combined: 收到行情, RM508P2400.CZCE
2025-06-11 13:48:49.238 | INFO | SimpleStrategy | combined: 收到行情, RM508P2425.CZCE
2025-06-11 13:48:49.239 | INFO | SimpleStrategy | combined: 收到行情, RM508P2425.CZCE
2025-06-11 13:48:49.239 | INFO | SimpleStrategy | combined: 收到行情, RM508P2450.CZCE
2025-06-11 13:48:49.239 | INFO | SimpleStrategy | combined: 收到行情, RM508P2450.CZCE
2025-06-11 13:48:49.239 | INFO | SimpleStrategy | combined: 收到行情, RM508P2475.CZCE
2025-06-11 13:48:49.239 | INFO | SimpleStrategy | combined: 收到行情, RM508P2475.CZCE
2025-06-11 13:48:49.239 | INFO | SimpleStrategy | combined: 收到行情, RM508P2500.CZCE
2025-06-11 13:48:49.239 | INFO | SimpleStrategy | combined: 收到行情, RM508P2500.CZCE
2025-06-11 13:48:49.239 | INFO | SimpleStrategy | combined: 收到行情, RM508P2550.CZCE
2025-06-11 13:48:49.239 | INFO | SimpleStrategy | combined: 收到行情, RM508P2550.CZCE
2025-06-11 13:48:49.239 | INFO | SimpleStrategy | combined: 收到行情, RM508P2600.CZCE
2025-06-11 13:48:49.239 | INFO | SimpleStrategy | combined: 收到行情, RM508P2600.CZCE
2025-06-11 13:48:49.240 | INFO | SimpleStrategy | combined: 收到行情, RM508P2650.CZCE
2025-06-11 13:48:49.240 | INFO | SimpleStrategy | combined: 收到行情, RM508P2650.CZCE
2025-06-11 13:48:49.240 | INFO | SimpleStrategy | combined: 收到行情, RM508P2700.CZCE
2025-06-11 13:48:49.240 | INFO | SimpleStrategy | combined: 收到行情, RM508P2700.CZCE
2025-06-11 13:48:49.240 | INFO | SimpleStrategy | combined: 收到行情, RM508P2750.CZCE
2025-06-11 13:48:49.240 | INFO | SimpleStrategy | combined: 收到行情, RM508P2750.CZCE
2025-06-11 13:48:49.240 | INFO | SimpleStrategy | combined: 收到行情, RM508P2800.CZCE
2025-06-11 13:48:49.240 | INFO | SimpleStrategy | combined: 收到行情, RM508P2800.CZCE
2025-06-11 13:48:49.240 | INFO | SimpleStrategy | combined: 收到行情, RM508P2850.CZCE
2025-06-11 13:48:49.240 | INFO | SimpleStrategy | combined: 收到行情, RM508P2850.CZCE
2025-06-11 13:48:49.240 | INFO | SimpleStrategy | combined: 收到行情, RM508P2900.CZCE
2025-06-11 13:48:49.240 | INFO | SimpleStrategy | combined: 收到行情, RM508P2900.CZCE
2025-06-11 13:48:49.241 | INFO | SimpleStrategy | combined: 收到行情, RM508P2950.CZCE
2025-06-11 13:48:49.241 | INFO | SimpleStrategy | combined: 收到行情, RM508P2950.CZCE
2025-06-11 13:48:49.241 | INFO | SimpleStrategy | combined: 收到行情, RM508P3000.CZCE
2025-06-11 13:48:49.241 | INFO | SimpleStrategy | combined: 收到行情, RM508P3000.CZCE
2025-06-11 13:48:49.241 | INFO | SimpleStrategy | combined: 收到行情, RM508P3050.CZCE
2025-06-11 13:48:49.241 | INFO | SimpleStrategy | combined: 收到行情, RM508P3050.CZCE
2025-06-11 13:48:49.241 | INFO | SimpleStrategy | combined: 收到行情, RM508P3100.CZCE
2025-06-11 13:48:49.241 | INFO | SimpleStrategy | combined: 收到行情, RM508P3100.CZCE
2025-06-11 13:48:49.241 | INFO | SimpleStrategy | combined: 收到行情, SA507C1060.CZCE
2025-06-11 13:48:49.241 | INFO | SimpleStrategy | combined: 收到行情, SA507C1060.CZCE
2025-06-11 13:48:49.241 | INFO | SimpleStrategy | combined: 收到行情, SA507C1080.CZCE
2025-06-11 13:48:49.241 | INFO | SimpleStrategy | combined: 收到行情, SA507C1080.CZCE
2025-06-11 13:48:49.241 | INFO | SimpleStrategy | combined: 收到行情, SA507C1100.CZCE
2025-06-11 13:48:49.242 | INFO | SimpleStrategy | combined: 收到行情, SA507C1100.CZCE
2025-06-11 13:48:49.242 | INFO | SimpleStrategy | combined: 收到行情, SA507C1120.CZCE
2025-06-11 13:48:49.242 | INFO | SimpleStrategy | combined: 收到行情, SA507C1120.CZCE
2025-06-11 13:48:49.242 | INFO | SimpleStrategy | combined: 收到行情, SA507C1140.CZCE
2025-06-11 13:48:49.242 | INFO | SimpleStrategy | combined: 收到行情, SA507C1140.CZCE
2025-06-11 13:48:49.242 | INFO | SimpleStrategy | combined: 收到行情, SA507C1160.CZCE
2025-06-11 13:48:49.242 | INFO | SimpleStrategy | combined: 收到行情, SA507C1160.CZCE
2025-06-11 13:48:49.242 | INFO | SimpleStrategy | combined: 收到行情, SA507C1180.CZCE
2025-06-11 13:48:49.242 | INFO | SimpleStrategy | combined: 收到行情, SA507C1180.CZCE
2025-06-11 13:48:49.242 | INFO | SimpleStrategy | combined: 收到行情, SA507C1200.CZCE
2025-06-11 13:48:49.242 | INFO | SimpleStrategy | combined: 收到行情, SA507C1200.CZCE
2025-06-11 13:48:49.242 | INFO | SimpleStrategy | combined: 收到行情, SA507C1220.CZCE
2025-06-11 13:48:49.242 | INFO | SimpleStrategy | combined: 收到行情, SA507C1220.CZCE
2025-06-11 13:48:49.242 | INFO | SimpleStrategy | combined: 收到行情, SA507C1240.CZCE
2025-06-11 13:48:49.243 | INFO | SimpleStrategy | combined: 收到行情, SA507C1240.CZCE
2025-06-11 13:48:49.243 | INFO | SimpleStrategy | combined: 收到行情, SA507C1260.CZCE
2025-06-11 13:48:49.243 | INFO | SimpleStrategy | combined: 收到行情, SA507C1260.CZCE
2025-06-11 13:48:49.243 | INFO | SimpleStrategy | combined: 收到行情, SA507C1280.CZCE
2025-06-11 13:48:49.243 | INFO | SimpleStrategy | combined: 收到行情, SA507C1280.CZCE
2025-06-11 13:48:49.243 | INFO | SimpleStrategy | combined: 收到行情, SA507C1300.CZCE
2025-06-11 13:48:49.243 | INFO | SimpleStrategy | combined: 收到行情, SA507C1300.CZCE
2025-06-11 13:48:49.243 | INFO | SimpleStrategy | combined: 收到行情, SA507C1320.CZCE
2025-06-11 13:48:49.243 | INFO | SimpleStrategy | combined: 收到行情, SA507C1320.CZCE
2025-06-11 13:48:49.243 | INFO | SimpleStrategy | combined: 收到行情, SA507C1340.CZCE
2025-06-11 13:48:49.243 | INFO | SimpleStrategy | combined: 收到行情, SA507C1340.CZCE
2025-06-11 13:48:49.243 | INFO | SimpleStrategy | combined: 收到行情, SA507C1360.CZCE
2025-06-11 13:48:49.243 | INFO | SimpleStrategy | combined: 收到行情, SA507C1360.CZCE
2025-06-11 13:48:49.244 | INFO | SimpleStrategy | combined: 收到行情, SA507C1380.CZCE
2025-06-11 13:48:49.244 | INFO | SimpleStrategy | combined: 收到行情, SA507C1380.CZCE
2025-06-11 13:48:49.244 | INFO | SimpleStrategy | combined: 收到行情, SA507C1400.CZCE
2025-06-11 13:48:49.244 | INFO | SimpleStrategy | combined: 收到行情, SA507C1400.CZCE
2025-06-11 13:48:49.244 | INFO | SimpleStrategy | combined: 收到行情, SA507C1420.CZCE
2025-06-11 13:48:49.244 | INFO | SimpleStrategy | combined: 收到行情, SA507C1420.CZCE
2025-06-11 13:48:49.244 | INFO | SimpleStrategy | combined: 收到行情, SA507C1440.CZCE
2025-06-11 13:48:49.244 | INFO | SimpleStrategy | combined: 收到行情, SA507C1440.CZCE
2025-06-11 13:48:49.244 | INFO | SimpleStrategy | combined: 收到行情, SA507C1460.CZCE
2025-06-11 13:48:49.244 | INFO | SimpleStrategy | combined: 收到行情, SA507C1460.CZCE
2025-06-11 13:48:49.244 | INFO | SimpleStrategy | combined: 收到行情, SA507C1480.CZCE
2025-06-11 13:48:49.244 | INFO | SimpleStrategy | combined: 收到行情, SA507C1480.CZCE
2025-06-11 13:48:49.244 | INFO | SimpleStrategy | combined: 收到行情, SA507C1500.CZCE
2025-06-11 13:48:49.244 | INFO | SimpleStrategy | combined: 收到行情, SA507C1500.CZCE
2025-06-11 13:48:49.244 | INFO | SimpleStrategy | combined: 收到行情, SA507C1520.CZCE
2025-06-11 13:48:49.244 | INFO | SimpleStrategy | combined: 收到行情, SA507C1520.CZCE
2025-06-11 13:48:49.245 | INFO | SimpleStrategy | combined: 收到行情, SA507C1540.CZCE
2025-06-11 13:48:49.245 | INFO | SimpleStrategy | combined: 收到行情, SA507C1540.CZCE
2025-06-11 13:48:49.245 | INFO | SimpleStrategy | combined: 收到行情, SA507C1560.CZCE
2025-06-11 13:48:49.245 | INFO | SimpleStrategy | combined: 收到行情, SA507C1560.CZCE
2025-06-11 13:48:49.245 | INFO | SimpleStrategy | combined: 收到行情, SA507C1580.CZCE
2025-06-11 13:48:49.245 | INFO | SimpleStrategy | combined: 收到行情, SA507C1580.CZCE
2025-06-11 13:48:49.245 | INFO | SimpleStrategy | combined: 收到行情, SA507C1600.CZCE
2025-06-11 13:48:49.245 | INFO | SimpleStrategy | combined: 收到行情, SA507C1600.CZCE
2025-06-11 13:48:49.245 | INFO | SimpleStrategy | combined: 收到行情, SA507C1620.CZCE
2025-06-11 13:48:49.245 | INFO | SimpleStrategy | combined: 收到行情, SA507C1620.CZCE
2025-06-11 13:48:49.245 | INFO | SimpleStrategy | combined: 收到行情, SA507C1640.CZCE
2025-06-11 13:48:49.245 | INFO | SimpleStrategy | combined: 收到行情, SA507C1640.CZCE
2025-06-11 13:48:49.245 | INFO | SimpleStrategy | combined: 收到行情, SA507C1660.CZCE
2025-06-11 13:48:49.246 | INFO | SimpleStrategy | combined: 收到行情, SA507C1660.CZCE
2025-06-11 13:48:49.246 | INFO | SimpleStrategy | combined: 收到行情, SA507C1680.CZCE
2025-06-11 13:48:49.246 | INFO | SimpleStrategy | combined: 收到行情, SA507C1680.CZCE
2025-06-11 13:48:49.246 | INFO | SimpleStrategy | combined: 收到行情, SA507C1700.CZCE
2025-06-11 13:48:49.246 | INFO | SimpleStrategy | combined: 收到行情, SA507C1700.CZCE
2025-06-11 13:48:49.246 | INFO | SimpleStrategy | combined: 收到行情, SA507C1720.CZCE
2025-06-11 13:48:49.246 | INFO | SimpleStrategy | combined: 收到行情, SA507C1720.CZCE
2025-06-11 13:48:49.246 | INFO | SimpleStrategy | combined: 收到行情, SA507C1740.CZCE
2025-06-11 13:48:49.246 | INFO | SimpleStrategy | combined: 收到行情, SA507C1740.CZCE
2025-06-11 13:48:49.246 | INFO | SimpleStrategy | combined: 收到行情, SA507C1760.CZCE
2025-06-11 13:48:49.246 | INFO | SimpleStrategy | combined: 收到行情, SA507C1760.CZCE
2025-06-11 13:48:49.246 | INFO | SimpleStrategy | combined: 收到行情, SA507C1780.CZCE
2025-06-11 13:48:49.246 | INFO | SimpleStrategy | combined: 收到行情, SA507C1780.CZCE
2025-06-11 13:48:49.246 | INFO | SimpleStrategy | combined: 收到行情, SA507C1800.CZCE
2025-06-11 13:48:49.247 | INFO | SimpleStrategy | combined: 收到行情, SA507C1800.CZCE
2025-06-11 13:48:49.247 | INFO | SimpleStrategy | combined: 收到行情, SA507C1820.CZCE
2025-06-11 13:48:49.247 | INFO | SimpleStrategy | combined: 收到行情, SA507C1820.CZCE
2025-06-11 13:48:49.247 | INFO | SimpleStrategy | combined: 收到行情, SA507P1060.CZCE
2025-06-11 13:48:49.247 | INFO | SimpleStrategy | combined: 收到行情, SA507P1060.CZCE
2025-06-11 13:48:49.247 | INFO | SimpleStrategy | combined: 收到行情, SA507P1080.CZCE
2025-06-11 13:48:49.247 | INFO | SimpleStrategy | combined: 收到行情, SA507P1080.CZCE
2025-06-11 13:48:49.247 | INFO | SimpleStrategy | combined: 收到行情, SA507P1100.CZCE
2025-06-11 13:48:49.247 | INFO | SimpleStrategy | combined: 收到行情, SA507P1100.CZCE
2025-06-11 13:48:49.247 | INFO | SimpleStrategy | combined: 收到行情, SA507P1120.CZCE
2025-06-11 13:48:49.247 | INFO | SimpleStrategy | combined: 收到行情, SA507P1120.CZCE
2025-06-11 13:48:49.247 | INFO | SimpleStrategy | combined: 收到行情, SA507P1140.CZCE
2025-06-11 13:48:49.247 | INFO | SimpleStrategy | combined: 收到行情, SA507P1140.CZCE
2025-06-11 13:48:49.247 | INFO | SimpleStrategy | combined: 收到行情, SA507P1160.CZCE
2025-06-11 13:48:49.247 | INFO | SimpleStrategy | combined: 收到行情, SA507P1160.CZCE
2025-06-11 13:48:49.247 | INFO | SimpleStrategy | combined: 收到行情, SA507P1180.CZCE
2025-06-11 13:48:49.248 | INFO | SimpleStrategy | combined: 收到行情, SA507P1180.CZCE
2025-06-11 13:48:49.248 | INFO | SimpleStrategy | combined: 收到行情, SA507P1200.CZCE
2025-06-11 13:48:49.248 | INFO | SimpleStrategy | combined: 收到行情, SA507P1200.CZCE
2025-06-11 13:48:49.248 | INFO | SimpleStrategy | combined: 收到行情, SA507P1220.CZCE
2025-06-11 13:48:49.248 | INFO | SimpleStrategy | combined: 收到行情, SA507P1220.CZCE
2025-06-11 13:48:49.248 | INFO | SimpleStrategy | combined: 收到行情, SA507P1240.CZCE
2025-06-11 13:48:49.248 | INFO | SimpleStrategy | combined: 收到行情, SA507P1240.CZCE
2025-06-11 13:48:49.248 | INFO | SimpleStrategy | combined: 收到行情, SA507P1260.CZCE
2025-06-11 13:48:49.248 | INFO | SimpleStrategy | combined: 收到行情, SA507P1260.CZCE
2025-06-11 13:48:49.248 | INFO | SimpleStrategy | combined: 收到行情, SA507P1280.CZCE
2025-06-11 13:48:49.248 | INFO | SimpleStrategy | combined: 收到行情, SA507P1280.CZCE
2025-06-11 13:48:49.248 | INFO | SimpleStrategy | combined: 收到行情, SA507P1300.CZCE
2025-06-11 13:48:49.248 | INFO | SimpleStrategy | combined: 收到行情, SA507P1300.CZCE
2025-06-11 13:48:49.248 | INFO | SimpleStrategy | combined: 收到行情, SA507P1320.CZCE
2025-06-11 13:48:49.248 | INFO | SimpleStrategy | combined: 收到行情, SA507P1320.CZCE
2025-06-11 13:48:49.248 | INFO | SimpleStrategy | combined: 收到行情, SA507P1340.CZCE
2025-06-11 13:48:49.249 | INFO | SimpleStrategy | combined: 收到行情, SA507P1340.CZCE
2025-06-11 13:48:49.249 | INFO | SimpleStrategy | combined: 收到行情, SA507P1360.CZCE
2025-06-11 13:48:49.249 | INFO | SimpleStrategy | combined: 收到行情, SA507P1360.CZCE
2025-06-11 13:48:49.249 | INFO | SimpleStrategy | combined: 收到行情, SA507P1380.CZCE
2025-06-11 13:48:49.249 | INFO | SimpleStrategy | combined: 收到行情, SA507P1380.CZCE
2025-06-11 13:48:49.249 | INFO | SimpleStrategy | combined: 收到行情, SA507P1400.CZCE
2025-06-11 13:48:49.249 | INFO | SimpleStrategy | combined: 收到行情, SA507P1400.CZCE
2025-06-11 13:48:49.249 | INFO | SimpleStrategy | combined: 收到行情, SA507P1420.CZCE
2025-06-11 13:48:49.249 | INFO | SimpleStrategy | combined: 收到行情, SA507P1420.CZCE
2025-06-11 13:48:49.249 | INFO | SimpleStrategy | combined: 收到行情, SA507P1440.CZCE
2025-06-11 13:48:49.249 | INFO | SimpleStrategy | combined: 收到行情, SA507P1440.CZCE
2025-06-11 13:48:49.249 | INFO | SimpleStrategy | combined: 收到行情, SA507P1460.CZCE
2025-06-11 13:48:49.249 | INFO | SimpleStrategy | combined: 收到行情, SA507P1460.CZCE
2025-06-11 13:48:49.249 | INFO | SimpleStrategy | combined: 收到行情, SA507P1480.CZCE
2025-06-11 13:48:49.249 | INFO | SimpleStrategy | combined: 收到行情, SA507P1480.CZCE
2025-06-11 13:48:49.250 | INFO | SimpleStrategy | combined: 收到行情, SA507P1500.CZCE
2025-06-11 13:48:49.250 | INFO | SimpleStrategy | combined: 收到行情, SA507P1500.CZCE
2025-06-11 13:48:49.250 | INFO | SimpleStrategy | combined: 收到行情, SA507P1520.CZCE
2025-06-11 13:48:49.250 | INFO | SimpleStrategy | combined: 收到行情, SA507P1520.CZCE
2025-06-11 13:48:49.469 | INFO | SimpleStrategy | combined: 收到行情, SA507P1540.CZCE
2025-06-11 13:48:49.470 | INFO | SimpleStrategy | combined: 收到行情, SA507P1540.CZCE
2025-06-11 13:48:49.626 | INFO | SimpleStrategy | combined: 收到行情, SA507P1560.CZCE
2025-06-11 13:48:49.627 | INFO | SimpleStrategy | combined: 收到行情, SA507P1560.CZCE
2025-06-11 13:48:49.628 | INFO | SimpleStrategy | combined: 收到行情, SA507P1580.CZCE
2025-06-11 13:48:49.628 | INFO | SimpleStrategy | combined: 收到行情, SA507P1580.CZCE
2025-06-11 13:48:49.628 | INFO | SimpleStrategy | combined: 收到行情, SA507P1600.CZCE
2025-06-11 13:48:49.628 | INFO | SimpleStrategy | combined: 收到行情, SA507P1600.CZCE
2025-06-11 13:48:50.094 | INFO | SimpleStrategy | combined: 收到行情, SA507P1620.CZCE
2025-06-11 13:48:50.095 | INFO | SimpleStrategy | combined: 收到行情, SA507P1620.CZCE
2025-06-11 13:48:50.181 | INFO | SimpleStrategy | combined: 收到行情, SA507P1640.CZCE
2025-06-11 13:48:50.181 | INFO | SimpleStrategy | combined: 收到行情, SA507P1640.CZCE
2025-06-11 13:48:50.181 | INFO | SimpleStrategy | combined: 收到行情, SA507P1660.CZCE
2025-06-11 13:48:50.181 | INFO | SimpleStrategy | combined: 收到行情, SA507P1660.CZCE
2025-06-11 13:48:50.181 | INFO | SimpleStrategy | combined: 收到行情, SA507P1680.CZCE
2025-06-11 13:48:50.181 | INFO | SimpleStrategy | combined: 收到行情, SA507P1680.CZCE
2025-06-11 13:48:50.181 | INFO | SimpleStrategy | combined: 收到行情, SA507P1700.CZCE
2025-06-11 13:48:50.182 | INFO | SimpleStrategy | combined: 收到行情, SA507P1700.CZCE
2025-06-11 13:48:50.224 | INFO | SimpleStrategy | combined: 收到行情, SA507P1720.CZCE
2025-06-11 13:48:50.225 | INFO | SimpleStrategy | combined: 收到行情, SA507P1720.CZCE
2025-06-11 13:48:50.225 | INFO | SimpleStrategy | combined: 收到行情, SA507P1740.CZCE
2025-06-11 13:48:50.225 | INFO | SimpleStrategy | combined: 收到行情, SA507P1740.CZCE
2025-06-11 13:48:50.225 | INFO | SimpleStrategy | combined: 收到行情, SA507P1760.CZCE
2025-06-11 13:48:50.225 | INFO | SimpleStrategy | combined: 收到行情, SA507P1760.CZCE
2025-06-11 13:48:50.225 | INFO | SimpleStrategy | combined: 收到行情, SA507P1780.CZCE
2025-06-11 13:48:50.225 | INFO | SimpleStrategy | combined: 收到行情, SA507P1780.CZCE
2025-06-11 13:48:50.225 | INFO | SimpleStrategy | combined: 收到行情, SA507P1800.CZCE
2025-06-11 13:48:50.225 | INFO | SimpleStrategy | combined: 收到行情, SA507P1800.CZCE
2025-06-11 13:48:50.226 | INFO | SimpleStrategy | combined: 收到行情, SA507P1820.CZCE
2025-06-11 13:48:50.226 | INFO | SimpleStrategy | combined: 收到行情, SA507P1820.CZCE
2025-06-11 13:48:50.226 | INFO | SimpleStrategy | combined: 收到行情, SA508C1060.CZCE
2025-06-11 13:48:50.226 | INFO | SimpleStrategy | combined: 收到行情, SA508C1060.CZCE
2025-06-11 13:48:50.267 | INFO | SimpleStrategy | combined: 收到行情, SA508C1080.CZCE
2025-06-11 13:48:50.267 | INFO | SimpleStrategy | combined: 收到行情, SA508C1080.CZCE
2025-06-11 13:48:50.268 | INFO | SimpleStrategy | combined: 收到行情, SA508C1100.CZCE
2025-06-11 13:48:50.268 | INFO | SimpleStrategy | combined: 收到行情, SA508C1100.CZCE
2025-06-11 13:48:50.268 | INFO | SimpleStrategy | combined: 收到行情, SA508C1120.CZCE
2025-06-11 13:48:50.268 | INFO | SimpleStrategy | combined: 收到行情, SA508C1120.CZCE
2025-06-11 13:48:50.268 | INFO | SimpleStrategy | combined: 收到行情, SA508C1140.CZCE
2025-06-11 13:48:50.268 | INFO | SimpleStrategy | combined: 收到行情, SA508C1140.CZCE
2025-06-11 13:48:50.268 | INFO | SimpleStrategy | combined: 收到行情, SA508C1160.CZCE
2025-06-11 13:48:50.268 | INFO | SimpleStrategy | combined: 收到行情, SA508C1160.CZCE
2025-06-11 13:48:50.268 | INFO | SimpleStrategy | combined: 收到行情, SA508C1180.CZCE
2025-06-11 13:48:50.268 | INFO | SimpleStrategy | combined: 收到行情, SA508C1180.CZCE
2025-06-11 13:48:50.268 | INFO | SimpleStrategy | combined: 收到行情, SA508C1200.CZCE
2025-06-11 13:48:50.268 | INFO | SimpleStrategy | combined: 收到行情, SA508C1200.CZCE
2025-06-11 13:48:50.268 | INFO | SimpleStrategy | combined: 收到行情, SA508C1220.CZCE
2025-06-11 13:48:50.269 | INFO | SimpleStrategy | combined: 收到行情, SA508C1220.CZCE
2025-06-11 13:48:50.310 | INFO | SimpleStrategy | combined: 收到行情, SA508C1240.CZCE
2025-06-11 13:48:50.310 | INFO | SimpleStrategy | combined: 收到行情, SA508C1240.CZCE
2025-06-11 13:48:50.310 | INFO | SimpleStrategy | combined: 收到行情, SA508C1260.CZCE
2025-06-11 13:48:50.310 | INFO | SimpleStrategy | combined: 收到行情, SA508C1260.CZCE
2025-06-11 13:48:50.311 | INFO | SimpleStrategy | combined: 收到行情, SA508C1280.CZCE
2025-06-11 13:48:50.311 | INFO | SimpleStrategy | combined: 收到行情, SA508C1280.CZCE
2025-06-11 13:48:50.311 | INFO | SimpleStrategy | combined: 收到行情, SA508C1300.CZCE
2025-06-11 13:48:50.311 | INFO | SimpleStrategy | combined: 收到行情, SA508C1300.CZCE
2025-06-11 13:48:50.311 | INFO | SimpleStrategy | combined: 收到行情, SA508C1320.CZCE
2025-06-11 13:48:50.311 | INFO | SimpleStrategy | combined: 收到行情, SA508C1320.CZCE
2025-06-11 13:48:50.311 | INFO | SimpleStrategy | combined: 收到行情, SA508C1340.CZCE
2025-06-11 13:48:50.311 | INFO | SimpleStrategy | combined: 收到行情, SA508C1340.CZCE
2025-06-11 13:48:50.311 | INFO | SimpleStrategy | combined: 收到行情, SA508C1360.CZCE
2025-06-11 13:48:50.311 | INFO | SimpleStrategy | combined: 收到行情, SA508C1360.CZCE
2025-06-11 13:48:50.311 | INFO | SimpleStrategy | combined: 收到行情, SA508C1380.CZCE
2025-06-11 13:48:50.311 | INFO | SimpleStrategy | combined: 收到行情, SA508C1380.CZCE
2025-06-11 13:48:50.311 | INFO | SimpleStrategy | combined: 收到行情, SA508C1400.CZCE
2025-06-11 13:48:50.311 | INFO | SimpleStrategy | combined: 收到行情, SA508C1400.CZCE
2025-06-11 13:48:50.351 | INFO | SimpleStrategy | combined: 收到行情, SA508C1420.CZCE
2025-06-11 13:48:50.352 | INFO | SimpleStrategy | combined: 收到行情, SA508C1420.CZCE
2025-06-11 13:48:50.352 | INFO | SimpleStrategy | combined: 收到行情, SA508C1440.CZCE
2025-06-11 13:48:50.353 | INFO | SimpleStrategy | combined: 收到行情, SA508C1440.CZCE
2025-06-11 13:48:50.353 | INFO | SimpleStrategy | combined: 收到行情, SA508C1460.CZCE
2025-06-11 13:48:50.353 | INFO | SimpleStrategy | combined: 收到行情, SA508C1460.CZCE
2025-06-11 13:48:50.353 | INFO | SimpleStrategy | combined: 收到行情, SA508C1480.CZCE
2025-06-11 13:48:50.354 | INFO | SimpleStrategy | combined: 收到行情, SA508C1480.CZCE
2025-06-11 13:48:50.354 | INFO | SimpleStrategy | combined: 收到行情, SA508C1500.CZCE
2025-06-11 13:48:50.354 | INFO | SimpleStrategy | combined: 收到行情, SA508C1500.CZCE
2025-06-11 13:48:50.354 | INFO | SimpleStrategy | combined: 收到行情, SA508P1060.CZCE
2025-06-11 13:48:50.355 | INFO | SimpleStrategy | combined: 收到行情, SA508P1060.CZCE
2025-06-11 13:48:50.355 | INFO | SimpleStrategy | combined: 收到行情, SA508P1080.CZCE
2025-06-11 13:48:50.355 | INFO | SimpleStrategy | combined: 收到行情, SA508P1080.CZCE
2025-06-11 13:48:50.355 | INFO | SimpleStrategy | combined: 收到行情, SA508P1100.CZCE
2025-06-11 13:48:50.355 | INFO | SimpleStrategy | combined: 收到行情, SA508P1100.CZCE
2025-06-11 13:48:50.355 | INFO | SimpleStrategy | combined: 收到行情, SA508P1120.CZCE
2025-06-11 13:48:50.355 | INFO | SimpleStrategy | combined: 收到行情, SA508P1120.CZCE
2025-06-11 13:48:50.355 | INFO | SimpleStrategy | combined: 收到行情, SA508P1140.CZCE
2025-06-11 13:48:50.355 | INFO | SimpleStrategy | combined: 收到行情, SA508P1140.CZCE
2025-06-11 13:48:50.355 | INFO | SimpleStrategy | combined: 收到行情, SA508P1160.CZCE
2025-06-11 13:48:50.355 | INFO | SimpleStrategy | combined: 收到行情, SA508P1160.CZCE
2025-06-11 13:48:50.356 | INFO | SimpleStrategy | combined: 收到行情, SA508P1180.CZCE
2025-06-11 13:48:50.356 | INFO | SimpleStrategy | combined: 收到行情, SA508P1180.CZCE
2025-06-11 13:48:50.394 | INFO | SimpleStrategy | combined: 收到行情, SA508P1200.CZCE
2025-06-11 13:48:50.396 | INFO | SimpleStrategy | combined: 收到行情, SA508P1200.CZCE
2025-06-11 13:48:50.396 | INFO | SimpleStrategy | combined: 收到行情, SA508P1220.CZCE
2025-06-11 13:48:50.396 | INFO | SimpleStrategy | combined: 收到行情, SA508P1220.CZCE
2025-06-11 13:48:50.396 | INFO | SimpleStrategy | combined: 收到行情, SA508P1240.CZCE
2025-06-11 13:48:50.396 | INFO | SimpleStrategy | combined: 收到行情, SA508P1240.CZCE
2025-06-11 13:48:50.397 | INFO | SimpleStrategy | combined: 收到行情, SA508P1260.CZCE
2025-06-11 13:48:50.397 | INFO | SimpleStrategy | combined: 收到行情, SA508P1260.CZCE
2025-06-11 13:48:50.397 | INFO | SimpleStrategy | combined: 收到行情, SA508P1280.CZCE
2025-06-11 13:48:50.397 | INFO | SimpleStrategy | combined: 收到行情, SA508P1280.CZCE
2025-06-11 13:48:50.397 | INFO | SimpleStrategy | combined: 收到行情, SA508P1300.CZCE
2025-06-11 13:48:50.397 | INFO | SimpleStrategy | combined: 收到行情, SA508P1300.CZCE
2025-06-11 13:48:50.397 | INFO | SimpleStrategy | combined: 收到行情, SA508P1320.CZCE
2025-06-11 13:48:50.397 | INFO | SimpleStrategy | combined: 收到行情, SA508P1320.CZCE
2025-06-11 13:48:50.397 | INFO | SimpleStrategy | combined: 收到行情, SA508P1340.CZCE
2025-06-11 13:48:50.397 | INFO | SimpleStrategy | combined: 收到行情, SA508P1340.CZCE
2025-06-11 13:48:50.397 | INFO | SimpleStrategy | combined: 收到行情, SA508P1360.CZCE
2025-06-11 13:48:50.398 | INFO | SimpleStrategy | combined: 收到行情, SA508P1360.CZCE
2025-06-11 13:48:50.398 | INFO | SimpleStrategy | combined: 收到行情, SA508P1380.CZCE
2025-06-11 13:48:50.398 | INFO | SimpleStrategy | combined: 收到行情, SA508P1380.CZCE
2025-06-11 13:48:50.398 | INFO | SimpleStrategy | combined: 收到行情, SA508P1400.CZCE
2025-06-11 13:48:50.398 | INFO | SimpleStrategy | combined: 收到行情, SA508P1400.CZCE
2025-06-11 13:48:50.440 | INFO | SimpleStrategy | combined: 收到行情, SA508P1420.CZCE
2025-06-11 13:48:50.440 | INFO | SimpleStrategy | combined: 收到行情, SA508P1420.CZCE
2025-06-11 13:48:50.440 | INFO | SimpleStrategy | combined: 收到行情, SA508P1440.CZCE
2025-06-11 13:48:50.440 | INFO | SimpleStrategy | combined: 收到行情, SA508P1440.CZCE
2025-06-11 13:48:50.440 | INFO | SimpleStrategy | combined: 收到行情, SA508P1460.CZCE
2025-06-11 13:48:50.440 | INFO | SimpleStrategy | combined: 收到行情, SA508P1460.CZCE
2025-06-11 13:48:50.440 | INFO | SimpleStrategy | combined: 收到行情, SA508P1480.CZCE
2025-06-11 13:48:50.440 | INFO | SimpleStrategy | combined: 收到行情, SA508P1480.CZCE
2025-06-11 13:48:50.440 | INFO | SimpleStrategy | combined: 收到行情, SA508P1500.CZCE
2025-06-11 13:48:50.440 | INFO | SimpleStrategy | combined: 收到行情, SA508P1500.CZCE
2025-06-11 13:48:50.441 | INFO | SimpleStrategy | combined: 收到行情, SF507C4650.CZCE
2025-06-11 13:48:50.441 | INFO | SimpleStrategy | combined: 收到行情, SF507C4650.CZCE
2025-06-11 13:48:50.441 | INFO | SimpleStrategy | combined: 收到行情, SF507C4700.CZCE
2025-06-11 13:48:50.441 | INFO | SimpleStrategy | combined: 收到行情, SF507C4700.CZCE
2025-06-11 13:48:50.441 | INFO | SimpleStrategy | combined: 收到行情, SF507C4750.CZCE
2025-06-11 13:48:50.441 | INFO | SimpleStrategy | combined: 收到行情, SF507C4750.CZCE
2025-06-11 13:48:50.441 | INFO | SimpleStrategy | combined: 收到行情, SF507C4800.CZCE
2025-06-11 13:48:50.441 | INFO | SimpleStrategy | combined: 收到行情, SF507C4800.CZCE
2025-06-11 13:48:50.441 | INFO | SimpleStrategy | combined: 收到行情, SF507C4850.CZCE
2025-06-11 13:48:50.441 | INFO | SimpleStrategy | combined: 收到行情, SF507C4850.CZCE
2025-06-11 13:48:50.441 | INFO | SimpleStrategy | combined: 收到行情, SF507C4900.CZCE
2025-06-11 13:48:50.441 | INFO | SimpleStrategy | combined: 收到行情, SF507C4900.CZCE
2025-06-11 13:48:50.441 | INFO | SimpleStrategy | combined: 收到行情, SF507C4950.CZCE
2025-06-11 13:48:50.442 | INFO | SimpleStrategy | combined: 收到行情, SF507C4950.CZCE
2025-06-11 13:48:50.442 | INFO | SimpleStrategy | combined: 收到行情, SF507C5000.CZCE
2025-06-11 13:48:50.442 | INFO | SimpleStrategy | combined: 收到行情, SF507C5000.CZCE
2025-06-11 13:48:50.442 | INFO | SimpleStrategy | combined: 收到行情, SF507C5100.CZCE
2025-06-11 13:48:50.442 | INFO | SimpleStrategy | combined: 收到行情, SF507C5100.CZCE
2025-06-11 13:48:50.479 | INFO | SimpleStrategy | combined: 收到行情, SF507C5200.CZCE
2025-06-11 13:48:50.480 | INFO | SimpleStrategy | combined: 收到行情, SF507C5200.CZCE
2025-06-11 13:48:50.482 | INFO | SimpleStrategy | combined: 收到行情, SF507C5300.CZCE
2025-06-11 13:48:50.482 | INFO | SimpleStrategy | combined: 收到行情, SF507C5300.CZCE
2025-06-11 13:48:50.482 | INFO | SimpleStrategy | combined: 收到行情, SF507C5400.CZCE
2025-06-11 13:48:50.482 | INFO | SimpleStrategy | combined: 收到行情, SF507C5400.CZCE
2025-06-11 13:48:50.482 | INFO | SimpleStrategy | combined: 收到行情, SF507C5500.CZCE
2025-06-11 13:48:50.482 | INFO | SimpleStrategy | combined: 收到行情, SF507C5500.CZCE
2025-06-11 13:48:50.482 | INFO | SimpleStrategy | combined: 收到行情, SF507C5600.CZCE
2025-06-11 13:48:50.482 | INFO | SimpleStrategy | combined: 收到行情, SF507C5600.CZCE
2025-06-11 13:48:50.482 | INFO | SimpleStrategy | combined: 收到行情, SF507C5700.CZCE
2025-06-11 13:48:50.482 | INFO | SimpleStrategy | combined: 收到行情, SF507C5700.CZCE
2025-06-11 13:48:50.483 | INFO | SimpleStrategy | combined: 收到行情, SF507C5800.CZCE
2025-06-11 13:48:50.483 | INFO | SimpleStrategy | combined: 收到行情, SF507C5800.CZCE
2025-06-11 13:48:50.483 | INFO | SimpleStrategy | combined: 收到行情, SF507C5900.CZCE
2025-06-11 13:48:50.483 | INFO | SimpleStrategy | combined: 收到行情, SF507C5900.CZCE
2025-06-11 13:48:50.483 | INFO | SimpleStrategy | combined: 收到行情, SF507C6000.CZCE
2025-06-11 13:48:50.483 | INFO | SimpleStrategy | combined: 收到行情, SF507C6000.CZCE
2025-06-11 13:48:50.483 | INFO | SimpleStrategy | combined: 收到行情, SF507C6100.CZCE
2025-06-11 13:48:50.484 | INFO | SimpleStrategy | combined: 收到行情, SF507C6100.CZCE
2025-06-11 13:48:50.484 | INFO | SimpleStrategy | combined: 收到行情, SF507C6200.CZCE
2025-06-11 13:48:50.484 | INFO | SimpleStrategy | combined: 收到行情, SF507C6200.CZCE
2025-06-11 13:48:50.484 | INFO | SimpleStrategy | combined: 收到行情, SF507C6300.CZCE
2025-06-11 13:48:50.484 | INFO | SimpleStrategy | combined: 收到行情, SF507C6300.CZCE
2025-06-11 13:48:50.484 | INFO | SimpleStrategy | combined: 收到行情, SF507C6400.CZCE
2025-06-11 13:48:50.484 | INFO | SimpleStrategy | combined: 收到行情, SF507C6400.CZCE
2025-06-11 13:48:50.484 | INFO | SimpleStrategy | combined: 收到行情, SF507C6500.CZCE
2025-06-11 13:48:50.484 | INFO | SimpleStrategy | combined: 收到行情, SF507C6500.CZCE
2025-06-11 13:48:50.522 | INFO | SimpleStrategy | combined: 收到行情, SF507C6600.CZCE
2025-06-11 13:48:50.522 | INFO | SimpleStrategy | combined: 收到行情, SF507C6600.CZCE
2025-06-11 13:48:50.523 | INFO | SimpleStrategy | combined: 收到行情, SF507C6700.CZCE
2025-06-11 13:48:50.526 | INFO | SimpleStrategy | combined: 收到行情, SF507C6700.CZCE
2025-06-11 13:48:50.526 | INFO | SimpleStrategy | combined: 收到行情, SF507C6800.CZCE
2025-06-11 13:48:50.526 | INFO | SimpleStrategy | combined: 收到行情, SF507C6800.CZCE
2025-06-11 13:48:50.526 | INFO | SimpleStrategy | combined: 收到行情, SF507C6900.CZCE
2025-06-11 13:48:50.526 | INFO | SimpleStrategy | combined: 收到行情, SF507C6900.CZCE
2025-06-11 13:48:50.526 | INFO | SimpleStrategy | combined: 收到行情, SF507C7000.CZCE
2025-06-11 13:48:50.526 | INFO | SimpleStrategy | combined: 收到行情, SF507C7000.CZCE
2025-06-11 13:48:50.526 | INFO | SimpleStrategy | combined: 收到行情, SF507C7100.CZCE
2025-06-11 13:48:50.526 | INFO | SimpleStrategy | combined: 收到行情, SF507C7100.CZCE
2025-06-11 13:48:50.526 | INFO | SimpleStrategy | combined: 收到行情, SF507P4650.CZCE
2025-06-11 13:48:50.526 | INFO | SimpleStrategy | combined: 收到行情, SF507P4650.CZCE
2025-06-11 13:48:50.527 | INFO | SimpleStrategy | combined: 收到行情, SF507P4700.CZCE
2025-06-11 13:48:50.527 | INFO | SimpleStrategy | combined: 收到行情, SF507P4700.CZCE
2025-06-11 13:48:50.527 | INFO | SimpleStrategy | combined: 收到行情, SF507P4750.CZCE
2025-06-11 13:48:50.527 | INFO | SimpleStrategy | combined: 收到行情, SF507P4750.CZCE
2025-06-11 13:48:50.527 | INFO | SimpleStrategy | combined: 收到行情, SF507P4800.CZCE
2025-06-11 13:48:50.527 | INFO | SimpleStrategy | combined: 收到行情, SF507P4800.CZCE
2025-06-11 13:48:50.527 | INFO | SimpleStrategy | combined: 收到行情, SF507P4850.CZCE
2025-06-11 13:48:50.527 | INFO | SimpleStrategy | combined: 收到行情, SF507P4850.CZCE
2025-06-11 13:48:50.527 | INFO | SimpleStrategy | combined: 收到行情, SF507P4900.CZCE
2025-06-11 13:48:50.527 | INFO | SimpleStrategy | combined: 收到行情, SF507P4900.CZCE
2025-06-11 13:48:50.527 | INFO | SimpleStrategy | combined: 收到行情, SF507P4950.CZCE
2025-06-11 13:48:50.527 | INFO | SimpleStrategy | combined: 收到行情, SF507P4950.CZCE
2025-06-11 13:48:50.527 | INFO | SimpleStrategy | combined: 收到行情, SF507P5000.CZCE
2025-06-11 13:48:50.527 | INFO | SimpleStrategy | combined: 收到行情, SF507P5000.CZCE
2025-06-11 13:48:50.527 | INFO | SimpleStrategy | combined: 收到行情, SF507P5100.CZCE
2025-06-11 13:48:50.527 | INFO | SimpleStrategy | combined: 收到行情, SF507P5100.CZCE
2025-06-11 13:48:50.527 | INFO | SimpleStrategy | combined: 收到行情, SF507P5200.CZCE
2025-06-11 13:48:50.528 | INFO | SimpleStrategy | combined: 收到行情, SF507P5200.CZCE
2025-06-11 13:48:50.564 | INFO | SimpleStrategy | combined: 收到行情, SF507P5300.CZCE
2025-06-11 13:48:50.565 | INFO | SimpleStrategy | combined: 收到行情, SF507P5300.CZCE
2025-06-11 13:48:50.566 | INFO | SimpleStrategy | combined: 收到行情, SF507P5400.CZCE
2025-06-11 13:48:50.566 | INFO | SimpleStrategy | combined: 收到行情, SF507P5400.CZCE
2025-06-11 13:48:50.566 | INFO | SimpleStrategy | combined: 收到行情, SF507P5500.CZCE
2025-06-11 13:48:50.568 | INFO | SimpleStrategy | combined: 收到行情, SF507P5500.CZCE
2025-06-11 13:48:50.568 | INFO | SimpleStrategy | combined: 收到行情, SF507P5600.CZCE
2025-06-11 13:48:50.568 | INFO | SimpleStrategy | combined: 收到行情, SF507P5600.CZCE
2025-06-11 13:48:50.568 | INFO | SimpleStrategy | combined: 收到行情, SF507P5700.CZCE
2025-06-11 13:48:50.568 | INFO | SimpleStrategy | combined: 收到行情, SF507P5700.CZCE
2025-06-11 13:48:50.568 | INFO | SimpleStrategy | combined: 收到行情, SF507P5800.CZCE
2025-06-11 13:48:50.568 | INFO | SimpleStrategy | combined: 收到行情, SF507P5800.CZCE
2025-06-11 13:48:50.569 | INFO | SimpleStrategy | combined: 收到行情, SF507P5900.CZCE
2025-06-11 13:48:50.569 | INFO | SimpleStrategy | combined: 收到行情, SF507P5900.CZCE
2025-06-11 13:48:50.569 | INFO | SimpleStrategy | combined: 收到行情, SF507P6000.CZCE
2025-06-11 13:48:50.569 | INFO | SimpleStrategy | combined: 收到行情, SF507P6000.CZCE
2025-06-11 13:48:50.569 | INFO | SimpleStrategy | combined: 收到行情, SF507P6100.CZCE
2025-06-11 13:48:50.569 | INFO | SimpleStrategy | combined: 收到行情, SF507P6100.CZCE
2025-06-11 13:48:50.569 | INFO | SimpleStrategy | combined: 收到行情, SF507P6200.CZCE
2025-06-11 13:48:50.569 | INFO | SimpleStrategy | combined: 收到行情, SF507P6200.CZCE
2025-06-11 13:48:50.569 | INFO | SimpleStrategy | combined: 收到行情, SF507P6300.CZCE
2025-06-11 13:48:50.569 | INFO | SimpleStrategy | combined: 收到行情, SF507P6300.CZCE
2025-06-11 13:48:50.569 | INFO | SimpleStrategy | combined: 收到行情, SF507P6400.CZCE
2025-06-11 13:48:50.569 | INFO | SimpleStrategy | combined: 收到行情, SF507P6400.CZCE
2025-06-11 13:48:50.569 | INFO | SimpleStrategy | combined: 收到行情, SF507P6500.CZCE
2025-06-11 13:48:50.570 | INFO | SimpleStrategy | combined: 收到行情, SF507P6500.CZCE
2025-06-11 13:48:50.570 | INFO | SimpleStrategy | combined: 收到行情, SF507P6600.CZCE
2025-06-11 13:48:50.570 | INFO | SimpleStrategy | combined: 收到行情, SF507P6600.CZCE
2025-06-11 13:48:50.570 | INFO | SimpleStrategy | combined: 收到行情, SF507P6700.CZCE
2025-06-11 13:48:50.570 | INFO | SimpleStrategy | combined: 收到行情, SF507P6700.CZCE
2025-06-11 13:48:50.571 | INFO | SimpleStrategy | combined: 收到行情, SF507P6800.CZCE
2025-06-11 13:48:50.571 | INFO | SimpleStrategy | combined: 收到行情, SF507P6800.CZCE
2025-06-11 13:48:50.608 | INFO | SimpleStrategy | combined: 收到行情, SF507P6900.CZCE
2025-06-11 13:48:50.609 | INFO | SimpleStrategy | combined: 收到行情, SF507P6900.CZCE
2025-06-11 13:48:50.609 | INFO | SimpleStrategy | combined: 收到行情, SF507P7000.CZCE
2025-06-11 13:48:50.611 | INFO | SimpleStrategy | combined: 收到行情, SF507P7000.CZCE
2025-06-11 13:48:50.611 | INFO | SimpleStrategy | combined: 收到行情, SF507P7100.CZCE
2025-06-11 13:48:50.611 | INFO | SimpleStrategy | combined: 收到行情, SF507P7100.CZCE
2025-06-11 13:48:50.611 | INFO | SimpleStrategy | combined: 收到行情, SF508C4550.CZCE
2025-06-11 13:48:50.611 | INFO | SimpleStrategy | combined: 收到行情, SF508C4550.CZCE
2025-06-11 13:48:50.612 | INFO | SimpleStrategy | combined: 收到行情, SF508C4600.CZCE
2025-06-11 13:48:50.612 | INFO | SimpleStrategy | combined: 收到行情, SF508C4600.CZCE
2025-06-11 13:48:50.612 | INFO | SimpleStrategy | combined: 收到行情, SF508C4650.CZCE
2025-06-11 13:48:50.612 | INFO | SimpleStrategy | combined: 收到行情, SF508C4650.CZCE
2025-06-11 13:48:50.612 | INFO | SimpleStrategy | combined: 收到行情, SF508C4700.CZCE
2025-06-11 13:48:50.612 | INFO | SimpleStrategy | combined: 收到行情, SF508C4700.CZCE
2025-06-11 13:48:50.612 | INFO | SimpleStrategy | combined: 收到行情, SF508C4750.CZCE
2025-06-11 13:48:50.612 | INFO | SimpleStrategy | combined: 收到行情, SF508C4750.CZCE
2025-06-11 13:48:50.612 | INFO | SimpleStrategy | combined: 收到行情, SF508C4800.CZCE
2025-06-11 13:48:50.612 | INFO | SimpleStrategy | combined: 收到行情, SF508C4800.CZCE
2025-06-11 13:48:50.612 | INFO | SimpleStrategy | combined: 收到行情, SF508C4850.CZCE
2025-06-11 13:48:50.612 | INFO | SimpleStrategy | combined: 收到行情, SF508C4850.CZCE
2025-06-11 13:48:50.612 | INFO | SimpleStrategy | combined: 收到行情, SF508C4900.CZCE
2025-06-11 13:48:50.613 | INFO | SimpleStrategy | combined: 收到行情, SF508C4900.CZCE
2025-06-11 13:48:50.613 | INFO | SimpleStrategy | combined: 收到行情, SF508C4950.CZCE
2025-06-11 13:48:50.613 | INFO | SimpleStrategy | combined: 收到行情, SF508C4950.CZCE
2025-06-11 13:48:50.613 | INFO | SimpleStrategy | combined: 收到行情, SF508C5000.CZCE
2025-06-11 13:48:50.613 | INFO | SimpleStrategy | combined: 收到行情, SF508C5000.CZCE
2025-06-11 13:48:50.613 | INFO | SimpleStrategy | combined: 收到行情, SF508C5100.CZCE
2025-06-11 13:48:50.613 | INFO | SimpleStrategy | combined: 收到行情, SF508C5100.CZCE
2025-06-11 13:48:50.613 | INFO | SimpleStrategy | combined: 收到行情, SF508C5200.CZCE
2025-06-11 13:48:50.613 | INFO | SimpleStrategy | combined: 收到行情, SF508C5200.CZCE
2025-06-11 13:48:50.613 | INFO | SimpleStrategy | combined: 收到行情, SF508C5300.CZCE
2025-06-11 13:48:50.613 | INFO | SimpleStrategy | combined: 收到行情, SF508C5300.CZCE
2025-06-11 13:48:50.613 | INFO | SimpleStrategy | combined: 收到行情, SF508C5400.CZCE
2025-06-11 13:48:50.613 | INFO | SimpleStrategy | combined: 收到行情, SF508C5400.CZCE
2025-06-11 13:48:50.614 | INFO | SimpleStrategy | combined: 收到行情, SF508C5500.CZCE
2025-06-11 13:48:50.614 | INFO | SimpleStrategy | combined: 收到行情, SF508C5500.CZCE
2025-06-11 13:48:50.656 | INFO | SimpleStrategy | combined: 收到行情, SF508C5600.CZCE
2025-06-11 13:48:50.656 | INFO | SimpleStrategy | combined: 收到行情, SF508C5600.CZCE
2025-06-11 13:48:50.657 | INFO | SimpleStrategy | combined: 收到行情, SF508C5700.CZCE
2025-06-11 13:48:50.657 | INFO | SimpleStrategy | combined: 收到行情, SF508C5700.CZCE
2025-06-11 13:48:50.657 | INFO | SimpleStrategy | combined: 收到行情, SF508C5800.CZCE
2025-06-11 13:48:50.657 | INFO | SimpleStrategy | combined: 收到行情, SF508C5800.CZCE
2025-06-11 13:48:50.657 | INFO | SimpleStrategy | combined: 收到行情, SF508C5900.CZCE
2025-06-11 13:48:50.657 | INFO | SimpleStrategy | combined: 收到行情, SF508C5900.CZCE
2025-06-11 13:48:50.657 | INFO | SimpleStrategy | combined: 收到行情, SF508C6000.CZCE
2025-06-11 13:48:50.657 | INFO | SimpleStrategy | combined: 收到行情, SF508C6000.CZCE
2025-06-11 13:48:50.657 | INFO | SimpleStrategy | combined: 收到行情, SF508C6100.CZCE
2025-06-11 13:48:50.657 | INFO | SimpleStrategy | combined: 收到行情, SF508C6100.CZCE
2025-06-11 13:48:50.657 | INFO | SimpleStrategy | combined: 收到行情, SF508C6200.CZCE
2025-06-11 13:48:50.657 | INFO | SimpleStrategy | combined: 收到行情, SF508C6200.CZCE
2025-06-11 13:48:50.657 | INFO | SimpleStrategy | combined: 收到行情, SF508C6300.CZCE
2025-06-11 13:48:50.657 | INFO | SimpleStrategy | combined: 收到行情, SF508C6300.CZCE
2025-06-11 13:48:50.657 | INFO | SimpleStrategy | combined: 收到行情, SF508P4550.CZCE
2025-06-11 13:48:50.657 | INFO | SimpleStrategy | combined: 收到行情, SF508P4550.CZCE
2025-06-11 13:48:50.657 | INFO | SimpleStrategy | combined: 收到行情, SF508P4600.CZCE
2025-06-11 13:48:50.658 | INFO | SimpleStrategy | combined: 收到行情, SF508P4600.CZCE
2025-06-11 13:48:50.658 | INFO | SimpleStrategy | combined: 收到行情, SF508P4650.CZCE
2025-06-11 13:48:50.658 | INFO | SimpleStrategy | combined: 收到行情, SF508P4650.CZCE
2025-06-11 13:48:50.658 | INFO | SimpleStrategy | combined: 收到行情, SF508P4700.CZCE
2025-06-11 13:48:50.658 | INFO | SimpleStrategy | combined: 收到行情, SF508P4700.CZCE
2025-06-11 13:48:50.658 | INFO | SimpleStrategy | combined: 收到行情, SF508P4750.CZCE
2025-06-11 13:48:50.659 | INFO | SimpleStrategy | combined: 收到行情, SF508P4750.CZCE
2025-06-11 13:48:50.659 | INFO | SimpleStrategy | combined: 收到行情, SF508P4800.CZCE
2025-06-11 13:48:50.659 | INFO | SimpleStrategy | combined: 收到行情, SF508P4800.CZCE
2025-06-11 13:48:50.659 | INFO | SimpleStrategy | combined: 收到行情, SF508P4850.CZCE
2025-06-11 13:48:50.659 | INFO | SimpleStrategy | combined: 收到行情, SF508P4850.CZCE
2025-06-11 13:48:50.659 | INFO | SimpleStrategy | combined: 收到行情, SF508P4900.CZCE
2025-06-11 13:48:50.659 | INFO | SimpleStrategy | combined: 收到行情, SF508P4900.CZCE
2025-06-11 13:48:50.659 | INFO | SimpleStrategy | combined: 收到行情, SF508P4950.CZCE
2025-06-11 13:48:50.659 | INFO | SimpleStrategy | combined: 收到行情, SF508P4950.CZCE
2025-06-11 13:48:50.659 | INFO | SimpleStrategy | combined: 收到行情, SF508P5000.CZCE
2025-06-11 13:48:50.659 | INFO | SimpleStrategy | combined: 收到行情, SF508P5000.CZCE
2025-06-11 13:48:50.659 | INFO | SimpleStrategy | combined: 收到行情, SF508P5100.CZCE
2025-06-11 13:48:50.660 | INFO | SimpleStrategy | combined: 收到行情, SF508P5100.CZCE
2025-06-11 13:48:50.693 | INFO | SimpleStrategy | combined: 收到行情, SF508P5200.CZCE
2025-06-11 13:48:50.693 | INFO | SimpleStrategy | combined: 收到行情, SF508P5200.CZCE
2025-06-11 13:48:50.696 | INFO | SimpleStrategy | combined: 收到行情, SF508P5300.CZCE
2025-06-11 13:48:50.696 | INFO | SimpleStrategy | combined: 收到行情, SF508P5300.CZCE
2025-06-11 13:48:50.696 | INFO | SimpleStrategy | combined: 收到行情, SF508P5400.CZCE
2025-06-11 13:48:50.697 | INFO | SimpleStrategy | combined: 收到行情, SF508P5400.CZCE
2025-06-11 13:48:50.697 | INFO | SimpleStrategy | combined: 收到行情, SF508P5500.CZCE
2025-06-11 13:48:50.697 | INFO | SimpleStrategy | combined: 收到行情, SF508P5500.CZCE
2025-06-11 13:48:50.697 | INFO | SimpleStrategy | combined: 收到行情, SF508P5600.CZCE
2025-06-11 13:48:50.697 | INFO | SimpleStrategy | combined: 收到行情, SF508P5600.CZCE
2025-06-11 13:48:50.697 | INFO | SimpleStrategy | combined: 收到行情, SF508P5700.CZCE
2025-06-11 13:48:50.697 | INFO | SimpleStrategy | combined: 收到行情, SF508P5700.CZCE
2025-06-11 13:48:50.697 | INFO | SimpleStrategy | combined: 收到行情, SF508P5800.CZCE
2025-06-11 13:48:50.697 | INFO | SimpleStrategy | combined: 收到行情, SF508P5800.CZCE
2025-06-11 13:48:50.698 | INFO | SimpleStrategy | combined: 收到行情, SF508P5900.CZCE
2025-06-11 13:48:50.698 | INFO | SimpleStrategy | combined: 收到行情, SF508P5900.CZCE
2025-06-11 13:48:50.698 | INFO | SimpleStrategy | combined: 收到行情, SF508P6000.CZCE
2025-06-11 13:48:50.698 | INFO | SimpleStrategy | combined: 收到行情, SF508P6000.CZCE
2025-06-11 13:48:50.699 | INFO | SimpleStrategy | combined: 收到行情, SF508P6100.CZCE
2025-06-11 13:48:50.699 | INFO | SimpleStrategy | combined: 收到行情, SF508P6100.CZCE
2025-06-11 13:48:50.699 | INFO | SimpleStrategy | combined: 收到行情, SF508P6200.CZCE
2025-06-11 13:48:50.699 | INFO | SimpleStrategy | combined: 收到行情, SF508P6200.CZCE
2025-06-11 13:48:50.699 | INFO | SimpleStrategy | combined: 收到行情, SF508P6300.CZCE
2025-06-11 13:48:50.699 | INFO | SimpleStrategy | combined: 收到行情, SF508P6300.CZCE
2025-06-11 13:48:50.699 | INFO | SimpleStrategy | combined: 收到行情, SH507C2000.CZCE
2025-06-11 13:48:50.699 | INFO | SimpleStrategy | combined: 收到行情, SH507C2000.CZCE
2025-06-11 13:48:50.699 | INFO | SimpleStrategy | combined: 收到行情, SH507C2040.CZCE
2025-06-11 13:48:50.699 | INFO | SimpleStrategy | combined: 收到行情, SH507C2040.CZCE
2025-06-11 13:48:50.700 | INFO | SimpleStrategy | combined: 收到行情, SH507C2080.CZCE
2025-06-11 13:48:50.700 | INFO | SimpleStrategy | combined: 收到行情, SH507C2080.CZCE
2025-06-11 13:48:50.700 | INFO | SimpleStrategy | combined: 收到行情, SH507C2120.CZCE
2025-06-11 13:48:50.700 | INFO | SimpleStrategy | combined: 收到行情, SH507C2120.CZCE
2025-06-11 13:48:50.700 | INFO | SimpleStrategy | combined: 收到行情, SH507C2160.CZCE
2025-06-11 13:48:50.700 | INFO | SimpleStrategy | combined: 收到行情, SH507C2160.CZCE
2025-06-11 13:48:50.700 | INFO | SimpleStrategy | combined: 收到行情, SH507C2200.CZCE
2025-06-11 13:48:50.700 | INFO | SimpleStrategy | combined: 收到行情, SH507C2200.CZCE
2025-06-11 13:48:50.700 | INFO | SimpleStrategy | combined: 收到行情, SH507C2240.CZCE
2025-06-11 13:48:50.700 | INFO | SimpleStrategy | combined: 收到行情, SH507C2240.CZCE
2025-06-11 13:48:50.700 | INFO | SimpleStrategy | combined: 收到行情, SH507C2280.CZCE
2025-06-11 13:48:50.700 | INFO | SimpleStrategy | combined: 收到行情, SH507C2280.CZCE
2025-06-11 13:48:50.736 | INFO | SimpleStrategy | combined: 收到行情, SH507C2320.CZCE
2025-06-11 13:48:50.736 | INFO | SimpleStrategy | combined: 收到行情, SH507C2320.CZCE
2025-06-11 13:48:50.736 | INFO | SimpleStrategy | combined: 收到行情, SH507C2360.CZCE
2025-06-11 13:48:50.737 | INFO | SimpleStrategy | combined: 收到行情, SH507C2360.CZCE
2025-06-11 13:48:50.737 | INFO | SimpleStrategy | combined: 收到行情, SH507C2400.CZCE
2025-06-11 13:48:50.737 | INFO | SimpleStrategy | combined: 收到行情, SH507C2400.CZCE
2025-06-11 13:48:50.741 | INFO | SimpleStrategy | combined: 收到行情, SH507C2440.CZCE
2025-06-11 13:48:50.741 | INFO | SimpleStrategy | combined: 收到行情, SH507C2440.CZCE
2025-06-11 13:48:50.741 | INFO | SimpleStrategy | combined: 收到行情, SH507C2480.CZCE
2025-06-11 13:48:50.741 | INFO | SimpleStrategy | combined: 收到行情, SH507C2480.CZCE
2025-06-11 13:48:50.741 | INFO | SimpleStrategy | combined: 收到行情, SH507C2520.CZCE
2025-06-11 13:48:50.741 | INFO | SimpleStrategy | combined: 收到行情, SH507C2520.CZCE
2025-06-11 13:48:50.741 | INFO | SimpleStrategy | combined: 收到行情, SH507C2560.CZCE
2025-06-11 13:48:50.742 | INFO | SimpleStrategy | combined: 收到行情, SH507C2560.CZCE
2025-06-11 13:48:50.742 | INFO | SimpleStrategy | combined: 收到行情, SH507C2600.CZCE
2025-06-11 13:48:50.742 | INFO | SimpleStrategy | combined: 收到行情, SH507C2600.CZCE
2025-06-11 13:48:50.742 | INFO | SimpleStrategy | combined: 收到行情, SH507C2640.CZCE
2025-06-11 13:48:50.742 | INFO | SimpleStrategy | combined: 收到行情, SH507C2640.CZCE
2025-06-11 13:48:50.742 | INFO | SimpleStrategy | combined: 收到行情, SH507C2680.CZCE
2025-06-11 13:48:50.742 | INFO | SimpleStrategy | combined: 收到行情, SH507C2680.CZCE
2025-06-11 13:48:50.742 | INFO | SimpleStrategy | combined: 收到行情, SH507C2720.CZCE
2025-06-11 13:48:50.742 | INFO | SimpleStrategy | combined: 收到行情, SH507C2720.CZCE
2025-06-11 13:48:50.742 | INFO | SimpleStrategy | combined: 收到行情, SH507C2760.CZCE
2025-06-11 13:48:50.742 | INFO | SimpleStrategy | combined: 收到行情, SH507C2760.CZCE
2025-06-11 13:48:50.742 | INFO | SimpleStrategy | combined: 收到行情, SH507C2800.CZCE
2025-06-11 13:48:50.742 | INFO | SimpleStrategy | combined: 收到行情, SH507C2800.CZCE
2025-06-11 13:48:50.743 | INFO | SimpleStrategy | combined: 收到行情, SH507C2840.CZCE
2025-06-11 13:48:50.743 | INFO | SimpleStrategy | combined: 收到行情, SH507C2840.CZCE
2025-06-11 13:48:50.743 | INFO | SimpleStrategy | combined: 收到行情, SH507C2880.CZCE
2025-06-11 13:48:50.743 | INFO | SimpleStrategy | combined: 收到行情, SH507C2880.CZCE
2025-06-11 13:48:50.743 | INFO | SimpleStrategy | combined: 收到行情, SH507C2920.CZCE
2025-06-11 13:48:50.743 | INFO | SimpleStrategy | combined: 收到行情, SH507C2920.CZCE
2025-06-11 13:48:50.743 | INFO | SimpleStrategy | combined: 收到行情, SH507C2960.CZCE
2025-06-11 13:48:50.743 | INFO | SimpleStrategy | combined: 收到行情, SH507C2960.CZCE
2025-06-11 13:48:50.743 | INFO | SimpleStrategy | combined: 收到行情, SH507C3000.CZCE
2025-06-11 13:48:50.743 | INFO | SimpleStrategy | combined: 收到行情, SH507C3000.CZCE
2025-06-11 13:48:50.743 | INFO | SimpleStrategy | combined: 收到行情, SH507C3040.CZCE
2025-06-11 13:48:50.743 | INFO | SimpleStrategy | combined: 收到行情, SH507C3040.CZCE
2025-06-11 13:48:50.743 | INFO | SimpleStrategy | combined: 收到行情, SH507C3080.CZCE
2025-06-11 13:48:50.743 | INFO | SimpleStrategy | combined: 收到行情, SH507C3080.CZCE
2025-06-11 13:48:50.743 | INFO | SimpleStrategy | combined: 收到行情, SH507P2000.CZCE
2025-06-11 13:48:50.743 | INFO | SimpleStrategy | combined: 收到行情, SH507P2000.CZCE
2025-06-11 13:48:50.780 | INFO | SimpleStrategy | combined: 收到行情, SH507P2040.CZCE
2025-06-11 13:48:50.780 | INFO | SimpleStrategy | combined: 收到行情, SH507P2040.CZCE
2025-06-11 13:48:50.780 | INFO | SimpleStrategy | combined: 收到行情, SH507P2080.CZCE
2025-06-11 13:48:50.780 | INFO | SimpleStrategy | combined: 收到行情, SH507P2080.CZCE
2025-06-11 13:48:50.780 | INFO | SimpleStrategy | combined: 收到行情, SH507P2120.CZCE
2025-06-11 13:48:50.780 | INFO | SimpleStrategy | combined: 收到行情, SH507P2120.CZCE
2025-06-11 13:48:50.780 | INFO | SimpleStrategy | combined: 收到行情, SH507P2160.CZCE
2025-06-11 13:48:50.780 | INFO | SimpleStrategy | combined: 收到行情, SH507P2160.CZCE
2025-06-11 13:48:50.780 | INFO | SimpleStrategy | combined: 收到行情, SH507P2200.CZCE
2025-06-11 13:48:50.780 | INFO | SimpleStrategy | combined: 收到行情, SH507P2200.CZCE
2025-06-11 13:48:50.782 | INFO | SimpleStrategy | combined: 收到行情, SH507P2240.CZCE
2025-06-11 13:48:50.783 | INFO | SimpleStrategy | combined: 收到行情, SH507P2240.CZCE
2025-06-11 13:48:50.785 | INFO | SimpleStrategy | combined: 收到行情, SH507P2280.CZCE
2025-06-11 13:48:50.785 | INFO | SimpleStrategy | combined: 收到行情, SH507P2280.CZCE
2025-06-11 13:48:50.786 | INFO | SimpleStrategy | combined: 收到行情, SH507P2320.CZCE
2025-06-11 13:48:50.786 | INFO | SimpleStrategy | combined: 收到行情, SH507P2320.CZCE
2025-06-11 13:48:50.786 | INFO | SimpleStrategy | combined: 收到行情, SH507P2360.CZCE
2025-06-11 13:48:50.787 | INFO | SimpleStrategy | combined: 收到行情, SH507P2360.CZCE
2025-06-11 13:48:50.787 | INFO | SimpleStrategy | combined: 收到行情, SH507P2400.CZCE
2025-06-11 13:48:50.787 | INFO | SimpleStrategy | combined: 收到行情, SH507P2400.CZCE
2025-06-11 13:48:50.787 | INFO | SimpleStrategy | combined: 收到行情, SH507P2440.CZCE
2025-06-11 13:48:50.787 | INFO | SimpleStrategy | combined: 收到行情, SH507P2440.CZCE
2025-06-11 13:48:50.787 | INFO | SimpleStrategy | combined: 收到行情, SH507P2480.CZCE
2025-06-11 13:48:50.787 | INFO | SimpleStrategy | combined: 收到行情, SH507P2480.CZCE
2025-06-11 13:48:50.787 | INFO | SimpleStrategy | combined: 收到行情, SH507P2520.CZCE
2025-06-11 13:48:50.787 | INFO | SimpleStrategy | combined: 收到行情, SH507P2520.CZCE
2025-06-11 13:48:50.787 | INFO | SimpleStrategy | combined: 收到行情, SH507P2560.CZCE
2025-06-11 13:48:50.787 | INFO | SimpleStrategy | combined: 收到行情, SH507P2560.CZCE
2025-06-11 13:48:50.788 | INFO | SimpleStrategy | combined: 收到行情, SH507P2600.CZCE
2025-06-11 13:48:50.788 | INFO | SimpleStrategy | combined: 收到行情, SH507P2600.CZCE
2025-06-11 13:48:50.788 | INFO | SimpleStrategy | combined: 收到行情, SH507P2640.CZCE
2025-06-11 13:48:50.788 | INFO | SimpleStrategy | combined: 收到行情, SH507P2640.CZCE
2025-06-11 13:48:50.788 | INFO | SimpleStrategy | combined: 收到行情, SH507P2680.CZCE
2025-06-11 13:48:50.788 | INFO | SimpleStrategy | combined: 收到行情, SH507P2680.CZCE
2025-06-11 13:48:50.788 | INFO | SimpleStrategy | combined: 收到行情, SH507P2720.CZCE
2025-06-11 13:48:50.788 | INFO | SimpleStrategy | combined: 收到行情, SH507P2720.CZCE
2025-06-11 13:48:50.788 | INFO | SimpleStrategy | combined: 收到行情, SH507P2760.CZCE
2025-06-11 13:48:50.788 | INFO | SimpleStrategy | combined: 收到行情, SH507P2760.CZCE
2025-06-11 13:48:50.788 | INFO | SimpleStrategy | combined: 收到行情, SH507P2800.CZCE
2025-06-11 13:48:50.788 | INFO | SimpleStrategy | combined: 收到行情, SH507P2800.CZCE
2025-06-11 13:48:50.788 | INFO | SimpleStrategy | combined: 收到行情, SH507P2840.CZCE
2025-06-11 13:48:50.789 | INFO | SimpleStrategy | combined: 收到行情, SH507P2840.CZCE
2025-06-11 13:48:50.789 | INFO | SimpleStrategy | combined: 收到行情, SH507P2880.CZCE
2025-06-11 13:48:50.789 | INFO | SimpleStrategy | combined: 收到行情, SH507P2880.CZCE
2025-06-11 13:48:50.823 | INFO | SimpleStrategy | combined: 收到行情, SH507P2920.CZCE
2025-06-11 13:48:50.823 | INFO | SimpleStrategy | combined: 收到行情, SH507P2920.CZCE
2025-06-11 13:48:50.823 | INFO | SimpleStrategy | combined: 收到行情, SH507P2960.CZCE
2025-06-11 13:48:50.824 | INFO | SimpleStrategy | combined: 收到行情, SH507P2960.CZCE
2025-06-11 13:48:50.824 | INFO | SimpleStrategy | combined: 收到行情, SH507P3000.CZCE
2025-06-11 13:48:50.824 | INFO | SimpleStrategy | combined: 收到行情, SH507P3000.CZCE
2025-06-11 13:48:50.824 | INFO | SimpleStrategy | combined: 收到行情, SH507P3040.CZCE
2025-06-11 13:48:50.824 | INFO | SimpleStrategy | combined: 收到行情, SH507P3040.CZCE
2025-06-11 13:48:50.824 | INFO | SimpleStrategy | combined: 收到行情, SH507P3080.CZCE
2025-06-11 13:48:50.828 | INFO | SimpleStrategy | combined: 收到行情, SH507P3080.CZCE
2025-06-11 13:48:50.828 | INFO | SimpleStrategy | combined: 收到行情, SH508C2080.CZCE
2025-06-11 13:48:50.828 | INFO | SimpleStrategy | combined: 收到行情, SH508C2080.CZCE
2025-06-11 13:48:50.828 | INFO | SimpleStrategy | combined: 收到行情, SH508C2120.CZCE
2025-06-11 13:48:50.828 | INFO | SimpleStrategy | combined: 收到行情, SH508C2120.CZCE
2025-06-11 13:48:50.829 | INFO | SimpleStrategy | combined: 收到行情, SH508C2160.CZCE
2025-06-11 13:48:50.829 | INFO | SimpleStrategy | combined: 收到行情, SH508C2160.CZCE
2025-06-11 13:48:50.829 | INFO | SimpleStrategy | combined: 收到行情, SH508C2200.CZCE
2025-06-11 13:48:50.829 | INFO | SimpleStrategy | combined: 收到行情, SH508C2200.CZCE
2025-06-11 13:48:50.829 | INFO | SimpleStrategy | combined: 收到行情, SH508C2240.CZCE
2025-06-11 13:48:50.829 | INFO | SimpleStrategy | combined: 收到行情, SH508C2240.CZCE
2025-06-11 13:48:50.829 | INFO | SimpleStrategy | combined: 收到行情, SH508C2280.CZCE
2025-06-11 13:48:50.829 | INFO | SimpleStrategy | combined: 收到行情, SH508C2280.CZCE
2025-06-11 13:48:50.829 | INFO | SimpleStrategy | combined: 收到行情, SH508C2320.CZCE
2025-06-11 13:48:50.829 | INFO | SimpleStrategy | combined: 收到行情, SH508C2320.CZCE
2025-06-11 13:48:50.829 | INFO | SimpleStrategy | combined: 收到行情, SH508C2360.CZCE
2025-06-11 13:48:50.829 | INFO | SimpleStrategy | combined: 收到行情, SH508C2360.CZCE
2025-06-11 13:48:50.829 | INFO | SimpleStrategy | combined: 收到行情, SH508C2400.CZCE
2025-06-11 13:48:50.829 | INFO | SimpleStrategy | combined: 收到行情, SH508C2400.CZCE
2025-06-11 13:48:50.830 | INFO | SimpleStrategy | combined: 收到行情, SH508C2440.CZCE
2025-06-11 13:48:50.830 | INFO | SimpleStrategy | combined: 收到行情, SH508C2440.CZCE
2025-06-11 13:48:50.830 | INFO | SimpleStrategy | combined: 收到行情, SH508C2480.CZCE
2025-06-11 13:48:50.830 | INFO | SimpleStrategy | combined: 收到行情, SH508C2480.CZCE
2025-06-11 13:48:50.830 | INFO | SimpleStrategy | combined: 收到行情, SH508C2520.CZCE
2025-06-11 13:48:50.830 | INFO | SimpleStrategy | combined: 收到行情, SH508C2520.CZCE
2025-06-11 13:48:50.830 | INFO | SimpleStrategy | combined: 收到行情, SH508C2560.CZCE
2025-06-11 13:48:50.830 | INFO | SimpleStrategy | combined: 收到行情, SH508C2560.CZCE
2025-06-11 13:48:50.830 | INFO | SimpleStrategy | combined: 收到行情, SH508C2600.CZCE
2025-06-11 13:48:50.830 | INFO | SimpleStrategy | combined: 收到行情, SH508C2600.CZCE
2025-06-11 13:48:50.830 | INFO | SimpleStrategy | combined: 收到行情, SH508C2640.CZCE
2025-06-11 13:48:50.830 | INFO | SimpleStrategy | combined: 收到行情, SH508C2640.CZCE
2025-06-11 13:48:50.830 | INFO | SimpleStrategy | combined: 收到行情, SH508C2680.CZCE
2025-06-11 13:48:50.830 | INFO | SimpleStrategy | combined: 收到行情, SH508C2680.CZCE
2025-06-11 13:48:50.830 | INFO | SimpleStrategy | combined: 收到行情, SH508C2720.CZCE
2025-06-11 13:48:50.831 | INFO | SimpleStrategy | combined: 收到行情, SH508C2720.CZCE
2025-06-11 13:48:50.831 | INFO | SimpleStrategy | combined: 收到行情, SH508C2760.CZCE
2025-06-11 13:48:50.831 | INFO | SimpleStrategy | combined: 收到行情, SH508C2760.CZCE
2025-06-11 13:48:50.867 | INFO | SimpleStrategy | combined: 收到行情, SH508C2800.CZCE
2025-06-11 13:48:50.872 | INFO | SimpleStrategy | combined: 收到行情, SH508C2800.CZCE
2025-06-11 13:48:50.872 | INFO | SimpleStrategy | combined: 收到行情, SH508C2840.CZCE
2025-06-11 13:48:50.872 | INFO | SimpleStrategy | combined: 收到行情, SH508C2840.CZCE
2025-06-11 13:48:50.873 | INFO | SimpleStrategy | combined: 收到行情, SH508C2880.CZCE
2025-06-11 13:48:50.873 | INFO | SimpleStrategy | combined: 收到行情, SH508C2880.CZCE
2025-06-11 13:48:50.873 | INFO | SimpleStrategy | combined: 收到行情, SH508P2080.CZCE
2025-06-11 13:48:50.873 | INFO | SimpleStrategy | combined: 收到行情, SH508P2080.CZCE
2025-06-11 13:48:50.873 | INFO | SimpleStrategy | combined: 收到行情, SH508P2120.CZCE
2025-06-11 13:48:50.873 | INFO | SimpleStrategy | combined: 收到行情, SH508P2120.CZCE
2025-06-11 13:48:50.873 | INFO | SimpleStrategy | combined: 收到行情, SH508P2160.CZCE
2025-06-11 13:48:50.873 | INFO | SimpleStrategy | combined: 收到行情, SH508P2160.CZCE
2025-06-11 13:48:50.873 | INFO | SimpleStrategy | combined: 收到行情, SH508P2200.CZCE
2025-06-11 13:48:50.874 | INFO | SimpleStrategy | combined: 收到行情, SH508P2200.CZCE
2025-06-11 13:48:50.874 | INFO | SimpleStrategy | combined: 收到行情, SH508P2240.CZCE
2025-06-11 13:48:50.874 | INFO | SimpleStrategy | combined: 收到行情, SH508P2240.CZCE
2025-06-11 13:48:50.874 | INFO | SimpleStrategy | combined: 收到行情, SH508P2280.CZCE
2025-06-11 13:48:50.874 | INFO | SimpleStrategy | combined: 收到行情, SH508P2280.CZCE
2025-06-11 13:48:50.874 | INFO | SimpleStrategy | combined: 收到行情, SH508P2320.CZCE
2025-06-11 13:48:50.874 | INFO | SimpleStrategy | combined: 收到行情, SH508P2320.CZCE
2025-06-11 13:48:50.874 | INFO | SimpleStrategy | combined: 收到行情, SH508P2360.CZCE
2025-06-11 13:48:50.874 | INFO | SimpleStrategy | combined: 收到行情, SH508P2360.CZCE
2025-06-11 13:48:50.874 | INFO | SimpleStrategy | combined: 收到行情, SH508P2400.CZCE
2025-06-11 13:48:50.875 | INFO | SimpleStrategy | combined: 收到行情, SH508P2400.CZCE
2025-06-11 13:48:50.875 | INFO | SimpleStrategy | combined: 收到行情, SH508P2440.CZCE
2025-06-11 13:48:50.875 | INFO | SimpleStrategy | combined: 收到行情, SH508P2440.CZCE
2025-06-11 13:48:50.875 | INFO | SimpleStrategy | combined: 收到行情, SH508P2480.CZCE
2025-06-11 13:48:50.875 | INFO | SimpleStrategy | combined: 收到行情, SH508P2480.CZCE
2025-06-11 13:48:50.875 | INFO | SimpleStrategy | combined: 收到行情, SH508P2520.CZCE
2025-06-11 13:48:50.875 | INFO | SimpleStrategy | combined: 收到行情, SH508P2520.CZCE
2025-06-11 13:48:50.875 | INFO | SimpleStrategy | combined: 收到行情, SH508P2560.CZCE
2025-06-11 13:48:50.875 | INFO | SimpleStrategy | combined: 收到行情, SH508P2560.CZCE
2025-06-11 13:48:50.875 | INFO | SimpleStrategy | combined: 收到行情, SH508P2600.CZCE
2025-06-11 13:48:50.875 | INFO | SimpleStrategy | combined: 收到行情, SH508P2600.CZCE
2025-06-11 13:48:50.875 | INFO | SimpleStrategy | combined: 收到行情, SH508P2640.CZCE
2025-06-11 13:48:50.876 | INFO | SimpleStrategy | combined: 收到行情, SH508P2640.CZCE
2025-06-11 13:48:50.876 | INFO | SimpleStrategy | combined: 收到行情, SH508P2680.CZCE
2025-06-11 13:48:50.876 | INFO | SimpleStrategy | combined: 收到行情, SH508P2680.CZCE
2025-06-11 13:48:50.876 | INFO | SimpleStrategy | combined: 收到行情, SH508P2720.CZCE
2025-06-11 13:48:50.876 | INFO | SimpleStrategy | combined: 收到行情, SH508P2720.CZCE
2025-06-11 13:48:50.876 | INFO | SimpleStrategy | combined: 收到行情, SH508P2760.CZCE
2025-06-11 13:48:50.876 | INFO | SimpleStrategy | combined: 收到行情, SH508P2760.CZCE
2025-06-11 13:48:50.876 | INFO | SimpleStrategy | combined: 收到行情, SH508P2800.CZCE
2025-06-11 13:48:50.876 | INFO | SimpleStrategy | combined: 收到行情, SH508P2800.CZCE
2025-06-11 13:48:50.876 | INFO | SimpleStrategy | combined: 收到行情, SH508P2840.CZCE
2025-06-11 13:48:50.876 | INFO | SimpleStrategy | combined: 收到行情, SH508P2840.CZCE
2025-06-11 13:48:50.876 | INFO | SimpleStrategy | combined: 收到行情, SH508P2880.CZCE
2025-06-11 13:48:50.877 | INFO | SimpleStrategy | combined: 收到行情, SH508P2880.CZCE
2025-06-11 13:48:50.877 | INFO | SimpleStrategy | combined: 收到行情, SM507C4700.CZCE
2025-06-11 13:48:50.877 | INFO | SimpleStrategy | combined: 收到行情, SM507C4700.CZCE
2025-06-11 13:48:50.908 | INFO | SimpleStrategy | combined: 收到行情, SM507C4750.CZCE
2025-06-11 13:48:50.909 | INFO | SimpleStrategy | combined: 收到行情, SM507C4750.CZCE
2025-06-11 13:48:50.909 | INFO | SimpleStrategy | combined: 收到行情, SM507C4800.CZCE
2025-06-11 13:48:50.909 | INFO | SimpleStrategy | combined: 收到行情, SM507C4800.CZCE
2025-06-11 13:48:50.909 | INFO | SimpleStrategy | combined: 收到行情, SM507C4850.CZCE
2025-06-11 13:48:50.909 | INFO | SimpleStrategy | combined: 收到行情, SM507C4850.CZCE
2025-06-11 13:48:50.909 | INFO | SimpleStrategy | combined: 收到行情, SM507C4900.CZCE
2025-06-11 13:48:50.909 | INFO | SimpleStrategy | combined: 收到行情, SM507C4900.CZCE
2025-06-11 13:48:50.909 | INFO | SimpleStrategy | combined: 收到行情, SM507C4950.CZCE
2025-06-11 13:48:50.909 | INFO | SimpleStrategy | combined: 收到行情, SM507C4950.CZCE
2025-06-11 13:48:50.909 | INFO | SimpleStrategy | combined: 收到行情, SM507C5000.CZCE
2025-06-11 13:48:50.910 | INFO | SimpleStrategy | combined: 收到行情, SM507C5000.CZCE
2025-06-11 13:48:50.914 | INFO | SimpleStrategy | combined: 收到行情, SM507C5100.CZCE
2025-06-11 13:48:50.914 | INFO | SimpleStrategy | combined: 收到行情, SM507C5100.CZCE
2025-06-11 13:48:50.914 | INFO | SimpleStrategy | combined: 收到行情, SM507C5200.CZCE
2025-06-11 13:48:50.914 | INFO | SimpleStrategy | combined: 收到行情, SM507C5200.CZCE
2025-06-11 13:48:50.915 | INFO | SimpleStrategy | combined: 收到行情, SM507C5300.CZCE
2025-06-11 13:48:50.915 | INFO | SimpleStrategy | combined: 收到行情, SM507C5300.CZCE
2025-06-11 13:48:50.915 | INFO | SimpleStrategy | combined: 收到行情, SM507C5400.CZCE
2025-06-11 13:48:50.915 | INFO | SimpleStrategy | combined: 收到行情, SM507C5400.CZCE
2025-06-11 13:48:50.915 | INFO | SimpleStrategy | combined: 收到行情, SM507C5500.CZCE
2025-06-11 13:48:50.915 | INFO | SimpleStrategy | combined: 收到行情, SM507C5500.CZCE
2025-06-11 13:48:50.915 | INFO | SimpleStrategy | combined: 收到行情, SM507C5600.CZCE
2025-06-11 13:48:50.915 | INFO | SimpleStrategy | combined: 收到行情, SM507C5600.CZCE
2025-06-11 13:48:50.915 | INFO | SimpleStrategy | combined: 收到行情, SM507C5700.CZCE
2025-06-11 13:48:50.915 | INFO | SimpleStrategy | combined: 收到行情, SM507C5700.CZCE
2025-06-11 13:48:50.915 | INFO | SimpleStrategy | combined: 收到行情, SM507C5800.CZCE
2025-06-11 13:48:50.915 | INFO | SimpleStrategy | combined: 收到行情, SM507C5800.CZCE
2025-06-11 13:48:50.915 | INFO | SimpleStrategy | combined: 收到行情, SM507C5900.CZCE
2025-06-11 13:48:50.915 | INFO | SimpleStrategy | combined: 收到行情, SM507C5900.CZCE
2025-06-11 13:48:50.915 | INFO | SimpleStrategy | combined: 收到行情, SM507C6000.CZCE
2025-06-11 13:48:50.915 | INFO | SimpleStrategy | combined: 收到行情, SM507C6000.CZCE
2025-06-11 13:48:50.915 | INFO | SimpleStrategy | combined: 收到行情, SM507C6100.CZCE
2025-06-11 13:48:50.916 | INFO | SimpleStrategy | combined: 收到行情, SM507C6100.CZCE
2025-06-11 13:48:50.916 | INFO | SimpleStrategy | combined: 收到行情, SM507C6200.CZCE
2025-06-11 13:48:50.916 | INFO | SimpleStrategy | combined: 收到行情, SM507C6200.CZCE
2025-06-11 13:48:50.916 | INFO | SimpleStrategy | combined: 收到行情, SM507C6300.CZCE
2025-06-11 13:48:50.916 | INFO | SimpleStrategy | combined: 收到行情, SM507C6300.CZCE
2025-06-11 13:48:50.916 | INFO | SimpleStrategy | combined: 收到行情, SM507C6400.CZCE
2025-06-11 13:48:50.916 | INFO | SimpleStrategy | combined: 收到行情, SM507C6400.CZCE
2025-06-11 13:48:50.916 | INFO | SimpleStrategy | combined: 收到行情, SM507C6500.CZCE
2025-06-11 13:48:50.916 | INFO | SimpleStrategy | combined: 收到行情, SM507C6500.CZCE
2025-06-11 13:48:50.916 | INFO | SimpleStrategy | combined: 收到行情, SM507C6600.CZCE
2025-06-11 13:48:50.917 | INFO | SimpleStrategy | combined: 收到行情, SM507C6600.CZCE
2025-06-11 13:48:50.917 | INFO | SimpleStrategy | combined: 收到行情, SM507C6700.CZCE
2025-06-11 13:48:50.917 | INFO | SimpleStrategy | combined: 收到行情, SM507C6700.CZCE
2025-06-11 13:48:50.917 | INFO | SimpleStrategy | combined: 收到行情, SM507C6800.CZCE
2025-06-11 13:48:50.917 | INFO | SimpleStrategy | combined: 收到行情, SM507C6800.CZCE
2025-06-11 13:48:50.951 | INFO | SimpleStrategy | combined: 收到行情, SM507C6900.CZCE
2025-06-11 13:48:50.952 | INFO | SimpleStrategy | combined: 收到行情, SM507C6900.CZCE
2025-06-11 13:48:50.952 | INFO | SimpleStrategy | combined: 收到行情, SM507C7000.CZCE
2025-06-11 13:48:50.952 | INFO | SimpleStrategy | combined: 收到行情, SM507C7000.CZCE
2025-06-11 13:48:50.952 | INFO | SimpleStrategy | combined: 收到行情, SM507C7100.CZCE
2025-06-11 13:48:50.952 | INFO | SimpleStrategy | combined: 收到行情, SM507C7100.CZCE
2025-06-11 13:48:50.952 | INFO | SimpleStrategy | combined: 收到行情, SM507C7200.CZCE
2025-06-11 13:48:50.952 | INFO | SimpleStrategy | combined: 收到行情, SM507C7200.CZCE
2025-06-11 13:48:50.953 | INFO | SimpleStrategy | combined: 收到行情, SM507C7300.CZCE
2025-06-11 13:48:50.953 | INFO | SimpleStrategy | combined: 收到行情, SM507C7300.CZCE
2025-06-11 13:48:50.953 | INFO | SimpleStrategy | combined: 收到行情, SM507P4700.CZCE
2025-06-11 13:48:50.953 | INFO | SimpleStrategy | combined: 收到行情, SM507P4700.CZCE
2025-06-11 13:48:50.953 | INFO | SimpleStrategy | combined: 收到行情, SM507P4750.CZCE
2025-06-11 13:48:50.953 | INFO | SimpleStrategy | combined: 收到行情, SM507P4750.CZCE
2025-06-11 13:48:50.953 | INFO | SimpleStrategy | combined: 收到行情, SM507P4800.CZCE
2025-06-11 13:48:50.953 | INFO | SimpleStrategy | combined: 收到行情, SM507P4800.CZCE
2025-06-11 13:48:50.953 | INFO | SimpleStrategy | combined: 收到行情, SM507P4850.CZCE
2025-06-11 13:48:50.953 | INFO | SimpleStrategy | combined: 收到行情, SM507P4850.CZCE
2025-06-11 13:48:50.957 | INFO | SimpleStrategy | combined: 收到行情, SM507P4900.CZCE
2025-06-11 13:48:50.957 | INFO | SimpleStrategy | combined: 收到行情, SM507P4900.CZCE
2025-06-11 13:48:50.957 | INFO | SimpleStrategy | combined: 收到行情, SM507P4950.CZCE
2025-06-11 13:48:50.957 | INFO | SimpleStrategy | combined: 收到行情, SM507P4950.CZCE
2025-06-11 13:48:50.957 | INFO | SimpleStrategy | combined: 收到行情, SM507P5000.CZCE
2025-06-11 13:48:50.957 | INFO | SimpleStrategy | combined: 收到行情, SM507P5000.CZCE
2025-06-11 13:48:50.957 | INFO | SimpleStrategy | combined: 收到行情, SM507P5100.CZCE
2025-06-11 13:48:50.958 | INFO | SimpleStrategy | combined: 收到行情, SM507P5100.CZCE
2025-06-11 13:48:50.958 | INFO | SimpleStrategy | combined: 收到行情, SM507P5200.CZCE
2025-06-11 13:48:50.958 | INFO | SimpleStrategy | combined: 收到行情, SM507P5200.CZCE
2025-06-11 13:48:50.958 | INFO | SimpleStrategy | combined: 收到行情, SM507P5300.CZCE
2025-06-11 13:48:50.958 | INFO | SimpleStrategy | combined: 收到行情, SM507P5300.CZCE
2025-06-11 13:48:50.958 | INFO | SimpleStrategy | combined: 收到行情, SM507P5400.CZCE
2025-06-11 13:48:50.958 | INFO | SimpleStrategy | combined: 收到行情, SM507P5400.CZCE
2025-06-11 13:48:50.958 | INFO | SimpleStrategy | combined: 收到行情, SM507P5500.CZCE
2025-06-11 13:48:50.959 | INFO | SimpleStrategy | combined: 收到行情, SM507P5500.CZCE
2025-06-11 13:48:50.959 | INFO | SimpleStrategy | combined: 收到行情, SM507P5600.CZCE
2025-06-11 13:48:50.959 | INFO | SimpleStrategy | combined: 收到行情, SM507P5600.CZCE
2025-06-11 13:48:50.959 | INFO | SimpleStrategy | combined: 收到行情, SM507P5700.CZCE
2025-06-11 13:48:50.959 | INFO | SimpleStrategy | combined: 收到行情, SM507P5700.CZCE
2025-06-11 13:48:50.959 | INFO | SimpleStrategy | combined: 收到行情, SM507P5800.CZCE
2025-06-11 13:48:50.959 | INFO | SimpleStrategy | combined: 收到行情, SM507P5800.CZCE
2025-06-11 13:48:50.959 | INFO | SimpleStrategy | combined: 收到行情, SM507P5900.CZCE
2025-06-11 13:48:50.959 | INFO | SimpleStrategy | combined: 收到行情, SM507P5900.CZCE
2025-06-11 13:48:50.959 | INFO | SimpleStrategy | combined: 收到行情, SM507P6000.CZCE
2025-06-11 13:48:50.959 | INFO | SimpleStrategy | combined: 收到行情, SM507P6000.CZCE
2025-06-11 13:48:50.959 | INFO | SimpleStrategy | combined: 收到行情, SM507P6100.CZCE
2025-06-11 13:48:50.959 | INFO | SimpleStrategy | combined: 收到行情, SM507P6100.CZCE
2025-06-11 13:48:50.959 | INFO | SimpleStrategy | combined: 收到行情, SM507P6200.CZCE
2025-06-11 13:48:50.960 | INFO | SimpleStrategy | combined: 收到行情, SM507P6200.CZCE
2025-06-11 13:48:50.960 | INFO | SimpleStrategy | combined: 收到行情, SM507P6300.CZCE
2025-06-11 13:48:50.960 | INFO | SimpleStrategy | combined: 收到行情, SM507P6300.CZCE
2025-06-11 13:48:50.960 | INFO | SimpleStrategy | combined: 收到行情, SM507P6400.CZCE
2025-06-11 13:48:50.960 | INFO | SimpleStrategy | combined: 收到行情, SM507P6400.CZCE
2025-06-11 13:48:50.960 | INFO | SimpleStrategy | combined: 收到行情, SM507P6500.CZCE
2025-06-11 13:48:50.960 | INFO | SimpleStrategy | combined: 收到行情, SM507P6500.CZCE
2025-06-11 13:48:50.994 | INFO | SimpleStrategy | combined: 收到行情, SM507P6600.CZCE
2025-06-11 13:48:50.994 | INFO | SimpleStrategy | combined: 收到行情, SM507P6600.CZCE
2025-06-11 13:48:50.994 | INFO | SimpleStrategy | combined: 收到行情, SM507P6700.CZCE
2025-06-11 13:48:50.994 | INFO | SimpleStrategy | combined: 收到行情, SM507P6700.CZCE
2025-06-11 13:48:50.994 | INFO | SimpleStrategy | combined: 收到行情, SM507P6800.CZCE
2025-06-11 13:48:50.994 | INFO | SimpleStrategy | combined: 收到行情, SM507P6800.CZCE
2025-06-11 13:48:50.995 | INFO | SimpleStrategy | combined: 收到行情, SM507P6900.CZCE
2025-06-11 13:48:50.995 | INFO | SimpleStrategy | combined: 收到行情, SM507P6900.CZCE
2025-06-11 13:48:50.995 | INFO | SimpleStrategy | combined: 收到行情, SM507P7000.CZCE
2025-06-11 13:48:50.995 | INFO | SimpleStrategy | combined: 收到行情, SM507P7000.CZCE
2025-06-11 13:48:50.995 | INFO | SimpleStrategy | combined: 收到行情, SM507P7100.CZCE
2025-06-11 13:48:50.995 | INFO | SimpleStrategy | combined: 收到行情, SM507P7100.CZCE
2025-06-11 13:48:50.995 | INFO | SimpleStrategy | combined: 收到行情, SM507P7200.CZCE
2025-06-11 13:48:50.995 | INFO | SimpleStrategy | combined: 收到行情, SM507P7200.CZCE
2025-06-11 13:48:50.995 | INFO | SimpleStrategy | combined: 收到行情, SM507P7300.CZCE
2025-06-11 13:48:50.995 | INFO | SimpleStrategy | combined: 收到行情, SM507P7300.CZCE
2025-06-11 13:48:50.999 | INFO | SimpleStrategy | combined: 收到行情, SM508C4700.CZCE
2025-06-11 13:48:50.999 | INFO | SimpleStrategy | combined: 收到行情, SM508C4700.CZCE
2025-06-11 13:48:50.999 | INFO | SimpleStrategy | combined: 收到行情, SM508C4750.CZCE
2025-06-11 13:48:50.999 | INFO | SimpleStrategy | combined: 收到行情, SM508C4750.CZCE
2025-06-11 13:48:50.999 | INFO | SimpleStrategy | combined: 收到行情, SM508C4800.CZCE
2025-06-11 13:48:50.999 | INFO | SimpleStrategy | combined: 收到行情, SM508C4800.CZCE
2025-06-11 13:48:50.999 | INFO | SimpleStrategy | combined: 收到行情, SM508C4850.CZCE
2025-06-11 13:48:51.000 | INFO | SimpleStrategy | combined: 收到行情, SM508C4850.CZCE
2025-06-11 13:48:51.000 | INFO | SimpleStrategy | combined: 收到行情, SM508C4900.CZCE
2025-06-11 13:48:51.000 | INFO | SimpleStrategy | combined: 收到行情, SM508C4900.CZCE
2025-06-11 13:48:51.000 | INFO | SimpleStrategy | combined: 收到行情, SM508C4950.CZCE
2025-06-11 13:48:51.000 | INFO | SimpleStrategy | combined: 收到行情, SM508C4950.CZCE
2025-06-11 13:48:51.000 | INFO | SimpleStrategy | combined: 收到行情, SM508C5000.CZCE
2025-06-11 13:48:51.000 | INFO | SimpleStrategy | combined: 收到行情, SM508C5000.CZCE
2025-06-11 13:48:51.000 | INFO | SimpleStrategy | combined: 收到行情, SM508C5100.CZCE
2025-06-11 13:48:51.000 | INFO | SimpleStrategy | combined: 收到行情, SM508C5100.CZCE
2025-06-11 13:48:51.000 | INFO | SimpleStrategy | combined: 收到行情, SM508C5200.CZCE
2025-06-11 13:48:51.000 | INFO | SimpleStrategy | combined: 收到行情, SM508C5200.CZCE
2025-06-11 13:48:51.000 | INFO | SimpleStrategy | combined: 收到行情, SM508C5300.CZCE
2025-06-11 13:48:51.000 | INFO | SimpleStrategy | combined: 收到行情, SM508C5300.CZCE
2025-06-11 13:48:51.001 | INFO | SimpleStrategy | combined: 收到行情, SM508C5400.CZCE
2025-06-11 13:48:51.001 | INFO | SimpleStrategy | combined: 收到行情, SM508C5400.CZCE
2025-06-11 13:48:51.001 | INFO | SimpleStrategy | combined: 收到行情, SM508C5500.CZCE
2025-06-11 13:48:51.001 | INFO | SimpleStrategy | combined: 收到行情, SM508C5500.CZCE
2025-06-11 13:48:51.001 | INFO | SimpleStrategy | combined: 收到行情, SM508C5600.CZCE
2025-06-11 13:48:51.002 | INFO | SimpleStrategy | combined: 收到行情, SM508C5600.CZCE
2025-06-11 13:48:51.002 | INFO | SimpleStrategy | combined: 收到行情, SM508C5700.CZCE
2025-06-11 13:48:51.002 | INFO | SimpleStrategy | combined: 收到行情, SM508C5700.CZCE
2025-06-11 13:48:51.002 | INFO | SimpleStrategy | combined: 收到行情, SM508C5800.CZCE
2025-06-11 13:48:51.002 | INFO | SimpleStrategy | combined: 收到行情, SM508C5800.CZCE
2025-06-11 13:48:51.002 | INFO | SimpleStrategy | combined: 收到行情, SM508C5900.CZCE
2025-06-11 13:48:51.002 | INFO | SimpleStrategy | combined: 收到行情, SM508C5900.CZCE
2025-06-11 13:48:51.002 | INFO | SimpleStrategy | combined: 收到行情, SM508C6000.CZCE
2025-06-11 13:48:51.002 | INFO | SimpleStrategy | combined: 收到行情, SM508C6000.CZCE
2025-06-11 13:48:51.002 | INFO | SimpleStrategy | combined: 收到行情, SM508C6100.CZCE
2025-06-11 13:48:51.002 | INFO | SimpleStrategy | combined: 收到行情, SM508C6100.CZCE
2025-06-11 13:48:51.002 | INFO | SimpleStrategy | combined: 收到行情, SM508C6200.CZCE
2025-06-11 13:48:51.002 | INFO | SimpleStrategy | combined: 收到行情, SM508C6200.CZCE
2025-06-11 13:48:51.036 | INFO | SimpleStrategy | combined: 收到行情, SM508C6300.CZCE
2025-06-11 13:48:51.037 | INFO | SimpleStrategy | combined: 收到行情, SM508C6300.CZCE
2025-06-11 13:48:51.037 | INFO | SimpleStrategy | combined: 收到行情, SM508C6400.CZCE
2025-06-11 13:48:51.037 | INFO | SimpleStrategy | combined: 收到行情, SM508C6400.CZCE
2025-06-11 13:48:51.037 | INFO | SimpleStrategy | combined: 收到行情, SM508C6500.CZCE
2025-06-11 13:48:51.037 | INFO | SimpleStrategy | combined: 收到行情, SM508C6500.CZCE
2025-06-11 13:48:51.037 | INFO | SimpleStrategy | combined: 收到行情, SM508C6600.CZCE
2025-06-11 13:48:51.038 | INFO | SimpleStrategy | combined: 收到行情, SM508C6600.CZCE
2025-06-11 13:48:51.038 | INFO | SimpleStrategy | combined: 收到行情, SM508P4700.CZCE
2025-06-11 13:48:51.038 | INFO | SimpleStrategy | combined: 收到行情, SM508P4700.CZCE
2025-06-11 13:48:51.038 | INFO | SimpleStrategy | combined: 收到行情, SM508P4750.CZCE
2025-06-11 13:48:51.038 | INFO | SimpleStrategy | combined: 收到行情, SM508P4750.CZCE
2025-06-11 13:48:51.038 | INFO | SimpleStrategy | combined: 收到行情, SM508P4800.CZCE
2025-06-11 13:48:51.038 | INFO | SimpleStrategy | combined: 收到行情, SM508P4800.CZCE
2025-06-11 13:48:51.038 | INFO | SimpleStrategy | combined: 收到行情, SM508P4850.CZCE
2025-06-11 13:48:51.038 | INFO | SimpleStrategy | combined: 收到行情, SM508P4850.CZCE
2025-06-11 13:48:51.042 | INFO | SimpleStrategy | combined: 收到行情, SM508P4900.CZCE
2025-06-11 13:48:51.042 | INFO | SimpleStrategy | combined: 收到行情, SM508P4900.CZCE
2025-06-11 13:48:51.042 | INFO | SimpleStrategy | combined: 收到行情, SM508P4950.CZCE
2025-06-11 13:48:51.042 | INFO | SimpleStrategy | combined: 收到行情, SM508P4950.CZCE
2025-06-11 13:48:51.042 | INFO | SimpleStrategy | combined: 收到行情, SM508P5000.CZCE
2025-06-11 13:48:51.042 | INFO | SimpleStrategy | combined: 收到行情, SM508P5000.CZCE
2025-06-11 13:48:51.042 | INFO | SimpleStrategy | combined: 收到行情, SM508P5100.CZCE
2025-06-11 13:48:51.042 | INFO | SimpleStrategy | combined: 收到行情, SM508P5100.CZCE
2025-06-11 13:48:51.043 | INFO | SimpleStrategy | combined: 收到行情, SM508P5200.CZCE
2025-06-11 13:48:51.043 | INFO | SimpleStrategy | combined: 收到行情, SM508P5200.CZCE
2025-06-11 13:48:51.043 | INFO | SimpleStrategy | combined: 收到行情, SM508P5300.CZCE
2025-06-11 13:48:51.043 | INFO | SimpleStrategy | combined: 收到行情, SM508P5300.CZCE
2025-06-11 13:48:51.043 | INFO | SimpleStrategy | combined: 收到行情, SM508P5400.CZCE
2025-06-11 13:48:51.043 | INFO | SimpleStrategy | combined: 收到行情, SM508P5400.CZCE
2025-06-11 13:48:51.043 | INFO | SimpleStrategy | combined: 收到行情, SM508P5500.CZCE
2025-06-11 13:48:51.043 | INFO | SimpleStrategy | combined: 收到行情, SM508P5500.CZCE
2025-06-11 13:48:51.043 | INFO | SimpleStrategy | combined: 收到行情, SM508P5600.CZCE
2025-06-11 13:48:51.043 | INFO | SimpleStrategy | combined: 收到行情, SM508P5600.CZCE
2025-06-11 13:48:51.044 | INFO | SimpleStrategy | combined: 收到行情, SM508P5700.CZCE
2025-06-11 13:48:51.044 | INFO | SimpleStrategy | combined: 收到行情, SM508P5700.CZCE
2025-06-11 13:48:51.044 | INFO | SimpleStrategy | combined: 收到行情, SM508P5800.CZCE
2025-06-11 13:48:51.044 | INFO | SimpleStrategy | combined: 收到行情, SM508P5800.CZCE
2025-06-11 13:48:51.044 | INFO | SimpleStrategy | combined: 收到行情, SM508P5900.CZCE
2025-06-11 13:48:51.044 | INFO | SimpleStrategy | combined: 收到行情, SM508P5900.CZCE
2025-06-11 13:48:51.044 | INFO | SimpleStrategy | combined: 收到行情, SM508P6000.CZCE
2025-06-11 13:48:51.044 | INFO | SimpleStrategy | combined: 收到行情, SM508P6000.CZCE
2025-06-11 13:48:51.044 | INFO | SimpleStrategy | combined: 收到行情, SM508P6100.CZCE
2025-06-11 13:48:51.044 | INFO | SimpleStrategy | combined: 收到行情, SM508P6100.CZCE
2025-06-11 13:48:51.044 | INFO | SimpleStrategy | combined: 收到行情, SM508P6200.CZCE
2025-06-11 13:48:51.044 | INFO | SimpleStrategy | combined: 收到行情, SM508P6200.CZCE
2025-06-11 13:48:51.044 | INFO | SimpleStrategy | combined: 收到行情, SM508P6300.CZCE
2025-06-11 13:48:51.044 | INFO | SimpleStrategy | combined: 收到行情, SM508P6300.CZCE
2025-06-11 13:48:51.044 | INFO | SimpleStrategy | combined: 收到行情, SM508P6400.CZCE
2025-06-11 13:48:51.044 | INFO | SimpleStrategy | combined: 收到行情, SM508P6400.CZCE
2025-06-11 13:48:51.045 | INFO | SimpleStrategy | combined: 收到行情, SM508P6500.CZCE
2025-06-11 13:48:51.045 | INFO | SimpleStrategy | combined: 收到行情, SM508P6500.CZCE
2025-06-11 13:48:51.045 | INFO | SimpleStrategy | combined: 收到行情, SM508P6600.CZCE
2025-06-11 13:48:51.045 | INFO | SimpleStrategy | combined: 收到行情, SM508P6600.CZCE
2025-06-11 13:48:51.045 | INFO | SimpleStrategy | combined: 收到行情, SR507C4900.CZCE
2025-06-11 13:48:51.045 | INFO | SimpleStrategy | combined: 收到行情, SR507C4900.CZCE
2025-06-11 13:48:51.045 | INFO | SimpleStrategy | combined: 收到行情, SR507C5000.CZCE
2025-06-11 13:48:51.045 | INFO | SimpleStrategy | combined: 收到行情, SR507C5000.CZCE
2025-06-11 13:48:51.079 | INFO | SimpleStrategy | combined: 收到行情, SR507C5100.CZCE
2025-06-11 13:48:51.079 | INFO | SimpleStrategy | combined: 收到行情, SR507C5100.CZCE
2025-06-11 13:48:51.079 | INFO | SimpleStrategy | combined: 收到行情, SR507C5200.CZCE
2025-06-11 13:48:51.079 | INFO | SimpleStrategy | combined: 收到行情, SR507C5200.CZCE
2025-06-11 13:48:51.080 | INFO | SimpleStrategy | combined: 收到行情, SR507C5300.CZCE
2025-06-11 13:48:51.080 | INFO | SimpleStrategy | combined: 收到行情, SR507C5300.CZCE
2025-06-11 13:48:51.080 | INFO | SimpleStrategy | combined: 收到行情, SR507C5400.CZCE
2025-06-11 13:48:51.080 | INFO | SimpleStrategy | combined: 收到行情, SR507C5400.CZCE
2025-06-11 13:48:51.080 | INFO | SimpleStrategy | combined: 收到行情, SR507C5500.CZCE
2025-06-11 13:48:51.080 | INFO | SimpleStrategy | combined: 收到行情, SR507C5500.CZCE
2025-06-11 13:48:51.080 | INFO | SimpleStrategy | combined: 收到行情, SR507C5600.CZCE
2025-06-11 13:48:51.081 | INFO | SimpleStrategy | combined: 收到行情, SR507C5600.CZCE
2025-06-11 13:48:51.081 | INFO | SimpleStrategy | combined: 收到行情, SR507C5700.CZCE
2025-06-11 13:48:51.081 | INFO | SimpleStrategy | combined: 收到行情, SR507C5700.CZCE
2025-06-11 13:48:51.081 | INFO | SimpleStrategy | combined: 收到行情, SR507C5800.CZCE
2025-06-11 13:48:51.081 | INFO | SimpleStrategy | combined: 收到行情, SR507C5800.CZCE
2025-06-11 13:48:51.084 | INFO | SimpleStrategy | combined: 收到行情, SR507C5900.CZCE
2025-06-11 13:48:51.084 | INFO | SimpleStrategy | combined: 收到行情, SR507C5900.CZCE
2025-06-11 13:48:51.084 | INFO | SimpleStrategy | combined: 收到行情, SR507C6000.CZCE
2025-06-11 13:48:51.084 | INFO | SimpleStrategy | combined: 收到行情, SR507C6000.CZCE
2025-06-11 13:48:51.084 | INFO | SimpleStrategy | combined: 收到行情, SR507C6100.CZCE
2025-06-11 13:48:51.084 | INFO | SimpleStrategy | combined: 收到行情, SR507C6100.CZCE
2025-06-11 13:48:51.086 | INFO | SimpleStrategy | combined: 收到行情, SR507C6200.CZCE
2025-06-11 13:48:51.086 | INFO | SimpleStrategy | combined: 收到行情, SR507C6200.CZCE
2025-06-11 13:48:51.086 | INFO | SimpleStrategy | combined: 收到行情, SR507C6300.CZCE
2025-06-11 13:48:51.086 | INFO | SimpleStrategy | combined: 收到行情, SR507C6300.CZCE
2025-06-11 13:48:51.086 | INFO | SimpleStrategy | combined: 收到行情, SR507C6400.CZCE
2025-06-11 13:48:51.086 | INFO | SimpleStrategy | combined: 收到行情, SR507C6400.CZCE
2025-06-11 13:48:51.086 | INFO | SimpleStrategy | combined: 收到行情, SR507C6500.CZCE
2025-06-11 13:48:51.086 | INFO | SimpleStrategy | combined: 收到行情, SR507C6500.CZCE
2025-06-11 13:48:51.086 | INFO | SimpleStrategy | combined: 收到行情, SR507C6600.CZCE
2025-06-11 13:48:51.086 | INFO | SimpleStrategy | combined: 收到行情, SR507C6600.CZCE
2025-06-11 13:48:51.086 | INFO | SimpleStrategy | combined: 收到行情, SR507C6700.CZCE
2025-06-11 13:48:51.086 | INFO | SimpleStrategy | combined: 收到行情, SR507C6700.CZCE
2025-06-11 13:48:51.086 | INFO | SimpleStrategy | combined: 收到行情, SR507C6800.CZCE
2025-06-11 13:48:51.087 | INFO | SimpleStrategy | combined: 收到行情, SR507C6800.CZCE
2025-06-11 13:48:51.087 | INFO | SimpleStrategy | combined: 收到行情, SR507C6900.CZCE
2025-06-11 13:48:51.087 | INFO | SimpleStrategy | combined: 收到行情, SR507C6900.CZCE
2025-06-11 13:48:51.087 | INFO | SimpleStrategy | combined: 收到行情, SR507P4900.CZCE
2025-06-11 13:48:51.087 | INFO | SimpleStrategy | combined: 收到行情, SR507P4900.CZCE
2025-06-11 13:48:51.087 | INFO | SimpleStrategy | combined: 收到行情, SR507P5000.CZCE
2025-06-11 13:48:51.087 | INFO | SimpleStrategy | combined: 收到行情, SR507P5000.CZCE
2025-06-11 13:48:51.087 | INFO | SimpleStrategy | combined: 收到行情, SR507P5100.CZCE
2025-06-11 13:48:51.087 | INFO | SimpleStrategy | combined: 收到行情, SR507P5100.CZCE
2025-06-11 13:48:51.087 | INFO | SimpleStrategy | combined: 收到行情, SR507P5200.CZCE
2025-06-11 13:48:51.088 | INFO | SimpleStrategy | combined: 收到行情, SR507P5200.CZCE
2025-06-11 13:48:51.088 | INFO | SimpleStrategy | combined: 收到行情, SR507P5300.CZCE
2025-06-11 13:48:51.088 | INFO | SimpleStrategy | combined: 收到行情, SR507P5300.CZCE
2025-06-11 13:48:51.088 | INFO | SimpleStrategy | combined: 收到行情, SR507P5400.CZCE
2025-06-11 13:48:51.088 | INFO | SimpleStrategy | combined: 收到行情, SR507P5400.CZCE
2025-06-11 13:48:51.088 | INFO | SimpleStrategy | combined: 收到行情, SR507P5500.CZCE
2025-06-11 13:48:51.088 | INFO | SimpleStrategy | combined: 收到行情, SR507P5500.CZCE
2025-06-11 13:48:51.088 | INFO | SimpleStrategy | combined: 收到行情, SR507P5600.CZCE
2025-06-11 13:48:51.088 | INFO | SimpleStrategy | combined: 收到行情, SR507P5600.CZCE
2025-06-11 13:48:51.088 | INFO | SimpleStrategy | combined: 收到行情, SR507P5700.CZCE
2025-06-11 13:48:51.088 | INFO | SimpleStrategy | combined: 收到行情, SR507P5700.CZCE
2025-06-11 13:48:51.088 | INFO | SimpleStrategy | combined: 收到行情, SR507P5800.CZCE
2025-06-11 13:48:51.088 | INFO | SimpleStrategy | combined: 收到行情, SR507P5800.CZCE
2025-06-11 13:48:51.089 | INFO | SimpleStrategy | combined: 收到行情, SR507P5900.CZCE
2025-06-11 13:48:51.089 | INFO | SimpleStrategy | combined: 收到行情, SR507P5900.CZCE
2025-06-11 13:48:51.121 | INFO | SimpleStrategy | combined: 收到行情, SR507P6000.CZCE
2025-06-11 13:48:51.122 | INFO | SimpleStrategy | combined: 收到行情, SR507P6000.CZCE
2025-06-11 13:48:51.122 | INFO | SimpleStrategy | combined: 收到行情, SR507P6100.CZCE
2025-06-11 13:48:51.122 | INFO | SimpleStrategy | combined: 收到行情, SR507P6100.CZCE
2025-06-11 13:48:51.122 | INFO | SimpleStrategy | combined: 收到行情, SR507P6200.CZCE
2025-06-11 13:48:51.122 | INFO | SimpleStrategy | combined: 收到行情, SR507P6200.CZCE
2025-06-11 13:48:51.122 | INFO | SimpleStrategy | combined: 收到行情, SR507P6300.CZCE
2025-06-11 13:48:51.122 | INFO | SimpleStrategy | combined: 收到行情, SR507P6300.CZCE
2025-06-11 13:48:51.123 | INFO | SimpleStrategy | combined: 收到行情, SR507P6400.CZCE
2025-06-11 13:48:51.123 | INFO | SimpleStrategy | combined: 收到行情, SR507P6400.CZCE
2025-06-11 13:48:51.123 | INFO | SimpleStrategy | combined: 收到行情, SR507P6500.CZCE
2025-06-11 13:48:51.128 | INFO | SimpleStrategy | combined: 收到行情, SR507P6500.CZCE
2025-06-11 13:48:51.128 | INFO | SimpleStrategy | combined: 收到行情, SR507P6600.CZCE
2025-06-11 13:48:51.128 | INFO | SimpleStrategy | combined: 收到行情, SR507P6600.CZCE
2025-06-11 13:48:51.128 | INFO | SimpleStrategy | combined: 收到行情, SR507P6700.CZCE
2025-06-11 13:48:51.128 | INFO | SimpleStrategy | combined: 收到行情, SR507P6700.CZCE
2025-06-11 13:48:51.128 | INFO | SimpleStrategy | combined: 收到行情, SR507P6800.CZCE
2025-06-11 13:48:51.128 | INFO | SimpleStrategy | combined: 收到行情, SR507P6800.CZCE
2025-06-11 13:48:51.128 | INFO | SimpleStrategy | combined: 收到行情, SR507P6900.CZCE
2025-06-11 13:48:51.129 | INFO | SimpleStrategy | combined: 收到行情, SR507P6900.CZCE
2025-06-11 13:48:51.129 | INFO | SimpleStrategy | combined: 收到行情, SR509MSC5000.CZCE
2025-06-11 13:48:51.129 | INFO | SimpleStrategy | combined: 收到行情, SR509MSC5000.CZCE
2025-06-11 13:48:51.129 | INFO | SimpleStrategy | combined: 收到行情, SR509MSC5100.CZCE
2025-06-11 13:48:51.129 | INFO | SimpleStrategy | combined: 收到行情, SR509MSC5100.CZCE
2025-06-11 13:48:51.129 | INFO | SimpleStrategy | combined: 收到行情, SR509MSC5200.CZCE
2025-06-11 13:48:51.129 | INFO | SimpleStrategy | combined: 收到行情, SR509MSC5200.CZCE
2025-06-11 13:48:51.129 | INFO | SimpleStrategy | combined: 收到行情, SR509MSC5300.CZCE
2025-06-11 13:48:51.129 | INFO | SimpleStrategy | combined: 收到行情, SR509MSC5300.CZCE
2025-06-11 13:48:51.129 | INFO | SimpleStrategy | combined: 收到行情, SR509MSC5400.CZCE
2025-06-11 13:48:51.129 | INFO | SimpleStrategy | combined: 收到行情, SR509MSC5400.CZCE
2025-06-11 13:48:51.129 | INFO | SimpleStrategy | combined: 收到行情, SR509MSC5500.CZCE
2025-06-11 13:48:51.129 | INFO | SimpleStrategy | combined: 收到行情, SR509MSC5500.CZCE
2025-06-11 13:48:51.129 | INFO | SimpleStrategy | combined: 收到行情, SR509MSC5600.CZCE
2025-06-11 13:48:51.130 | INFO | SimpleStrategy | combined: 收到行情, SR509MSC5600.CZCE
2025-06-11 13:48:51.130 | INFO | SimpleStrategy | combined: 收到行情, SR509MSC5700.CZCE
2025-06-11 13:48:51.130 | INFO | SimpleStrategy | combined: 收到行情, SR509MSC5700.CZCE
2025-06-11 13:48:51.130 | INFO | SimpleStrategy | combined: 收到行情, SR509MSC5800.CZCE
2025-06-11 13:48:51.130 | INFO | SimpleStrategy | combined: 收到行情, SR509MSC5800.CZCE
2025-06-11 13:48:51.130 | INFO | SimpleStrategy | combined: 收到行情, SR509MSC5900.CZCE
2025-06-11 13:48:51.130 | INFO | SimpleStrategy | combined: 收到行情, SR509MSC5900.CZCE
2025-06-11 13:48:51.130 | INFO | SimpleStrategy | combined: 收到行情, SR509MSC6000.CZCE
2025-06-11 13:48:51.130 | INFO | SimpleStrategy | combined: 收到行情, SR509MSC6000.CZCE
2025-06-11 13:48:51.130 | INFO | SimpleStrategy | combined: 收到行情, SR509MSC6100.CZCE
2025-06-11 13:48:51.130 | INFO | SimpleStrategy | combined: 收到行情, SR509MSC6100.CZCE
2025-06-11 13:48:51.130 | INFO | SimpleStrategy | combined: 收到行情, SR509MSC6200.CZCE
2025-06-11 13:48:51.130 | INFO | SimpleStrategy | combined: 收到行情, SR509MSC6200.CZCE
2025-06-11 13:48:51.130 | INFO | SimpleStrategy | combined: 收到行情, SR509MSC6300.CZCE
2025-06-11 13:48:51.130 | INFO | SimpleStrategy | combined: 收到行情, SR509MSC6300.CZCE
2025-06-11 13:48:51.130 | INFO | SimpleStrategy | combined: 收到行情, SR509MSC6400.CZCE
2025-06-11 13:48:51.131 | INFO | SimpleStrategy | combined: 收到行情, SR509MSC6400.CZCE
2025-06-11 13:48:51.131 | INFO | SimpleStrategy | combined: 收到行情, SR509MSC6500.CZCE
2025-06-11 13:48:51.131 | INFO | SimpleStrategy | combined: 收到行情, SR509MSC6500.CZCE
2025-06-11 13:48:51.131 | INFO | SimpleStrategy | combined: 收到行情, SR509MSC6600.CZCE
2025-06-11 13:48:51.131 | INFO | SimpleStrategy | combined: 收到行情, SR509MSC6600.CZCE
2025-06-11 13:48:51.131 | INFO | SimpleStrategy | combined: 收到行情, SR509MSC6700.CZCE
2025-06-11 13:48:51.131 | INFO | SimpleStrategy | combined: 收到行情, SR509MSC6700.CZCE
2025-06-11 13:48:51.131 | INFO | SimpleStrategy | combined: 收到行情, SR509MSP5000.CZCE
2025-06-11 13:48:51.131 | INFO | SimpleStrategy | combined: 收到行情, SR509MSP5000.CZCE
2025-06-11 13:48:51.131 | INFO | SimpleStrategy | combined: 收到行情, SR509MSP5100.CZCE
2025-06-11 13:48:51.131 | INFO | SimpleStrategy | combined: 收到行情, SR509MSP5100.CZCE
2025-06-11 13:48:51.131 | INFO | SimpleStrategy | combined: 收到行情, SR509MSP5200.CZCE
2025-06-11 13:48:51.131 | INFO | SimpleStrategy | combined: 收到行情, SR509MSP5200.CZCE
2025-06-11 13:48:51.131 | INFO | SimpleStrategy | combined: 收到行情, SR509MSP5300.CZCE
2025-06-11 13:48:51.131 | INFO | SimpleStrategy | combined: 收到行情, SR509MSP5300.CZCE
2025-06-11 13:48:51.173 | INFO | SimpleStrategy | combined: 收到行情, SR509MSP5400.CZCE
2025-06-11 13:48:51.173 | INFO | SimpleStrategy | combined: 收到行情, SR509MSP5400.CZCE
2025-06-11 13:48:51.173 | INFO | SimpleStrategy | combined: 收到行情, SR509MSP5500.CZCE
2025-06-11 13:48:51.173 | INFO | SimpleStrategy | combined: 收到行情, SR509MSP5500.CZCE
2025-06-11 13:48:51.173 | INFO | SimpleStrategy | combined: 收到行情, SR509MSP5600.CZCE
2025-06-11 13:48:51.173 | INFO | SimpleStrategy | combined: 收到行情, SR509MSP5600.CZCE
2025-06-11 13:48:51.173 | INFO | SimpleStrategy | combined: 收到行情, SR509MSP5700.CZCE
2025-06-11 13:48:51.174 | INFO | SimpleStrategy | combined: 收到行情, SR509MSP5700.CZCE
2025-06-11 13:48:51.174 | INFO | SimpleStrategy | combined: 收到行情, SR509MSP5800.CZCE
2025-06-11 13:48:51.174 | INFO | SimpleStrategy | combined: 收到行情, SR509MSP5800.CZCE
2025-06-11 13:48:51.174 | INFO | SimpleStrategy | combined: 收到行情, SR509MSP5900.CZCE
2025-06-11 13:48:51.174 | INFO | SimpleStrategy | combined: 收到行情, SR509MSP5900.CZCE
2025-06-11 13:48:51.174 | INFO | SimpleStrategy | combined: 收到行情, SR509MSP6000.CZCE
2025-06-11 13:48:51.174 | INFO | SimpleStrategy | combined: 收到行情, SR509MSP6000.CZCE
2025-06-11 13:48:51.174 | INFO | SimpleStrategy | combined: 收到行情, SR509MSP6100.CZCE
2025-06-11 13:48:51.174 | INFO | SimpleStrategy | combined: 收到行情, SR509MSP6100.CZCE
2025-06-11 13:48:51.174 | INFO | SimpleStrategy | combined: 收到行情, SR509MSP6200.CZCE
2025-06-11 13:48:51.174 | INFO | SimpleStrategy | combined: 收到行情, SR509MSP6200.CZCE
2025-06-11 13:48:51.174 | INFO | SimpleStrategy | combined: 收到行情, SR509MSP6300.CZCE
2025-06-11 13:48:51.174 | INFO | SimpleStrategy | combined: 收到行情, SR509MSP6300.CZCE
2025-06-11 13:48:51.174 | INFO | SimpleStrategy | combined: 收到行情, SR509MSP6400.CZCE
2025-06-11 13:48:51.175 | INFO | SimpleStrategy | combined: 收到行情, SR509MSP6400.CZCE
2025-06-11 13:48:51.175 | INFO | SimpleStrategy | combined: 收到行情, SR509MSP6500.CZCE
2025-06-11 13:48:51.175 | INFO | SimpleStrategy | combined: 收到行情, SR509MSP6500.CZCE
2025-06-11 13:48:51.175 | INFO | SimpleStrategy | combined: 收到行情, SR509MSP6600.CZCE
2025-06-11 13:48:51.175 | INFO | SimpleStrategy | combined: 收到行情, SR509MSP6600.CZCE
2025-06-11 13:48:51.175 | INFO | SimpleStrategy | combined: 收到行情, SR509MSP6700.CZCE
2025-06-11 13:48:51.175 | INFO | SimpleStrategy | combined: 收到行情, SR509MSP6700.CZCE
2025-06-11 13:48:51.175 | INFO | SimpleStrategy | combined: 收到行情, TA507C3800.CZCE
2025-06-11 13:48:51.175 | INFO | SimpleStrategy | combined: 收到行情, TA507C3800.CZCE
2025-06-11 13:48:51.175 | INFO | SimpleStrategy | combined: 收到行情, TA507C3850.CZCE
2025-06-11 13:48:51.175 | INFO | SimpleStrategy | combined: 收到行情, TA507C3850.CZCE
2025-06-11 13:48:51.175 | INFO | SimpleStrategy | combined: 收到行情, TA507C3900.CZCE
2025-06-11 13:48:51.175 | INFO | SimpleStrategy | combined: 收到行情, TA507C3900.CZCE
2025-06-11 13:48:51.175 | INFO | SimpleStrategy | combined: 收到行情, TA507C3950.CZCE
2025-06-11 13:48:51.175 | INFO | SimpleStrategy | combined: 收到行情, TA507C3950.CZCE
2025-06-11 13:48:51.175 | INFO | SimpleStrategy | combined: 收到行情, TA507C4000.CZCE
2025-06-11 13:48:51.175 | INFO | SimpleStrategy | combined: 收到行情, TA507C4000.CZCE
2025-06-11 13:48:51.175 | INFO | SimpleStrategy | combined: 收到行情, TA507C4050.CZCE
2025-06-11 13:48:51.175 | INFO | SimpleStrategy | combined: 收到行情, TA507C4050.CZCE
2025-06-11 13:48:51.175 | INFO | SimpleStrategy | combined: 收到行情, TA507C4100.CZCE
2025-06-11 13:48:51.175 | INFO | SimpleStrategy | combined: 收到行情, TA507C4100.CZCE
2025-06-11 13:48:51.176 | INFO | SimpleStrategy | combined: 收到行情, TA507C4150.CZCE
2025-06-11 13:48:51.176 | INFO | SimpleStrategy | combined: 收到行情, TA507C4150.CZCE
2025-06-11 13:48:51.176 | INFO | SimpleStrategy | combined: 收到行情, TA507C4200.CZCE
2025-06-11 13:48:51.176 | INFO | SimpleStrategy | combined: 收到行情, TA507C4200.CZCE
2025-06-11 13:48:51.176 | INFO | SimpleStrategy | combined: 收到行情, TA507C4250.CZCE
2025-06-11 13:48:51.176 | INFO | SimpleStrategy | combined: 收到行情, TA507C4250.CZCE
2025-06-11 13:48:51.176 | INFO | SimpleStrategy | combined: 收到行情, TA507C4300.CZCE
2025-06-11 13:48:51.176 | INFO | SimpleStrategy | combined: 收到行情, TA507C4300.CZCE
2025-06-11 13:48:51.176 | INFO | SimpleStrategy | combined: 收到行情, TA507C4350.CZCE
2025-06-11 13:48:51.176 | INFO | SimpleStrategy | combined: 收到行情, TA507C4350.CZCE
2025-06-11 13:48:51.176 | INFO | SimpleStrategy | combined: 收到行情, TA507C4400.CZCE
2025-06-11 13:48:51.176 | INFO | SimpleStrategy | combined: 收到行情, TA507C4400.CZCE
2025-06-11 13:48:51.176 | INFO | SimpleStrategy | combined: 收到行情, TA507C4450.CZCE
2025-06-11 13:48:51.177 | INFO | SimpleStrategy | combined: 收到行情, TA507C4450.CZCE
2025-06-11 13:48:51.177 | INFO | SimpleStrategy | combined: 收到行情, TA507C4500.CZCE
2025-06-11 13:48:51.177 | INFO | SimpleStrategy | combined: 收到行情, TA507C4500.CZCE
2025-06-11 13:48:51.177 | INFO | SimpleStrategy | combined: 收到行情, TA507C4550.CZCE
2025-06-11 13:48:51.177 | INFO | SimpleStrategy | combined: 收到行情, TA507C4550.CZCE
2025-06-11 13:48:51.177 | INFO | SimpleStrategy | combined: 收到行情, TA507C4600.CZCE
2025-06-11 13:48:51.177 | INFO | SimpleStrategy | combined: 收到行情, TA507C4600.CZCE
2025-06-11 13:48:51.177 | INFO | SimpleStrategy | combined: 收到行情, TA507C4650.CZCE
2025-06-11 13:48:51.177 | INFO | SimpleStrategy | combined: 收到行情, TA507C4650.CZCE
2025-06-11 13:48:51.210 | INFO | SimpleStrategy | combined: 收到行情, TA507C4700.CZCE
2025-06-11 13:48:51.215 | INFO | SimpleStrategy | combined: 收到行情, TA507C4700.CZCE
2025-06-11 13:48:51.216 | INFO | SimpleStrategy | combined: 收到行情, TA507C4750.CZCE
2025-06-11 13:48:51.216 | INFO | SimpleStrategy | combined: 收到行情, TA507C4750.CZCE
2025-06-11 13:48:51.216 | INFO | SimpleStrategy | combined: 收到行情, TA507C4800.CZCE
2025-06-11 13:48:51.216 | INFO | SimpleStrategy | combined: 收到行情, TA507C4800.CZCE
2025-06-11 13:48:51.216 | INFO | SimpleStrategy | combined: 收到行情, TA507C4850.CZCE
2025-06-11 13:48:51.216 | INFO | SimpleStrategy | combined: 收到行情, TA507C4850.CZCE
2025-06-11 13:48:51.216 | INFO | SimpleStrategy | combined: 收到行情, TA507C4900.CZCE
2025-06-11 13:48:51.217 | INFO | SimpleStrategy | combined: 收到行情, TA507C4900.CZCE
2025-06-11 13:48:51.217 | INFO | SimpleStrategy | combined: 收到行情, TA507C4950.CZCE
2025-06-11 13:48:51.217 | INFO | SimpleStrategy | combined: 收到行情, TA507C4950.CZCE
2025-06-11 13:48:51.217 | INFO | SimpleStrategy | combined: 收到行情, TA507C5000.CZCE
2025-06-11 13:48:51.217 | INFO | SimpleStrategy | combined: 收到行情, TA507C5000.CZCE
2025-06-11 13:48:51.217 | INFO | SimpleStrategy | combined: 收到行情, TA507C5100.CZCE
2025-06-11 13:48:51.217 | INFO | SimpleStrategy | combined: 收到行情, TA507C5100.CZCE
2025-06-11 13:48:51.217 | INFO | SimpleStrategy | combined: 收到行情, TA507C5200.CZCE
2025-06-11 13:48:51.217 | INFO | SimpleStrategy | combined: 收到行情, TA507C5200.CZCE
2025-06-11 13:48:51.217 | INFO | SimpleStrategy | combined: 收到行情, TA507C5300.CZCE
2025-06-11 13:48:51.217 | INFO | SimpleStrategy | combined: 收到行情, TA507C5300.CZCE
2025-06-11 13:48:51.217 | INFO | SimpleStrategy | combined: 收到行情, TA507C5400.CZCE
2025-06-11 13:48:51.217 | INFO | SimpleStrategy | combined: 收到行情, TA507C5400.CZCE
2025-06-11 13:48:51.218 | INFO | SimpleStrategy | combined: 收到行情, TA507C5500.CZCE
2025-06-11 13:48:51.218 | INFO | SimpleStrategy | combined: 收到行情, TA507C5500.CZCE
2025-06-11 13:48:51.218 | INFO | SimpleStrategy | combined: 收到行情, TA507C5600.CZCE
2025-06-11 13:48:51.218 | INFO | SimpleStrategy | combined: 收到行情, TA507C5600.CZCE
2025-06-11 13:48:51.218 | INFO | SimpleStrategy | combined: 收到行情, TA507P3800.CZCE
2025-06-11 13:48:51.218 | INFO | SimpleStrategy | combined: 收到行情, TA507P3800.CZCE
2025-06-11 13:48:51.218 | INFO | SimpleStrategy | combined: 收到行情, TA507P3850.CZCE
2025-06-11 13:48:51.218 | INFO | SimpleStrategy | combined: 收到行情, TA507P3850.CZCE
2025-06-11 13:48:51.218 | INFO | SimpleStrategy | combined: 收到行情, TA507P3900.CZCE
2025-06-11 13:48:51.218 | INFO | SimpleStrategy | combined: 收到行情, TA507P3900.CZCE
2025-06-11 13:48:51.218 | INFO | SimpleStrategy | combined: 收到行情, TA507P3950.CZCE
2025-06-11 13:48:51.218 | INFO | SimpleStrategy | combined: 收到行情, TA507P3950.CZCE
2025-06-11 13:48:51.218 | INFO | SimpleStrategy | combined: 收到行情, TA507P4000.CZCE
2025-06-11 13:48:51.218 | INFO | SimpleStrategy | combined: 收到行情, TA507P4000.CZCE
2025-06-11 13:48:51.218 | INFO | SimpleStrategy | combined: 收到行情, TA507P4050.CZCE
2025-06-11 13:48:51.218 | INFO | SimpleStrategy | combined: 收到行情, TA507P4050.CZCE
2025-06-11 13:48:51.218 | INFO | SimpleStrategy | combined: 收到行情, TA507P4100.CZCE
2025-06-11 13:48:51.218 | INFO | SimpleStrategy | combined: 收到行情, TA507P4100.CZCE
2025-06-11 13:48:51.218 | INFO | SimpleStrategy | combined: 收到行情, TA507P4150.CZCE
2025-06-11 13:48:51.218 | INFO | SimpleStrategy | combined: 收到行情, TA507P4150.CZCE
2025-06-11 13:48:51.218 | INFO | SimpleStrategy | combined: 收到行情, TA507P4200.CZCE
2025-06-11 13:48:51.218 | INFO | SimpleStrategy | combined: 收到行情, TA507P4200.CZCE
2025-06-11 13:48:51.218 | INFO | SimpleStrategy | combined: 收到行情, TA507P4250.CZCE
2025-06-11 13:48:51.218 | INFO | SimpleStrategy | combined: 收到行情, TA507P4250.CZCE
2025-06-11 13:48:51.218 | INFO | SimpleStrategy | combined: 收到行情, TA507P4300.CZCE
2025-06-11 13:48:51.219 | INFO | SimpleStrategy | combined: 收到行情, TA507P4300.CZCE
2025-06-11 13:48:51.219 | INFO | SimpleStrategy | combined: 收到行情, TA507P4350.CZCE
2025-06-11 13:48:51.219 | INFO | SimpleStrategy | combined: 收到行情, TA507P4350.CZCE
2025-06-11 13:48:51.219 | INFO | SimpleStrategy | combined: 收到行情, TA507P4400.CZCE
2025-06-11 13:48:51.219 | INFO | SimpleStrategy | combined: 收到行情, TA507P4400.CZCE
2025-06-11 13:48:51.219 | INFO | SimpleStrategy | combined: 收到行情, TA507P4450.CZCE
2025-06-11 13:48:51.219 | INFO | SimpleStrategy | combined: 收到行情, TA507P4450.CZCE
2025-06-11 13:48:51.220 | INFO | SimpleStrategy | combined: 收到行情, TA507P4500.CZCE
2025-06-11 13:48:51.220 | INFO | SimpleStrategy | combined: 收到行情, TA507P4500.CZCE
2025-06-11 13:48:51.220 | INFO | SimpleStrategy | combined: 收到行情, TA507P4550.CZCE
2025-06-11 13:48:51.220 | INFO | SimpleStrategy | combined: 收到行情, TA507P4550.CZCE
2025-06-11 13:48:51.220 | INFO | SimpleStrategy | combined: 收到行情, TA507P4600.CZCE
2025-06-11 13:48:51.220 | INFO | SimpleStrategy | combined: 收到行情, TA507P4600.CZCE
2025-06-11 13:48:51.220 | INFO | SimpleStrategy | combined: 收到行情, TA507P4650.CZCE
2025-06-11 13:48:51.220 | INFO | SimpleStrategy | combined: 收到行情, TA507P4650.CZCE
2025-06-11 13:48:51.220 | INFO | SimpleStrategy | combined: 收到行情, TA507P4700.CZCE
2025-06-11 13:48:51.220 | INFO | SimpleStrategy | combined: 收到行情, TA507P4700.CZCE
2025-06-11 13:48:51.220 | INFO | SimpleStrategy | combined: 收到行情, TA507P4750.CZCE
2025-06-11 13:48:51.220 | INFO | SimpleStrategy | combined: 收到行情, TA507P4750.CZCE
2025-06-11 13:48:51.220 | INFO | SimpleStrategy | combined: 收到行情, TA507P4800.CZCE
2025-06-11 13:48:51.221 | INFO | SimpleStrategy | combined: 收到行情, TA507P4800.CZCE
2025-06-11 13:48:51.221 | INFO | SimpleStrategy | combined: 收到行情, TA507P4850.CZCE
2025-06-11 13:48:51.221 | INFO | SimpleStrategy | combined: 收到行情, TA507P4850.CZCE
2025-06-11 13:48:51.254 | INFO | SimpleStrategy | combined: 收到行情, TA507P4900.CZCE
2025-06-11 13:48:51.254 | INFO | SimpleStrategy | combined: 收到行情, TA507P4900.CZCE
2025-06-11 13:48:51.254 | INFO | SimpleStrategy | combined: 收到行情, TA507P4950.CZCE
2025-06-11 13:48:51.259 | INFO | SimpleStrategy | combined: 收到行情, TA507P4950.CZCE
2025-06-11 13:48:51.259 | INFO | SimpleStrategy | combined: 收到行情, TA507P5000.CZCE
2025-06-11 13:48:51.259 | INFO | SimpleStrategy | combined: 收到行情, TA507P5000.CZCE
2025-06-11 13:48:51.260 | INFO | SimpleStrategy | combined: 收到行情, TA507P5100.CZCE
2025-06-11 13:48:51.260 | INFO | SimpleStrategy | combined: 收到行情, TA507P5100.CZCE
2025-06-11 13:48:51.260 | INFO | SimpleStrategy | combined: 收到行情, TA507P5200.CZCE
2025-06-11 13:48:51.260 | INFO | SimpleStrategy | combined: 收到行情, TA507P5200.CZCE
2025-06-11 13:48:51.260 | INFO | SimpleStrategy | combined: 收到行情, TA507P5300.CZCE
2025-06-11 13:48:51.260 | INFO | SimpleStrategy | combined: 收到行情, TA507P5300.CZCE
2025-06-11 13:48:51.260 | INFO | SimpleStrategy | combined: 收到行情, TA507P5400.CZCE
2025-06-11 13:48:51.260 | INFO | SimpleStrategy | combined: 收到行情, TA507P5400.CZCE
2025-06-11 13:48:51.260 | INFO | SimpleStrategy | combined: 收到行情, TA507P5500.CZCE
2025-06-11 13:48:51.260 | INFO | SimpleStrategy | combined: 收到行情, TA507P5500.CZCE
2025-06-11 13:48:51.260 | INFO | SimpleStrategy | combined: 收到行情, TA507P5600.CZCE
2025-06-11 13:48:51.261 | INFO | SimpleStrategy | combined: 收到行情, TA507P5600.CZCE
2025-06-11 13:48:51.261 | INFO | SimpleStrategy | combined: 收到行情, TA508C4150.CZCE
2025-06-11 13:48:51.261 | INFO | SimpleStrategy | combined: 收到行情, TA508C4150.CZCE
2025-06-11 13:48:51.261 | INFO | SimpleStrategy | combined: 收到行情, TA508C4200.CZCE
2025-06-11 13:48:51.261 | INFO | SimpleStrategy | combined: 收到行情, TA508C4200.CZCE
2025-06-11 13:48:51.261 | INFO | SimpleStrategy | combined: 收到行情, TA508C4250.CZCE
2025-06-11 13:48:51.261 | INFO | SimpleStrategy | combined: 收到行情, TA508C4250.CZCE
2025-06-11 13:48:51.261 | INFO | SimpleStrategy | combined: 收到行情, TA508C4300.CZCE
2025-06-11 13:48:51.261 | INFO | SimpleStrategy | combined: 收到行情, TA508C4300.CZCE
2025-06-11 13:48:51.261 | INFO | SimpleStrategy | combined: 收到行情, TA508C4350.CZCE
2025-06-11 13:48:51.261 | INFO | SimpleStrategy | combined: 收到行情, TA508C4350.CZCE
2025-06-11 13:48:51.261 | INFO | SimpleStrategy | combined: 收到行情, TA508C4400.CZCE
2025-06-11 13:48:51.261 | INFO | SimpleStrategy | combined: 收到行情, TA508C4400.CZCE
2025-06-11 13:48:51.261 | INFO | SimpleStrategy | combined: 收到行情, TA508C4450.CZCE
2025-06-11 13:48:51.261 | INFO | SimpleStrategy | combined: 收到行情, TA508C4450.CZCE
2025-06-11 13:48:51.262 | INFO | SimpleStrategy | combined: 收到行情, TA508C4500.CZCE
2025-06-11 13:48:51.262 | INFO | SimpleStrategy | combined: 收到行情, TA508C4500.CZCE
2025-06-11 13:48:51.262 | INFO | SimpleStrategy | combined: 收到行情, TA508C4550.CZCE
2025-06-11 13:48:51.262 | INFO | SimpleStrategy | combined: 收到行情, TA508C4550.CZCE
2025-06-11 13:48:51.262 | INFO | SimpleStrategy | combined: 收到行情, TA508C4600.CZCE
2025-06-11 13:48:51.262 | INFO | SimpleStrategy | combined: 收到行情, TA508C4600.CZCE
2025-06-11 13:48:51.262 | INFO | SimpleStrategy | combined: 收到行情, TA508C4650.CZCE
2025-06-11 13:48:51.262 | INFO | SimpleStrategy | combined: 收到行情, TA508C4650.CZCE
2025-06-11 13:48:51.262 | INFO | SimpleStrategy | combined: 收到行情, TA508C4700.CZCE
2025-06-11 13:48:51.262 | INFO | SimpleStrategy | combined: 收到行情, TA508C4700.CZCE
2025-06-11 13:48:51.262 | INFO | SimpleStrategy | combined: 收到行情, TA508C4750.CZCE
2025-06-11 13:48:51.262 | INFO | SimpleStrategy | combined: 收到行情, TA508C4750.CZCE
2025-06-11 13:48:51.262 | INFO | SimpleStrategy | combined: 收到行情, TA508C4800.CZCE
2025-06-11 13:48:51.262 | INFO | SimpleStrategy | combined: 收到行情, TA508C4800.CZCE
2025-06-11 13:48:51.262 | INFO | SimpleStrategy | combined: 收到行情, TA508C4850.CZCE
2025-06-11 13:48:51.262 | INFO | SimpleStrategy | combined: 收到行情, TA508C4850.CZCE
2025-06-11 13:48:51.263 | INFO | SimpleStrategy | combined: 收到行情, TA508C4900.CZCE
2025-06-11 13:48:51.263 | INFO | SimpleStrategy | combined: 收到行情, TA508C4900.CZCE
2025-06-11 13:48:51.263 | INFO | SimpleStrategy | combined: 收到行情, TA508C4950.CZCE
2025-06-11 13:48:51.263 | INFO | SimpleStrategy | combined: 收到行情, TA508C4950.CZCE
2025-06-11 13:48:51.263 | INFO | SimpleStrategy | combined: 收到行情, TA508C5000.CZCE
2025-06-11 13:48:51.263 | INFO | SimpleStrategy | combined: 收到行情, TA508C5000.CZCE
2025-06-11 13:48:51.263 | INFO | SimpleStrategy | combined: 收到行情, TA508C5100.CZCE
2025-06-11 13:48:51.263 | INFO | SimpleStrategy | combined: 收到行情, TA508C5100.CZCE
2025-06-11 13:48:51.263 | INFO | SimpleStrategy | combined: 收到行情, TA508C5200.CZCE
2025-06-11 13:48:51.263 | INFO | SimpleStrategy | combined: 收到行情, TA508C5200.CZCE
2025-06-11 13:48:51.263 | INFO | SimpleStrategy | combined: 收到行情, TA508C5300.CZCE
2025-06-11 13:48:51.263 | INFO | SimpleStrategy | combined: 收到行情, TA508C5300.CZCE
2025-06-11 13:48:51.263 | INFO | SimpleStrategy | combined: 收到行情, TA508C5400.CZCE
2025-06-11 13:48:51.263 | INFO | SimpleStrategy | combined: 收到行情, TA508C5400.CZCE
2025-06-11 13:48:51.263 | INFO | SimpleStrategy | combined: 收到行情, TA508C5500.CZCE
2025-06-11 13:48:51.263 | INFO | SimpleStrategy | combined: 收到行情, TA508C5500.CZCE
2025-06-11 13:48:51.264 | INFO | SimpleStrategy | combined: 收到行情, TA508P4150.CZCE
2025-06-11 13:48:51.264 | INFO | SimpleStrategy | combined: 收到行情, TA508P4150.CZCE
2025-06-11 13:48:51.264 | INFO | SimpleStrategy | combined: 收到行情, TA508P4200.CZCE
2025-06-11 13:48:51.264 | INFO | SimpleStrategy | combined: 收到行情, TA508P4200.CZCE
2025-06-11 13:48:51.295 | INFO | SimpleStrategy | combined: 收到行情, TA508P4250.CZCE
2025-06-11 13:48:51.296 | INFO | SimpleStrategy | combined: 收到行情, TA508P4250.CZCE
2025-06-11 13:48:51.296 | INFO | SimpleStrategy | combined: 收到行情, TA508P4300.CZCE
2025-06-11 13:48:51.296 | INFO | SimpleStrategy | combined: 收到行情, TA508P4300.CZCE
2025-06-11 13:48:51.296 | INFO | SimpleStrategy | combined: 收到行情, TA508P4350.CZCE
2025-06-11 13:48:51.296 | INFO | SimpleStrategy | combined: 收到行情, TA508P4350.CZCE
2025-06-11 13:48:51.297 | INFO | SimpleStrategy | combined: 收到行情, TA508P4400.CZCE
2025-06-11 13:48:51.298 | INFO | SimpleStrategy | combined: 收到行情, TA508P4400.CZCE
2025-06-11 13:48:51.298 | INFO | SimpleStrategy | combined: 收到行情, TA508P4450.CZCE
2025-06-11 13:48:51.298 | INFO | SimpleStrategy | combined: 收到行情, TA508P4450.CZCE
2025-06-11 13:48:51.298 | INFO | SimpleStrategy | combined: 收到行情, TA508P4500.CZCE
2025-06-11 13:48:51.298 | INFO | SimpleStrategy | combined: 收到行情, TA508P4500.CZCE
2025-06-11 13:48:51.298 | INFO | SimpleStrategy | combined: 收到行情, TA508P4550.CZCE
2025-06-11 13:48:51.298 | INFO | SimpleStrategy | combined: 收到行情, TA508P4550.CZCE
2025-06-11 13:48:51.298 | INFO | SimpleStrategy | combined: 收到行情, TA508P4600.CZCE
2025-06-11 13:48:51.299 | INFO | SimpleStrategy | combined: 收到行情, TA508P4600.CZCE
2025-06-11 13:48:51.299 | INFO | SimpleStrategy | combined: 收到行情, TA508P4650.CZCE
2025-06-11 13:48:51.301 | INFO | SimpleStrategy | combined: 收到行情, TA508P4650.CZCE
2025-06-11 13:48:51.301 | INFO | SimpleStrategy | combined: 收到行情, TA508P4700.CZCE
2025-06-11 13:48:51.303 | INFO | SimpleStrategy | combined: 收到行情, TA508P4700.CZCE
2025-06-11 13:48:51.303 | INFO | SimpleStrategy | combined: 收到行情, TA508P4750.CZCE
2025-06-11 13:48:51.303 | INFO | SimpleStrategy | combined: 收到行情, TA508P4750.CZCE
2025-06-11 13:48:51.303 | INFO | SimpleStrategy | combined: 收到行情, TA508P4800.CZCE
2025-06-11 13:48:51.303 | INFO | SimpleStrategy | combined: 收到行情, TA508P4800.CZCE
2025-06-11 13:48:51.303 | INFO | SimpleStrategy | combined: 收到行情, TA508P4850.CZCE
2025-06-11 13:48:51.303 | INFO | SimpleStrategy | combined: 收到行情, TA508P4850.CZCE
2025-06-11 13:48:51.304 | INFO | SimpleStrategy | combined: 收到行情, TA508P4900.CZCE
2025-06-11 13:48:51.304 | INFO | SimpleStrategy | combined: 收到行情, TA508P4900.CZCE
2025-06-11 13:48:51.304 | INFO | SimpleStrategy | combined: 收到行情, TA508P4950.CZCE
2025-06-11 13:48:51.304 | INFO | SimpleStrategy | combined: 收到行情, TA508P4950.CZCE
2025-06-11 13:48:51.305 | INFO | SimpleStrategy | combined: 收到行情, TA508P5000.CZCE
2025-06-11 13:48:51.305 | INFO | SimpleStrategy | combined: 收到行情, TA508P5000.CZCE
2025-06-11 13:48:51.305 | INFO | SimpleStrategy | combined: 收到行情, TA508P5100.CZCE
2025-06-11 13:48:51.305 | INFO | SimpleStrategy | combined: 收到行情, TA508P5100.CZCE
2025-06-11 13:48:51.305 | INFO | SimpleStrategy | combined: 收到行情, TA508P5200.CZCE
2025-06-11 13:48:51.305 | INFO | SimpleStrategy | combined: 收到行情, TA508P5200.CZCE
2025-06-11 13:48:51.305 | INFO | SimpleStrategy | combined: 收到行情, TA508P5300.CZCE
2025-06-11 13:48:51.305 | INFO | SimpleStrategy | combined: 收到行情, TA508P5300.CZCE
2025-06-11 13:48:51.305 | INFO | SimpleStrategy | combined: 收到行情, TA508P5400.CZCE
2025-06-11 13:48:51.305 | INFO | SimpleStrategy | combined: 收到行情, TA508P5400.CZCE
2025-06-11 13:48:51.305 | INFO | SimpleStrategy | combined: 收到行情, TA508P5500.CZCE
2025-06-11 13:48:51.305 | INFO | SimpleStrategy | combined: 收到行情, TA508P5500.CZCE
2025-06-11 13:48:51.305 | INFO | SimpleStrategy | combined: 收到行情, UR507C1520.CZCE
2025-06-11 13:48:51.305 | INFO | SimpleStrategy | combined: 收到行情, UR507C1520.CZCE
2025-06-11 13:48:51.305 | INFO | SimpleStrategy | combined: 收到行情, UR507C1540.CZCE
2025-06-11 13:48:51.305 | INFO | SimpleStrategy | combined: 收到行情, UR507C1540.CZCE
2025-06-11 13:48:51.305 | INFO | SimpleStrategy | combined: 收到行情, UR507C1560.CZCE
2025-06-11 13:48:51.305 | INFO | SimpleStrategy | combined: 收到行情, UR507C1560.CZCE
2025-06-11 13:48:51.305 | INFO | SimpleStrategy | combined: 收到行情, UR507C1580.CZCE
2025-06-11 13:48:51.305 | INFO | SimpleStrategy | combined: 收到行情, UR507C1580.CZCE
2025-06-11 13:48:51.306 | INFO | SimpleStrategy | combined: 收到行情, UR507C1600.CZCE
2025-06-11 13:48:51.306 | INFO | SimpleStrategy | combined: 收到行情, UR507C1600.CZCE
2025-06-11 13:48:51.306 | INFO | SimpleStrategy | combined: 收到行情, UR507C1620.CZCE
2025-06-11 13:48:51.306 | INFO | SimpleStrategy | combined: 收到行情, UR507C1620.CZCE
2025-06-11 13:48:51.306 | INFO | SimpleStrategy | combined: 收到行情, UR507C1640.CZCE
2025-06-11 13:48:51.306 | INFO | SimpleStrategy | combined: 收到行情, UR507C1640.CZCE
2025-06-11 13:48:51.306 | INFO | SimpleStrategy | combined: 收到行情, UR507C1660.CZCE
2025-06-11 13:48:51.306 | INFO | SimpleStrategy | combined: 收到行情, UR507C1660.CZCE
2025-06-11 13:48:51.306 | INFO | SimpleStrategy | combined: 收到行情, UR507C1680.CZCE
2025-06-11 13:48:51.306 | INFO | SimpleStrategy | combined: 收到行情, UR507C1680.CZCE
2025-06-11 13:48:51.306 | INFO | SimpleStrategy | combined: 收到行情, UR507C1700.CZCE
2025-06-11 13:48:51.306 | INFO | SimpleStrategy | combined: 收到行情, UR507C1700.CZCE
2025-06-11 13:48:51.306 | INFO | SimpleStrategy | combined: 收到行情, UR507C1720.CZCE
2025-06-11 13:48:51.307 | INFO | SimpleStrategy | combined: 收到行情, UR507C1720.CZCE
2025-06-11 13:48:51.307 | INFO | SimpleStrategy | combined: 收到行情, UR507C1740.CZCE
2025-06-11 13:48:51.307 | INFO | SimpleStrategy | combined: 收到行情, UR507C1740.CZCE
2025-06-11 13:48:51.307 | INFO | SimpleStrategy | combined: 收到行情, UR507C1760.CZCE
2025-06-11 13:48:51.307 | INFO | SimpleStrategy | combined: 收到行情, UR507C1760.CZCE
2025-06-11 13:48:51.307 | INFO | SimpleStrategy | combined: 收到行情, UR507C1780.CZCE
2025-06-11 13:48:51.307 | INFO | SimpleStrategy | combined: 收到行情, UR507C1780.CZCE
2025-06-11 13:48:51.307 | INFO | SimpleStrategy | combined: 收到行情, UR507C1800.CZCE
2025-06-11 13:48:51.307 | INFO | SimpleStrategy | combined: 收到行情, UR507C1800.CZCE
2025-06-11 13:48:51.307 | INFO | SimpleStrategy | combined: 收到行情, UR507C1820.CZCE
2025-06-11 13:48:51.307 | INFO | SimpleStrategy | combined: 收到行情, UR507C1820.CZCE
2025-06-11 13:48:51.339 | INFO | SimpleStrategy | combined: 收到行情, UR507C1840.CZCE
2025-06-11 13:48:51.339 | INFO | SimpleStrategy | combined: 收到行情, UR507C1840.CZCE
2025-06-11 13:48:51.340 | INFO | SimpleStrategy | combined: 收到行情, UR507C1860.CZCE
2025-06-11 13:48:51.340 | INFO | SimpleStrategy | combined: 收到行情, UR507C1860.CZCE
2025-06-11 13:48:51.340 | INFO | SimpleStrategy | combined: 收到行情, UR507C1880.CZCE
2025-06-11 13:48:51.340 | INFO | SimpleStrategy | combined: 收到行情, UR507C1880.CZCE
2025-06-11 13:48:51.340 | INFO | SimpleStrategy | combined: 收到行情, UR507C1900.CZCE
2025-06-11 13:48:51.340 | INFO | SimpleStrategy | combined: 收到行情, UR507C1900.CZCE
2025-06-11 13:48:51.340 | INFO | SimpleStrategy | combined: 收到行情, UR507C1920.CZCE
2025-06-11 13:48:51.341 | INFO | SimpleStrategy | combined: 收到行情, UR507C1920.CZCE
2025-06-11 13:48:51.341 | INFO | SimpleStrategy | combined: 收到行情, UR507C1940.CZCE
2025-06-11 13:48:51.341 | INFO | SimpleStrategy | combined: 收到行情, UR507C1940.CZCE
2025-06-11 13:48:51.341 | INFO | SimpleStrategy | combined: 收到行情, UR507C1960.CZCE
2025-06-11 13:48:51.341 | INFO | SimpleStrategy | combined: 收到行情, UR507C1960.CZCE
2025-06-11 13:48:51.341 | INFO | SimpleStrategy | combined: 收到行情, UR507C1980.CZCE
2025-06-11 13:48:51.341 | INFO | SimpleStrategy | combined: 收到行情, UR507C1980.CZCE
2025-06-11 13:48:51.341 | INFO | SimpleStrategy | combined: 收到行情, UR507C2000.CZCE
2025-06-11 13:48:51.341 | INFO | SimpleStrategy | combined: 收到行情, UR507C2000.CZCE
2025-06-11 13:48:51.347 | INFO | SimpleStrategy | combined: 收到行情, UR507C2040.CZCE
2025-06-11 13:48:51.347 | INFO | SimpleStrategy | combined: 收到行情, UR507C2040.CZCE
2025-06-11 13:48:51.347 | INFO | SimpleStrategy | combined: 收到行情, UR507C2080.CZCE
2025-06-11 13:48:51.347 | INFO | SimpleStrategy | combined: 收到行情, UR507C2080.CZCE
2025-06-11 13:48:51.347 | INFO | SimpleStrategy | combined: 收到行情, UR507C2120.CZCE
2025-06-11 13:48:51.347 | INFO | SimpleStrategy | combined: 收到行情, UR507C2120.CZCE
2025-06-11 13:48:51.347 | INFO | SimpleStrategy | combined: 收到行情, UR507C2160.CZCE
2025-06-11 13:48:51.347 | INFO | SimpleStrategy | combined: 收到行情, UR507C2160.CZCE
2025-06-11 13:48:51.347 | INFO | SimpleStrategy | combined: 收到行情, UR507P1520.CZCE
2025-06-11 13:48:51.347 | INFO | SimpleStrategy | combined: 收到行情, UR507P1520.CZCE
2025-06-11 13:48:51.348 | INFO | SimpleStrategy | combined: 收到行情, UR507P1540.CZCE
2025-06-11 13:48:51.348 | INFO | SimpleStrategy | combined: 收到行情, UR507P1540.CZCE
2025-06-11 13:48:51.348 | INFO | SimpleStrategy | combined: 收到行情, UR507P1560.CZCE
2025-06-11 13:48:51.348 | INFO | SimpleStrategy | combined: 收到行情, UR507P1560.CZCE
2025-06-11 13:48:51.348 | INFO | SimpleStrategy | combined: 收到行情, UR507P1580.CZCE
2025-06-11 13:48:51.348 | INFO | SimpleStrategy | combined: 收到行情, UR507P1580.CZCE
2025-06-11 13:48:51.348 | INFO | SimpleStrategy | combined: 收到行情, UR507P1600.CZCE
2025-06-11 13:48:51.348 | INFO | SimpleStrategy | combined: 收到行情, UR507P1600.CZCE
2025-06-11 13:48:51.348 | INFO | SimpleStrategy | combined: 收到行情, UR507P1620.CZCE
2025-06-11 13:48:51.348 | INFO | SimpleStrategy | combined: 收到行情, UR507P1620.CZCE
2025-06-11 13:48:51.348 | INFO | SimpleStrategy | combined: 收到行情, UR507P1640.CZCE
2025-06-11 13:48:51.348 | INFO | SimpleStrategy | combined: 收到行情, UR507P1640.CZCE
2025-06-11 13:48:51.348 | INFO | SimpleStrategy | combined: 收到行情, UR507P1660.CZCE
2025-06-11 13:48:51.348 | INFO | SimpleStrategy | combined: 收到行情, UR507P1660.CZCE
2025-06-11 13:48:51.348 | INFO | SimpleStrategy | combined: 收到行情, UR507P1680.CZCE
2025-06-11 13:48:51.349 | INFO | SimpleStrategy | combined: 收到行情, UR507P1680.CZCE
2025-06-11 13:48:51.349 | INFO | SimpleStrategy | combined: 收到行情, UR507P1700.CZCE
2025-06-11 13:48:51.349 | INFO | SimpleStrategy | combined: 收到行情, UR507P1700.CZCE
2025-06-11 13:48:51.349 | INFO | SimpleStrategy | combined: 收到行情, UR507P1720.CZCE
2025-06-11 13:48:51.349 | INFO | SimpleStrategy | combined: 收到行情, UR507P1720.CZCE
2025-06-11 13:48:51.349 | INFO | SimpleStrategy | combined: 收到行情, UR507P1740.CZCE
2025-06-11 13:48:51.349 | INFO | SimpleStrategy | combined: 收到行情, UR507P1740.CZCE
2025-06-11 13:48:51.349 | INFO | SimpleStrategy | combined: 收到行情, UR507P1760.CZCE
2025-06-11 13:48:51.349 | INFO | SimpleStrategy | combined: 收到行情, UR507P1760.CZCE
2025-06-11 13:48:51.349 | INFO | SimpleStrategy | combined: 收到行情, UR507P1780.CZCE
2025-06-11 13:48:51.349 | INFO | SimpleStrategy | combined: 收到行情, UR507P1780.CZCE
2025-06-11 13:48:51.349 | INFO | SimpleStrategy | combined: 收到行情, UR507P1800.CZCE
2025-06-11 13:48:51.349 | INFO | SimpleStrategy | combined: 收到行情, UR507P1800.CZCE
2025-06-11 13:48:51.349 | INFO | SimpleStrategy | combined: 收到行情, UR507P1820.CZCE
2025-06-11 13:48:51.349 | INFO | SimpleStrategy | combined: 收到行情, UR507P1820.CZCE
2025-06-11 13:48:51.350 | INFO | SimpleStrategy | combined: 收到行情, UR507P1840.CZCE
2025-06-11 13:48:51.350 | INFO | SimpleStrategy | combined: 收到行情, UR507P1840.CZCE
2025-06-11 13:48:51.350 | INFO | SimpleStrategy | combined: 收到行情, UR507P1860.CZCE
2025-06-11 13:48:51.350 | INFO | SimpleStrategy | combined: 收到行情, UR507P1860.CZCE
2025-06-11 13:48:51.350 | INFO | SimpleStrategy | combined: 收到行情, UR507P1880.CZCE
2025-06-11 13:48:51.350 | INFO | SimpleStrategy | combined: 收到行情, UR507P1880.CZCE
2025-06-11 13:48:51.350 | INFO | SimpleStrategy | combined: 收到行情, UR507P1900.CZCE
2025-06-11 13:48:51.350 | INFO | SimpleStrategy | combined: 收到行情, UR507P1900.CZCE
2025-06-11 13:48:51.350 | INFO | SimpleStrategy | combined: 收到行情, UR507P1920.CZCE
2025-06-11 13:48:51.350 | INFO | SimpleStrategy | combined: 收到行情, UR507P1920.CZCE
2025-06-11 13:48:51.350 | INFO | SimpleStrategy | combined: 收到行情, UR507P1940.CZCE
2025-06-11 13:48:51.350 | INFO | SimpleStrategy | combined: 收到行情, UR507P1940.CZCE
2025-06-11 13:48:51.350 | INFO | SimpleStrategy | combined: 收到行情, UR507P1960.CZCE
2025-06-11 13:48:51.350 | INFO | SimpleStrategy | combined: 收到行情, UR507P1960.CZCE
2025-06-11 13:48:51.350 | INFO | SimpleStrategy | combined: 收到行情, UR507P1980.CZCE
2025-06-11 13:48:51.351 | INFO | SimpleStrategy | combined: 收到行情, UR507P1980.CZCE
2025-06-11 13:48:51.351 | INFO | SimpleStrategy | combined: 收到行情, UR507P2000.CZCE
2025-06-11 13:48:51.351 | INFO | SimpleStrategy | combined: 收到行情, UR507P2000.CZCE
2025-06-11 13:48:51.381 | INFO | SimpleStrategy | combined: 收到行情, UR507P2040.CZCE
2025-06-11 13:48:51.382 | INFO | SimpleStrategy | combined: 收到行情, UR507P2040.CZCE
2025-06-11 13:48:51.382 | INFO | SimpleStrategy | combined: 收到行情, UR507P2080.CZCE
2025-06-11 13:48:51.382 | INFO | SimpleStrategy | combined: 收到行情, UR507P2080.CZCE
2025-06-11 13:48:51.383 | INFO | SimpleStrategy | combined: 收到行情, UR507P2120.CZCE
2025-06-11 13:48:51.383 | INFO | SimpleStrategy | combined: 收到行情, UR507P2120.CZCE
2025-06-11 13:48:51.383 | INFO | SimpleStrategy | combined: 收到行情, UR507P2160.CZCE
2025-06-11 13:48:51.383 | INFO | SimpleStrategy | combined: 收到行情, UR507P2160.CZCE
2025-06-11 13:48:51.383 | INFO | SimpleStrategy | combined: 收到行情, UR508C1520.CZCE
2025-06-11 13:48:51.383 | INFO | SimpleStrategy | combined: 收到行情, UR508C1520.CZCE
2025-06-11 13:48:51.383 | INFO | SimpleStrategy | combined: 收到行情, UR508C1540.CZCE
2025-06-11 13:48:51.383 | INFO | SimpleStrategy | combined: 收到行情, UR508C1540.CZCE
2025-06-11 13:48:51.383 | INFO | SimpleStrategy | combined: 收到行情, UR508C1560.CZCE
2025-06-11 13:48:51.383 | INFO | SimpleStrategy | combined: 收到行情, UR508C1560.CZCE
2025-06-11 13:48:51.385 | INFO | SimpleStrategy | combined: 收到行情, UR508C1580.CZCE
2025-06-11 13:48:51.385 | INFO | SimpleStrategy | combined: 收到行情, UR508C1580.CZCE
2025-06-11 13:48:51.385 | INFO | SimpleStrategy | combined: 收到行情, UR508C1600.CZCE
2025-06-11 13:48:51.385 | INFO | SimpleStrategy | combined: 收到行情, UR508C1600.CZCE
2025-06-11 13:48:51.385 | INFO | SimpleStrategy | combined: 收到行情, UR508C1620.CZCE
2025-06-11 13:48:51.385 | INFO | SimpleStrategy | combined: 收到行情, UR508C1620.CZCE
2025-06-11 13:48:51.390 | INFO | SimpleStrategy | combined: 收到行情, UR508C1640.CZCE
2025-06-11 13:48:51.390 | INFO | SimpleStrategy | combined: 收到行情, UR508C1640.CZCE
2025-06-11 13:48:51.391 | INFO | SimpleStrategy | combined: 收到行情, UR508C1660.CZCE
2025-06-11 13:48:51.391 | INFO | SimpleStrategy | combined: 收到行情, UR508C1660.CZCE
2025-06-11 13:48:51.391 | INFO | SimpleStrategy | combined: 收到行情, UR508C1680.CZCE
2025-06-11 13:48:51.391 | INFO | SimpleStrategy | combined: 收到行情, UR508C1680.CZCE
2025-06-11 13:48:51.391 | INFO | SimpleStrategy | combined: 收到行情, UR508C1700.CZCE
2025-06-11 13:48:51.391 | INFO | SimpleStrategy | combined: 收到行情, UR508C1700.CZCE
2025-06-11 13:48:51.391 | INFO | SimpleStrategy | combined: 收到行情, UR508C1720.CZCE
2025-06-11 13:48:51.391 | INFO | SimpleStrategy | combined: 收到行情, UR508C1720.CZCE
2025-06-11 13:48:51.391 | INFO | SimpleStrategy | combined: 收到行情, UR508C1740.CZCE
2025-06-11 13:48:51.391 | INFO | SimpleStrategy | combined: 收到行情, UR508C1740.CZCE
2025-06-11 13:48:51.392 | INFO | SimpleStrategy | combined: 收到行情, UR508C1760.CZCE
2025-06-11 13:48:51.392 | INFO | SimpleStrategy | combined: 收到行情, UR508C1760.CZCE
2025-06-11 13:48:51.392 | INFO | SimpleStrategy | combined: 收到行情, UR508C1780.CZCE
2025-06-11 13:48:51.392 | INFO | SimpleStrategy | combined: 收到行情, UR508C1780.CZCE
2025-06-11 13:48:51.392 | INFO | SimpleStrategy | combined: 收到行情, UR508C1800.CZCE
2025-06-11 13:48:51.392 | INFO | SimpleStrategy | combined: 收到行情, UR508C1800.CZCE
2025-06-11 13:48:51.392 | INFO | SimpleStrategy | combined: 收到行情, UR508C1820.CZCE
2025-06-11 13:48:51.392 | INFO | SimpleStrategy | combined: 收到行情, UR508C1820.CZCE
2025-06-11 13:48:51.392 | INFO | SimpleStrategy | combined: 收到行情, UR508C1840.CZCE
2025-06-11 13:48:51.392 | INFO | SimpleStrategy | combined: 收到行情, UR508C1840.CZCE
2025-06-11 13:48:51.392 | INFO | SimpleStrategy | combined: 收到行情, UR508C1860.CZCE
2025-06-11 13:48:51.392 | INFO | SimpleStrategy | combined: 收到行情, UR508C1860.CZCE
2025-06-11 13:48:51.392 | INFO | SimpleStrategy | combined: 收到行情, UR508C1880.CZCE
2025-06-11 13:48:51.392 | INFO | SimpleStrategy | combined: 收到行情, UR508C1880.CZCE
2025-06-11 13:48:51.392 | INFO | SimpleStrategy | combined: 收到行情, UR508C1900.CZCE
2025-06-11 13:48:51.392 | INFO | SimpleStrategy | combined: 收到行情, UR508C1900.CZCE
2025-06-11 13:48:51.393 | INFO | SimpleStrategy | combined: 收到行情, UR508C1920.CZCE
2025-06-11 13:48:51.393 | INFO | SimpleStrategy | combined: 收到行情, UR508C1920.CZCE
2025-06-11 13:48:51.393 | INFO | SimpleStrategy | combined: 收到行情, UR508C1940.CZCE
2025-06-11 13:48:51.393 | INFO | SimpleStrategy | combined: 收到行情, UR508C1940.CZCE
2025-06-11 13:48:51.393 | INFO | SimpleStrategy | combined: 收到行情, UR508C1960.CZCE
2025-06-11 13:48:51.393 | INFO | SimpleStrategy | combined: 收到行情, UR508C1960.CZCE
2025-06-11 13:48:51.393 | INFO | SimpleStrategy | combined: 收到行情, UR508C1980.CZCE
2025-06-11 13:48:51.393 | INFO | SimpleStrategy | combined: 收到行情, UR508C1980.CZCE
2025-06-11 13:48:51.393 | INFO | SimpleStrategy | combined: 收到行情, UR508C2000.CZCE
2025-06-11 13:48:51.393 | INFO | SimpleStrategy | combined: 收到行情, UR508C2000.CZCE
2025-06-11 13:48:51.393 | INFO | SimpleStrategy | combined: 收到行情, UR508C2040.CZCE
2025-06-11 13:48:51.393 | INFO | SimpleStrategy | combined: 收到行情, UR508C2040.CZCE
2025-06-11 13:48:51.393 | INFO | SimpleStrategy | combined: 收到行情, UR508C2080.CZCE
2025-06-11 13:48:51.393 | INFO | SimpleStrategy | combined: 收到行情, UR508C2080.CZCE
2025-06-11 13:48:51.393 | INFO | SimpleStrategy | combined: 收到行情, UR508C2120.CZCE
2025-06-11 13:48:51.393 | INFO | SimpleStrategy | combined: 收到行情, UR508C2120.CZCE
2025-06-11 13:48:51.393 | INFO | SimpleStrategy | combined: 收到行情, UR508P1520.CZCE
2025-06-11 13:48:51.393 | INFO | SimpleStrategy | combined: 收到行情, UR508P1520.CZCE
2025-06-11 13:48:51.393 | INFO | SimpleStrategy | combined: 收到行情, UR508P1540.CZCE
2025-06-11 13:48:51.393 | INFO | SimpleStrategy | combined: 收到行情, UR508P1540.CZCE
2025-06-11 13:48:51.393 | INFO | SimpleStrategy | combined: 收到行情, UR508P1560.CZCE
2025-06-11 13:48:51.393 | INFO | SimpleStrategy | combined: 收到行情, UR508P1560.CZCE
2025-06-11 13:48:51.394 | INFO | SimpleStrategy | combined: 收到行情, UR508P1580.CZCE
2025-06-11 13:48:51.394 | INFO | SimpleStrategy | combined: 收到行情, UR508P1580.CZCE
2025-06-11 13:48:51.394 | INFO | SimpleStrategy | combined: 收到行情, UR508P1600.CZCE
2025-06-11 13:48:51.394 | INFO | SimpleStrategy | combined: 收到行情, UR508P1600.CZCE
2025-06-11 13:48:51.395 | INFO | SimpleStrategy | combined: 收到行情, UR508P1620.CZCE
2025-06-11 13:48:51.395 | INFO | SimpleStrategy | combined: 收到行情, UR508P1620.CZCE
2025-06-11 13:48:51.395 | INFO | SimpleStrategy | combined: 收到行情, UR508P1640.CZCE
2025-06-11 13:48:51.395 | INFO | SimpleStrategy | combined: 收到行情, UR508P1640.CZCE
2025-06-11 13:48:51.426 | INFO | SimpleStrategy | combined: 收到行情, UR508P1660.CZCE
2025-06-11 13:48:51.427 | INFO | SimpleStrategy | combined: 收到行情, UR508P1660.CZCE
2025-06-11 13:48:51.427 | INFO | SimpleStrategy | combined: 收到行情, UR508P1680.CZCE
2025-06-11 13:48:51.427 | INFO | SimpleStrategy | combined: 收到行情, UR508P1680.CZCE
2025-06-11 13:48:51.427 | INFO | SimpleStrategy | combined: 收到行情, UR508P1700.CZCE
2025-06-11 13:48:51.427 | INFO | SimpleStrategy | combined: 收到行情, UR508P1700.CZCE
2025-06-11 13:48:51.427 | INFO | SimpleStrategy | combined: 收到行情, UR508P1720.CZCE
2025-06-11 13:48:51.428 | INFO | SimpleStrategy | combined: 收到行情, UR508P1720.CZCE
2025-06-11 13:48:51.428 | INFO | SimpleStrategy | combined: 收到行情, UR508P1740.CZCE
2025-06-11 13:48:51.428 | INFO | SimpleStrategy | combined: 收到行情, UR508P1740.CZCE
2025-06-11 13:48:51.428 | INFO | SimpleStrategy | combined: 收到行情, UR508P1760.CZCE
2025-06-11 13:48:51.428 | INFO | SimpleStrategy | combined: 收到行情, UR508P1760.CZCE
2025-06-11 13:48:51.429 | INFO | SimpleStrategy | combined: 收到行情, UR508P1780.CZCE
2025-06-11 13:48:51.433 | INFO | SimpleStrategy | combined: 收到行情, UR508P1780.CZCE
2025-06-11 13:48:51.433 | INFO | SimpleStrategy | combined: 收到行情, UR508P1800.CZCE
2025-06-11 13:48:51.433 | INFO | SimpleStrategy | combined: 收到行情, UR508P1800.CZCE
2025-06-11 13:48:51.433 | INFO | SimpleStrategy | combined: 收到行情, UR508P1820.CZCE
2025-06-11 13:48:51.433 | INFO | SimpleStrategy | combined: 收到行情, UR508P1820.CZCE
2025-06-11 13:48:51.434 | INFO | SimpleStrategy | combined: 收到行情, UR508P1840.CZCE
2025-06-11 13:48:51.434 | INFO | SimpleStrategy | combined: 收到行情, UR508P1840.CZCE
2025-06-11 13:48:51.434 | INFO | SimpleStrategy | combined: 收到行情, UR508P1860.CZCE
2025-06-11 13:48:51.434 | INFO | SimpleStrategy | combined: 收到行情, UR508P1860.CZCE
2025-06-11 13:48:51.434 | INFO | SimpleStrategy | combined: 收到行情, UR508P1880.CZCE
2025-06-11 13:48:51.434 | INFO | SimpleStrategy | combined: 收到行情, UR508P1880.CZCE
2025-06-11 13:48:51.434 | INFO | SimpleStrategy | combined: 收到行情, UR508P1900.CZCE
2025-06-11 13:48:51.434 | INFO | SimpleStrategy | combined: 收到行情, UR508P1900.CZCE
2025-06-11 13:48:51.434 | INFO | SimpleStrategy | combined: 收到行情, UR508P1920.CZCE
2025-06-11 13:48:51.434 | INFO | SimpleStrategy | combined: 收到行情, UR508P1920.CZCE
2025-06-11 13:48:51.434 | INFO | SimpleStrategy | combined: 收到行情, UR508P1940.CZCE
2025-06-11 13:48:51.435 | INFO | SimpleStrategy | combined: 收到行情, UR508P1940.CZCE
2025-06-11 13:48:51.435 | INFO | SimpleStrategy | combined: 收到行情, UR508P1960.CZCE
2025-06-11 13:48:51.435 | INFO | SimpleStrategy | combined: 收到行情, UR508P1960.CZCE
2025-06-11 13:48:51.435 | INFO | SimpleStrategy | combined: 收到行情, UR508P1980.CZCE
2025-06-11 13:48:51.435 | INFO | SimpleStrategy | combined: 收到行情, UR508P1980.CZCE
2025-06-11 13:48:51.435 | INFO | SimpleStrategy | combined: 收到行情, UR508P2000.CZCE
2025-06-11 13:48:51.435 | INFO | SimpleStrategy | combined: 收到行情, UR508P2000.CZCE
2025-06-11 13:48:51.435 | INFO | SimpleStrategy | combined: 收到行情, UR508P2040.CZCE
2025-06-11 13:48:51.435 | INFO | SimpleStrategy | combined: 收到行情, UR508P2040.CZCE
2025-06-11 13:48:51.435 | INFO | SimpleStrategy | combined: 收到行情, UR508P2080.CZCE
2025-06-11 13:48:51.435 | INFO | SimpleStrategy | combined: 收到行情, UR508P2080.CZCE
2025-06-11 13:48:51.435 | INFO | SimpleStrategy | combined: 收到行情, UR508P2120.CZCE
2025-06-11 13:48:51.435 | INFO | SimpleStrategy | combined: 收到行情, UR508P2120.CZCE
2025-06-11 13:48:51.435 | INFO | SimpleStrategy | combined: 收到行情, ZC507C1000.CZCE
2025-06-11 13:48:51.435 | INFO | SimpleStrategy | combined: 收到行情, ZC507C1000.CZCE
2025-06-11 13:48:51.436 | INFO | SimpleStrategy | combined: 收到行情, ZC507C1010.CZCE
2025-06-11 13:48:51.436 | INFO | SimpleStrategy | combined: 收到行情, ZC507C1010.CZCE
2025-06-11 13:48:51.436 | INFO | SimpleStrategy | combined: 收到行情, ZC507C1020.CZCE
2025-06-11 13:48:51.436 | INFO | SimpleStrategy | combined: 收到行情, ZC507C1020.CZCE
2025-06-11 13:48:51.436 | INFO | SimpleStrategy | combined: 收到行情, ZC507C1030.CZCE
2025-06-11 13:48:51.436 | INFO | SimpleStrategy | combined: 收到行情, ZC507C1030.CZCE
2025-06-11 13:48:51.436 | INFO | SimpleStrategy | combined: 收到行情, ZC507C1040.CZCE
2025-06-11 13:48:51.436 | INFO | SimpleStrategy | combined: 收到行情, ZC507C1040.CZCE
2025-06-11 13:48:51.437 | INFO | SimpleStrategy | combined: 收到行情, ZC507C1050.CZCE
2025-06-11 13:48:51.437 | INFO | SimpleStrategy | combined: 收到行情, ZC507C1050.CZCE
2025-06-11 13:48:51.437 | INFO | SimpleStrategy | combined: 收到行情, ZC507C560.CZCE
2025-06-11 13:48:51.437 | INFO | SimpleStrategy | combined: 收到行情, ZC507C560.CZCE
2025-06-11 13:48:51.437 | INFO | SimpleStrategy | combined: 收到行情, ZC507C570.CZCE
2025-06-11 13:48:51.437 | INFO | SimpleStrategy | combined: 收到行情, ZC507C570.CZCE
2025-06-11 13:48:51.437 | INFO | SimpleStrategy | combined: 收到行情, ZC507C580.CZCE
2025-06-11 13:48:51.437 | INFO | SimpleStrategy | combined: 收到行情, ZC507C580.CZCE
2025-06-11 13:48:51.437 | INFO | SimpleStrategy | combined: 收到行情, ZC507C590.CZCE
2025-06-11 13:48:51.437 | INFO | SimpleStrategy | combined: 收到行情, ZC507C590.CZCE
2025-06-11 13:48:51.437 | INFO | SimpleStrategy | combined: 收到行情, ZC507C600.CZCE
2025-06-11 13:48:51.437 | INFO | SimpleStrategy | combined: 收到行情, ZC507C600.CZCE
2025-06-11 13:48:51.438 | INFO | SimpleStrategy | combined: 收到行情, ZC507C610.CZCE
2025-06-11 13:48:51.438 | INFO | SimpleStrategy | combined: 收到行情, ZC507C610.CZCE
2025-06-11 13:48:51.438 | INFO | SimpleStrategy | combined: 收到行情, ZC507C620.CZCE
2025-06-11 13:48:51.438 | INFO | SimpleStrategy | combined: 收到行情, ZC507C620.CZCE
2025-06-11 13:48:51.438 | INFO | SimpleStrategy | combined: 收到行情, ZC507C630.CZCE
2025-06-11 13:48:51.438 | INFO | SimpleStrategy | combined: 收到行情, ZC507C630.CZCE
2025-06-11 13:48:51.438 | INFO | SimpleStrategy | combined: 收到行情, ZC507C640.CZCE
2025-06-11 13:48:51.438 | INFO | SimpleStrategy | combined: 收到行情, ZC507C640.CZCE
2025-06-11 13:48:51.438 | INFO | SimpleStrategy | combined: 收到行情, ZC507C650.CZCE
2025-06-11 13:48:51.439 | INFO | SimpleStrategy | combined: 收到行情, ZC507C650.CZCE
2025-06-11 13:48:51.439 | INFO | SimpleStrategy | combined: 收到行情, ZC507C660.CZCE
2025-06-11 13:48:51.439 | INFO | SimpleStrategy | combined: 收到行情, ZC507C660.CZCE
2025-06-11 13:48:51.439 | INFO | SimpleStrategy | combined: 收到行情, ZC507C670.CZCE
2025-06-11 13:48:51.439 | INFO | SimpleStrategy | combined: 收到行情, ZC507C670.CZCE
2025-06-11 13:48:51.439 | INFO | SimpleStrategy | combined: 收到行情, ZC507C680.CZCE
2025-06-11 13:48:51.439 | INFO | SimpleStrategy | combined: 收到行情, ZC507C680.CZCE
2025-06-11 13:48:51.470 | INFO | SimpleStrategy | combined: 收到行情, ZC507C690.CZCE
2025-06-11 13:48:51.470 | INFO | SimpleStrategy | combined: 收到行情, ZC507C690.CZCE
2025-06-11 13:48:51.471 | INFO | SimpleStrategy | combined: 收到行情, ZC507C700.CZCE
2025-06-11 13:48:51.471 | INFO | SimpleStrategy | combined: 收到行情, ZC507C700.CZCE
2025-06-11 13:48:51.471 | INFO | SimpleStrategy | combined: 收到行情, ZC507C710.CZCE
2025-06-11 13:48:51.476 | INFO | SimpleStrategy | combined: 收到行情, ZC507C710.CZCE
2025-06-11 13:48:51.476 | INFO | SimpleStrategy | combined: 收到行情, ZC507C720.CZCE
2025-06-11 13:48:51.476 | INFO | SimpleStrategy | combined: 收到行情, ZC507C720.CZCE
2025-06-11 13:48:51.476 | INFO | SimpleStrategy | combined: 收到行情, ZC507C730.CZCE
2025-06-11 13:48:51.476 | INFO | SimpleStrategy | combined: 收到行情, ZC507C730.CZCE
2025-06-11 13:48:51.476 | INFO | SimpleStrategy | combined: 收到行情, ZC507C740.CZCE
2025-06-11 13:48:51.476 | INFO | SimpleStrategy | combined: 收到行情, ZC507C740.CZCE
2025-06-11 13:48:51.476 | INFO | SimpleStrategy | combined: 收到行情, ZC507C750.CZCE
2025-06-11 13:48:51.477 | INFO | SimpleStrategy | combined: 收到行情, ZC507C750.CZCE
2025-06-11 13:48:51.477 | INFO | SimpleStrategy | combined: 收到行情, ZC507C760.CZCE
2025-06-11 13:48:51.477 | INFO | SimpleStrategy | combined: 收到行情, ZC507C760.CZCE
2025-06-11 13:48:51.477 | INFO | SimpleStrategy | combined: 收到行情, ZC507C770.CZCE
2025-06-11 13:48:51.477 | INFO | SimpleStrategy | combined: 收到行情, ZC507C770.CZCE
2025-06-11 13:48:51.477 | INFO | SimpleStrategy | combined: 收到行情, ZC507C780.CZCE
2025-06-11 13:48:51.477 | INFO | SimpleStrategy | combined: 收到行情, ZC507C780.CZCE
2025-06-11 13:48:51.477 | INFO | SimpleStrategy | combined: 收到行情, ZC507C790.CZCE
2025-06-11 13:48:51.477 | INFO | SimpleStrategy | combined: 收到行情, ZC507C790.CZCE
2025-06-11 13:48:51.478 | INFO | SimpleStrategy | combined: 收到行情, ZC507C800.CZCE
2025-06-11 13:48:51.478 | INFO | SimpleStrategy | combined: 收到行情, ZC507C800.CZCE
2025-06-11 13:48:51.478 | INFO | SimpleStrategy | combined: 收到行情, ZC507C810.CZCE
2025-06-11 13:48:51.478 | INFO | SimpleStrategy | combined: 收到行情, ZC507C810.CZCE
2025-06-11 13:48:51.478 | INFO | SimpleStrategy | combined: 收到行情, ZC507C820.CZCE
2025-06-11 13:48:51.479 | INFO | SimpleStrategy | combined: 收到行情, ZC507C820.CZCE
2025-06-11 13:48:51.479 | INFO | SimpleStrategy | combined: 收到行情, ZC507C830.CZCE
2025-06-11 13:48:51.479 | INFO | SimpleStrategy | combined: 收到行情, ZC507C830.CZCE
2025-06-11 13:48:51.479 | INFO | SimpleStrategy | combined: 收到行情, ZC507C840.CZCE
2025-06-11 13:48:51.479 | INFO | SimpleStrategy | combined: 收到行情, ZC507C840.CZCE
2025-06-11 13:48:51.479 | INFO | SimpleStrategy | combined: 收到行情, ZC507C850.CZCE
2025-06-11 13:48:51.479 | INFO | SimpleStrategy | combined: 收到行情, ZC507C850.CZCE
2025-06-11 13:48:51.479 | INFO | SimpleStrategy | combined: 收到行情, ZC507C860.CZCE
2025-06-11 13:48:51.479 | INFO | SimpleStrategy | combined: 收到行情, ZC507C860.CZCE
2025-06-11 13:48:51.479 | INFO | SimpleStrategy | combined: 收到行情, ZC507C870.CZCE
2025-06-11 13:48:51.479 | INFO | SimpleStrategy | combined: 收到行情, ZC507C870.CZCE
2025-06-11 13:48:51.479 | INFO | SimpleStrategy | combined: 收到行情, ZC507C880.CZCE
2025-06-11 13:48:51.479 | INFO | SimpleStrategy | combined: 收到行情, ZC507C880.CZCE
2025-06-11 13:48:51.479 | INFO | SimpleStrategy | combined: 收到行情, ZC507C890.CZCE
2025-06-11 13:48:51.480 | INFO | SimpleStrategy | combined: 收到行情, ZC507C890.CZCE
2025-06-11 13:48:51.480 | INFO | SimpleStrategy | combined: 收到行情, ZC507C900.CZCE
2025-06-11 13:48:51.480 | INFO | SimpleStrategy | combined: 收到行情, ZC507C900.CZCE
2025-06-11 13:48:51.480 | INFO | SimpleStrategy | combined: 收到行情, ZC507C910.CZCE
2025-06-11 13:48:51.480 | INFO | SimpleStrategy | combined: 收到行情, ZC507C910.CZCE
2025-06-11 13:48:51.480 | INFO | SimpleStrategy | combined: 收到行情, ZC507C920.CZCE
2025-06-11 13:48:51.480 | INFO | SimpleStrategy | combined: 收到行情, ZC507C920.CZCE
2025-06-11 13:48:51.480 | INFO | SimpleStrategy | combined: 收到行情, ZC507C930.CZCE
2025-06-11 13:48:51.480 | INFO | SimpleStrategy | combined: 收到行情, ZC507C930.CZCE
2025-06-11 13:48:51.480 | INFO | SimpleStrategy | combined: 收到行情, ZC507C940.CZCE
2025-06-11 13:48:51.480 | INFO | SimpleStrategy | combined: 收到行情, ZC507C940.CZCE
2025-06-11 13:48:51.480 | INFO | SimpleStrategy | combined: 收到行情, ZC507C950.CZCE
2025-06-11 13:48:51.480 | INFO | SimpleStrategy | combined: 收到行情, ZC507C950.CZCE
2025-06-11 13:48:51.480 | INFO | SimpleStrategy | combined: 收到行情, ZC507C960.CZCE
2025-06-11 13:48:51.480 | INFO | SimpleStrategy | combined: 收到行情, ZC507C960.CZCE
2025-06-11 13:48:51.480 | INFO | SimpleStrategy | combined: 收到行情, ZC507C970.CZCE
2025-06-11 13:48:51.481 | INFO | SimpleStrategy | combined: 收到行情, ZC507C970.CZCE
2025-06-11 13:48:51.481 | INFO | SimpleStrategy | combined: 收到行情, ZC507C980.CZCE
2025-06-11 13:48:51.481 | INFO | SimpleStrategy | combined: 收到行情, ZC507C980.CZCE
2025-06-11 13:48:51.481 | INFO | SimpleStrategy | combined: 收到行情, ZC507C990.CZCE
2025-06-11 13:48:51.481 | INFO | SimpleStrategy | combined: 收到行情, ZC507C990.CZCE
2025-06-11 13:48:51.481 | INFO | SimpleStrategy | combined: 收到行情, ZC507P1000.CZCE
2025-06-11 13:48:51.481 | INFO | SimpleStrategy | combined: 收到行情, ZC507P1000.CZCE
2025-06-11 13:48:51.481 | INFO | SimpleStrategy | combined: 收到行情, ZC507P1010.CZCE
2025-06-11 13:48:51.481 | INFO | SimpleStrategy | combined: 收到行情, ZC507P1010.CZCE
2025-06-11 13:48:51.481 | INFO | SimpleStrategy | combined: 收到行情, ZC507P1020.CZCE
2025-06-11 13:48:51.482 | INFO | SimpleStrategy | combined: 收到行情, ZC507P1020.CZCE
2025-06-11 13:48:51.482 | INFO | SimpleStrategy | combined: 收到行情, ZC507P1030.CZCE
2025-06-11 13:48:51.482 | INFO | SimpleStrategy | combined: 收到行情, ZC507P1030.CZCE
2025-06-11 13:48:51.482 | INFO | SimpleStrategy | combined: 收到行情, ZC507P1040.CZCE
2025-06-11 13:48:51.482 | INFO | SimpleStrategy | combined: 收到行情, ZC507P1040.CZCE
2025-06-11 13:48:51.482 | INFO | SimpleStrategy | combined: 收到行情, ZC507P1050.CZCE
2025-06-11 13:48:51.482 | INFO | SimpleStrategy | combined: 收到行情, ZC507P1050.CZCE
2025-06-11 13:48:51.482 | INFO | SimpleStrategy | combined: 收到行情, ZC507P560.CZCE
2025-06-11 13:48:51.482 | INFO | SimpleStrategy | combined: 收到行情, ZC507P560.CZCE
2025-06-11 13:48:51.482 | INFO | SimpleStrategy | combined: 收到行情, ZC507P570.CZCE
2025-06-11 13:48:51.482 | INFO | SimpleStrategy | combined: 收到行情, ZC507P570.CZCE
2025-06-11 13:48:51.482 | INFO | SimpleStrategy | combined: 收到行情, ZC507P580.CZCE
2025-06-11 13:48:51.482 | INFO | SimpleStrategy | combined: 收到行情, ZC507P580.CZCE
2025-06-11 13:48:51.482 | INFO | SimpleStrategy | combined: 收到行情, ZC507P590.CZCE
2025-06-11 13:48:51.482 | INFO | SimpleStrategy | combined: 收到行情, ZC507P590.CZCE
2025-06-11 13:48:51.482 | INFO | SimpleStrategy | combined: 收到行情, ZC507P600.CZCE
2025-06-11 13:48:51.483 | INFO | SimpleStrategy | combined: 收到行情, ZC507P600.CZCE
2025-06-11 13:48:51.483 | INFO | SimpleStrategy | combined: 收到行情, ZC507P610.CZCE
2025-06-11 13:48:51.483 | INFO | SimpleStrategy | combined: 收到行情, ZC507P610.CZCE
2025-06-11 13:48:51.513 | INFO | SimpleStrategy | combined: 收到行情, ZC507P620.CZCE
2025-06-11 13:48:51.513 | INFO | SimpleStrategy | combined: 收到行情, ZC507P620.CZCE
2025-06-11 13:48:51.518 | INFO | SimpleStrategy | combined: 收到行情, ZC507P630.CZCE
2025-06-11 13:48:51.518 | INFO | SimpleStrategy | combined: 收到行情, ZC507P630.CZCE
2025-06-11 13:48:51.518 | INFO | SimpleStrategy | combined: 收到行情, ZC507P640.CZCE
2025-06-11 13:48:51.519 | INFO | SimpleStrategy | combined: 收到行情, ZC507P640.CZCE
2025-06-11 13:48:51.519 | INFO | SimpleStrategy | combined: 收到行情, ZC507P650.CZCE
2025-06-11 13:48:51.519 | INFO | SimpleStrategy | combined: 收到行情, ZC507P650.CZCE
2025-06-11 13:48:51.519 | INFO | SimpleStrategy | combined: 收到行情, ZC507P660.CZCE
2025-06-11 13:48:51.519 | INFO | SimpleStrategy | combined: 收到行情, ZC507P660.CZCE
2025-06-11 13:48:51.519 | INFO | SimpleStrategy | combined: 收到行情, ZC507P670.CZCE
2025-06-11 13:48:51.519 | INFO | SimpleStrategy | combined: 收到行情, ZC507P670.CZCE
2025-06-11 13:48:51.519 | INFO | SimpleStrategy | combined: 收到行情, ZC507P680.CZCE
2025-06-11 13:48:51.519 | INFO | SimpleStrategy | combined: 收到行情, ZC507P680.CZCE
2025-06-11 13:48:51.519 | INFO | SimpleStrategy | combined: 收到行情, ZC507P690.CZCE
2025-06-11 13:48:51.519 | INFO | SimpleStrategy | combined: 收到行情, ZC507P690.CZCE
2025-06-11 13:48:51.520 | INFO | SimpleStrategy | combined: 收到行情, ZC507P700.CZCE
2025-06-11 13:48:51.520 | INFO | SimpleStrategy | combined: 收到行情, ZC507P700.CZCE
2025-06-11 13:48:51.520 | INFO | SimpleStrategy | combined: 收到行情, ZC507P710.CZCE
2025-06-11 13:48:51.520 | INFO | SimpleStrategy | combined: 收到行情, ZC507P710.CZCE
2025-06-11 13:48:51.520 | INFO | SimpleStrategy | combined: 收到行情, ZC507P720.CZCE
2025-06-11 13:48:51.520 | INFO | SimpleStrategy | combined: 收到行情, ZC507P720.CZCE
2025-06-11 13:48:51.520 | INFO | SimpleStrategy | combined: 收到行情, ZC507P730.CZCE
2025-06-11 13:48:51.520 | INFO | SimpleStrategy | combined: 收到行情, ZC507P730.CZCE
2025-06-11 13:48:51.520 | INFO | SimpleStrategy | combined: 收到行情, ZC507P740.CZCE
2025-06-11 13:48:51.521 | INFO | SimpleStrategy | combined: 收到行情, ZC507P740.CZCE
2025-06-11 13:48:51.521 | INFO | SimpleStrategy | combined: 收到行情, ZC507P750.CZCE
2025-06-11 13:48:51.521 | INFO | SimpleStrategy | combined: 收到行情, ZC507P750.CZCE
2025-06-11 13:48:51.521 | INFO | SimpleStrategy | combined: 收到行情, ZC507P760.CZCE
2025-06-11 13:48:51.521 | INFO | SimpleStrategy | combined: 收到行情, ZC507P760.CZCE
2025-06-11 13:48:51.521 | INFO | SimpleStrategy | combined: 收到行情, ZC507P770.CZCE
2025-06-11 13:48:51.521 | INFO | SimpleStrategy | combined: 收到行情, ZC507P770.CZCE
2025-06-11 13:48:51.521 | INFO | SimpleStrategy | combined: 收到行情, ZC507P780.CZCE
2025-06-11 13:48:51.521 | INFO | SimpleStrategy | combined: 收到行情, ZC507P780.CZCE
2025-06-11 13:48:51.521 | INFO | SimpleStrategy | combined: 收到行情, ZC507P790.CZCE
2025-06-11 13:48:51.522 | INFO | SimpleStrategy | combined: 收到行情, ZC507P790.CZCE
2025-06-11 13:48:51.522 | INFO | SimpleStrategy | combined: 收到行情, ZC507P800.CZCE
2025-06-11 13:48:51.522 | INFO | SimpleStrategy | combined: 收到行情, ZC507P800.CZCE
2025-06-11 13:48:51.522 | INFO | SimpleStrategy | combined: 收到行情, ZC507P810.CZCE
2025-06-11 13:48:51.522 | INFO | SimpleStrategy | combined: 收到行情, ZC507P810.CZCE
2025-06-11 13:48:51.522 | INFO | SimpleStrategy | combined: 收到行情, ZC507P820.CZCE
2025-06-11 13:48:51.522 | INFO | SimpleStrategy | combined: 收到行情, ZC507P820.CZCE
2025-06-11 13:48:51.522 | INFO | SimpleStrategy | combined: 收到行情, ZC507P830.CZCE
2025-06-11 13:48:51.522 | INFO | SimpleStrategy | combined: 收到行情, ZC507P830.CZCE
2025-06-11 13:48:51.522 | INFO | SimpleStrategy | combined: 收到行情, ZC507P840.CZCE
2025-06-11 13:48:51.522 | INFO | SimpleStrategy | combined: 收到行情, ZC507P840.CZCE
2025-06-11 13:48:51.522 | INFO | SimpleStrategy | combined: 收到行情, ZC507P850.CZCE
2025-06-11 13:48:51.523 | INFO | SimpleStrategy | combined: 收到行情, ZC507P850.CZCE
2025-06-11 13:48:51.523 | INFO | SimpleStrategy | combined: 收到行情, ZC507P860.CZCE
2025-06-11 13:48:51.523 | INFO | SimpleStrategy | combined: 收到行情, ZC507P860.CZCE
2025-06-11 13:48:51.523 | INFO | SimpleStrategy | combined: 收到行情, ZC507P870.CZCE
2025-06-11 13:48:51.523 | INFO | SimpleStrategy | combined: 收到行情, ZC507P870.CZCE
2025-06-11 13:48:51.523 | INFO | SimpleStrategy | combined: 收到行情, ZC507P880.CZCE
2025-06-11 13:48:51.523 | INFO | SimpleStrategy | combined: 收到行情, ZC507P880.CZCE
2025-06-11 13:48:51.523 | INFO | SimpleStrategy | combined: 收到行情, ZC507P890.CZCE
2025-06-11 13:48:51.523 | INFO | SimpleStrategy | combined: 收到行情, ZC507P890.CZCE
2025-06-11 13:48:51.523 | INFO | SimpleStrategy | combined: 收到行情, ZC507P900.CZCE
2025-06-11 13:48:51.523 | INFO | SimpleStrategy | combined: 收到行情, ZC507P900.CZCE
2025-06-11 13:48:51.523 | INFO | SimpleStrategy | combined: 收到行情, ZC507P910.CZCE
2025-06-11 13:48:51.523 | INFO | SimpleStrategy | combined: 收到行情, ZC507P910.CZCE
2025-06-11 13:48:51.523 | INFO | SimpleStrategy | combined: 收到行情, ZC507P920.CZCE
2025-06-11 13:48:51.524 | INFO | SimpleStrategy | combined: 收到行情, ZC507P920.CZCE
2025-06-11 13:48:51.524 | INFO | SimpleStrategy | combined: 收到行情, ZC507P930.CZCE
2025-06-11 13:48:51.524 | INFO | SimpleStrategy | combined: 收到行情, ZC507P930.CZCE
2025-06-11 13:48:51.524 | INFO | SimpleStrategy | combined: 收到行情, ZC507P940.CZCE
2025-06-11 13:48:51.524 | INFO | SimpleStrategy | combined: 收到行情, ZC507P940.CZCE
2025-06-11 13:48:51.524 | INFO | SimpleStrategy | combined: 收到行情, ZC507P950.CZCE
2025-06-11 13:48:51.524 | INFO | SimpleStrategy | combined: 收到行情, ZC507P950.CZCE
2025-06-11 13:48:51.524 | INFO | SimpleStrategy | combined: 收到行情, ZC507P960.CZCE
2025-06-11 13:48:51.524 | INFO | SimpleStrategy | combined: 收到行情, ZC507P960.CZCE
2025-06-11 13:48:51.524 | INFO | SimpleStrategy | combined: 收到行情, ZC507P970.CZCE
2025-06-11 13:48:51.524 | INFO | SimpleStrategy | combined: 收到行情, ZC507P970.CZCE
2025-06-11 13:48:51.524 | INFO | SimpleStrategy | combined: 收到行情, ZC507P980.CZCE
2025-06-11 13:48:51.524 | INFO | SimpleStrategy | combined: 收到行情, ZC507P980.CZCE
2025-06-11 13:48:51.525 | INFO | SimpleStrategy | combined: 收到行情, ZC507P990.CZCE
2025-06-11 13:48:51.525 | INFO | SimpleStrategy | combined: 收到行情, ZC507P990.CZCE
2025-06-11 13:48:51.525 | INFO | SimpleStrategy | combined: 收到行情, ZC508C1000.CZCE
2025-06-11 13:48:51.525 | INFO | SimpleStrategy | combined: 收到行情, ZC508C1000.CZCE
2025-06-11 13:48:51.525 | INFO | SimpleStrategy | combined: 收到行情, ZC508C1010.CZCE
2025-06-11 13:48:51.525 | INFO | SimpleStrategy | combined: 收到行情, ZC508C1010.CZCE
2025-06-11 13:48:51.525 | INFO | SimpleStrategy | combined: 收到行情, ZC508C1020.CZCE
2025-06-11 13:48:51.525 | INFO | SimpleStrategy | combined: 收到行情, ZC508C1020.CZCE
2025-06-11 13:48:51.525 | INFO | SimpleStrategy | combined: 收到行情, ZC508C1030.CZCE
2025-06-11 13:48:51.525 | INFO | SimpleStrategy | combined: 收到行情, ZC508C1030.CZCE
2025-06-11 13:48:51.562 | INFO | SimpleStrategy | combined: 收到行情, ZC508C1040.CZCE
2025-06-11 13:48:51.563 | INFO | SimpleStrategy | combined: 收到行情, ZC508C1040.CZCE
2025-06-11 13:48:51.563 | INFO | SimpleStrategy | combined: 收到行情, ZC508C1050.CZCE
2025-06-11 13:48:51.563 | INFO | SimpleStrategy | combined: 收到行情, ZC508C1050.CZCE
2025-06-11 13:48:51.563 | INFO | SimpleStrategy | combined: 收到行情, ZC508C560.CZCE
2025-06-11 13:48:51.563 | INFO | SimpleStrategy | combined: 收到行情, ZC508C560.CZCE
2025-06-11 13:48:51.563 | INFO | SimpleStrategy | combined: 收到行情, ZC508C570.CZCE
2025-06-11 13:48:51.563 | INFO | SimpleStrategy | combined: 收到行情, ZC508C570.CZCE
2025-06-11 13:48:51.564 | INFO | SimpleStrategy | combined: 收到行情, ZC508C580.CZCE
2025-06-11 13:48:51.564 | INFO | SimpleStrategy | combined: 收到行情, ZC508C580.CZCE
2025-06-11 13:48:51.564 | INFO | SimpleStrategy | combined: 收到行情, ZC508C590.CZCE
2025-06-11 13:48:51.564 | INFO | SimpleStrategy | combined: 收到行情, ZC508C590.CZCE
2025-06-11 13:48:51.564 | INFO | SimpleStrategy | combined: 收到行情, ZC508C600.CZCE
2025-06-11 13:48:51.565 | INFO | SimpleStrategy | combined: 收到行情, ZC508C600.CZCE
2025-06-11 13:48:51.565 | INFO | SimpleStrategy | combined: 收到行情, ZC508C610.CZCE
2025-06-11 13:48:51.565 | INFO | SimpleStrategy | combined: 收到行情, ZC508C610.CZCE
2025-06-11 13:48:51.565 | INFO | SimpleStrategy | combined: 收到行情, ZC508C620.CZCE
2025-06-11 13:48:51.565 | INFO | SimpleStrategy | combined: 收到行情, ZC508C620.CZCE
2025-06-11 13:48:51.565 | INFO | SimpleStrategy | combined: 收到行情, ZC508C630.CZCE
2025-06-11 13:48:51.565 | INFO | SimpleStrategy | combined: 收到行情, ZC508C630.CZCE
2025-06-11 13:48:51.565 | INFO | SimpleStrategy | combined: 收到行情, ZC508C640.CZCE
2025-06-11 13:48:51.565 | INFO | SimpleStrategy | combined: 收到行情, ZC508C640.CZCE
2025-06-11 13:48:51.565 | INFO | SimpleStrategy | combined: 收到行情, ZC508C650.CZCE
2025-06-11 13:48:51.565 | INFO | SimpleStrategy | combined: 收到行情, ZC508C650.CZCE
2025-06-11 13:48:51.565 | INFO | SimpleStrategy | combined: 收到行情, ZC508C660.CZCE
2025-06-11 13:48:51.565 | INFO | SimpleStrategy | combined: 收到行情, ZC508C660.CZCE
2025-06-11 13:48:51.565 | INFO | SimpleStrategy | combined: 收到行情, ZC508C670.CZCE
2025-06-11 13:48:51.566 | INFO | SimpleStrategy | combined: 收到行情, ZC508C670.CZCE
2025-06-11 13:48:51.566 | INFO | SimpleStrategy | combined: 收到行情, ZC508C680.CZCE
2025-06-11 13:48:51.566 | INFO | SimpleStrategy | combined: 收到行情, ZC508C680.CZCE
2025-06-11 13:48:51.566 | INFO | SimpleStrategy | combined: 收到行情, ZC508C690.CZCE
2025-06-11 13:48:51.566 | INFO | SimpleStrategy | combined: 收到行情, ZC508C690.CZCE
2025-06-11 13:48:51.566 | INFO | SimpleStrategy | combined: 收到行情, ZC508C700.CZCE
2025-06-11 13:48:51.566 | INFO | SimpleStrategy | combined: 收到行情, ZC508C700.CZCE
2025-06-11 13:48:51.566 | INFO | SimpleStrategy | combined: 收到行情, ZC508C710.CZCE
2025-06-11 13:48:51.566 | INFO | SimpleStrategy | combined: 收到行情, ZC508C710.CZCE
2025-06-11 13:48:51.566 | INFO | SimpleStrategy | combined: 收到行情, ZC508C720.CZCE
2025-06-11 13:48:51.566 | INFO | SimpleStrategy | combined: 收到行情, ZC508C720.CZCE
2025-06-11 13:48:51.566 | INFO | SimpleStrategy | combined: 收到行情, ZC508C730.CZCE
2025-06-11 13:48:51.566 | INFO | SimpleStrategy | combined: 收到行情, ZC508C730.CZCE
2025-06-11 13:48:51.566 | INFO | SimpleStrategy | combined: 收到行情, ZC508C740.CZCE
2025-06-11 13:48:51.566 | INFO | SimpleStrategy | combined: 收到行情, ZC508C740.CZCE
2025-06-11 13:48:51.566 | INFO | SimpleStrategy | combined: 收到行情, ZC508C750.CZCE
2025-06-11 13:48:51.567 | INFO | SimpleStrategy | combined: 收到行情, ZC508C750.CZCE
2025-06-11 13:48:51.567 | INFO | SimpleStrategy | combined: 收到行情, ZC508C760.CZCE
2025-06-11 13:48:51.567 | INFO | SimpleStrategy | combined: 收到行情, ZC508C760.CZCE
2025-06-11 13:48:51.567 | INFO | SimpleStrategy | combined: 收到行情, ZC508C770.CZCE
2025-06-11 13:48:51.567 | INFO | SimpleStrategy | combined: 收到行情, ZC508C770.CZCE
2025-06-11 13:48:51.567 | INFO | SimpleStrategy | combined: 收到行情, ZC508C780.CZCE
2025-06-11 13:48:51.567 | INFO | SimpleStrategy | combined: 收到行情, ZC508C780.CZCE
2025-06-11 13:48:51.567 | INFO | SimpleStrategy | combined: 收到行情, ZC508C790.CZCE
2025-06-11 13:48:51.567 | INFO | SimpleStrategy | combined: 收到行情, ZC508C790.CZCE
2025-06-11 13:48:51.567 | INFO | SimpleStrategy | combined: 收到行情, ZC508C800.CZCE
2025-06-11 13:48:51.567 | INFO | SimpleStrategy | combined: 收到行情, ZC508C800.CZCE
2025-06-11 13:48:51.567 | INFO | SimpleStrategy | combined: 收到行情, ZC508C810.CZCE
2025-06-11 13:48:51.567 | INFO | SimpleStrategy | combined: 收到行情, ZC508C810.CZCE
2025-06-11 13:48:51.567 | INFO | SimpleStrategy | combined: 收到行情, ZC508C820.CZCE
2025-06-11 13:48:51.567 | INFO | SimpleStrategy | combined: 收到行情, ZC508C820.CZCE
2025-06-11 13:48:51.567 | INFO | SimpleStrategy | combined: 收到行情, ZC508C830.CZCE
2025-06-11 13:48:51.568 | INFO | SimpleStrategy | combined: 收到行情, ZC508C830.CZCE
2025-06-11 13:48:51.568 | INFO | SimpleStrategy | combined: 收到行情, ZC508C840.CZCE
2025-06-11 13:48:51.568 | INFO | SimpleStrategy | combined: 收到行情, ZC508C840.CZCE
2025-06-11 13:48:51.568 | INFO | SimpleStrategy | combined: 收到行情, ZC508C850.CZCE
2025-06-11 13:48:51.568 | INFO | SimpleStrategy | combined: 收到行情, ZC508C850.CZCE
2025-06-11 13:48:51.568 | INFO | SimpleStrategy | combined: 收到行情, ZC508C860.CZCE
2025-06-11 13:48:51.568 | INFO | SimpleStrategy | combined: 收到行情, ZC508C860.CZCE
2025-06-11 13:48:51.568 | INFO | SimpleStrategy | combined: 收到行情, ZC508C870.CZCE
2025-06-11 13:48:51.568 | INFO | SimpleStrategy | combined: 收到行情, ZC508C870.CZCE
2025-06-11 13:48:51.568 | INFO | SimpleStrategy | combined: 收到行情, ZC508C880.CZCE
2025-06-11 13:48:51.568 | INFO | SimpleStrategy | combined: 收到行情, ZC508C880.CZCE
2025-06-11 13:48:51.568 | INFO | SimpleStrategy | combined: 收到行情, ZC508C890.CZCE
2025-06-11 13:48:51.568 | INFO | SimpleStrategy | combined: 收到行情, ZC508C890.CZCE
2025-06-11 13:48:51.568 | INFO | SimpleStrategy | combined: 收到行情, ZC508C900.CZCE
2025-06-11 13:48:51.569 | INFO | SimpleStrategy | combined: 收到行情, ZC508C900.CZCE
2025-06-11 13:48:51.569 | INFO | SimpleStrategy | combined: 收到行情, ZC508C910.CZCE
2025-06-11 13:48:51.569 | INFO | SimpleStrategy | combined: 收到行情, ZC508C910.CZCE
2025-06-11 13:48:51.569 | INFO | SimpleStrategy | combined: 收到行情, ZC508C920.CZCE
2025-06-11 13:48:51.569 | INFO | SimpleStrategy | combined: 收到行情, ZC508C920.CZCE
2025-06-11 13:48:51.569 | INFO | SimpleStrategy | combined: 收到行情, ZC508C930.CZCE
2025-06-11 13:48:51.569 | INFO | SimpleStrategy | combined: 收到行情, ZC508C930.CZCE
2025-06-11 13:48:51.569 | INFO | SimpleStrategy | combined: 收到行情, ZC508C940.CZCE
2025-06-11 13:48:51.569 | INFO | SimpleStrategy | combined: 收到行情, ZC508C940.CZCE
2025-06-11 13:48:51.569 | INFO | SimpleStrategy | combined: 收到行情, ZC508C950.CZCE
2025-06-11 13:48:51.569 | INFO | SimpleStrategy | combined: 收到行情, ZC508C950.CZCE
2025-06-11 13:48:51.569 | INFO | SimpleStrategy | combined: 收到行情, ZC508C960.CZCE
2025-06-11 13:48:51.569 | INFO | SimpleStrategy | combined: 收到行情, ZC508C960.CZCE
2025-06-11 13:48:51.569 | INFO | SimpleStrategy | combined: 收到行情, ZC508C970.CZCE
2025-06-11 13:48:51.569 | INFO | SimpleStrategy | combined: 收到行情, ZC508C970.CZCE
2025-06-11 13:48:51.607 | INFO | SimpleStrategy | combined: 收到行情, ZC508C980.CZCE
2025-06-11 13:48:51.607 | INFO | SimpleStrategy | combined: 收到行情, ZC508C980.CZCE
2025-06-11 13:48:51.607 | INFO | SimpleStrategy | combined: 收到行情, ZC508C990.CZCE
2025-06-11 13:48:51.607 | INFO | SimpleStrategy | combined: 收到行情, ZC508C990.CZCE
2025-06-11 13:48:51.607 | INFO | SimpleStrategy | combined: 收到行情, ZC508P1000.CZCE
2025-06-11 13:48:51.607 | INFO | SimpleStrategy | combined: 收到行情, ZC508P1000.CZCE
2025-06-11 13:48:51.607 | INFO | SimpleStrategy | combined: 收到行情, ZC508P1010.CZCE
2025-06-11 13:48:51.607 | INFO | SimpleStrategy | combined: 收到行情, ZC508P1010.CZCE
2025-06-11 13:48:51.607 | INFO | SimpleStrategy | combined: 收到行情, ZC508P1020.CZCE
2025-06-11 13:48:51.607 | INFO | SimpleStrategy | combined: 收到行情, ZC508P1020.CZCE
2025-06-11 13:48:51.608 | INFO | SimpleStrategy | combined: 收到行情, ZC508P1030.CZCE
2025-06-11 13:48:51.608 | INFO | SimpleStrategy | combined: 收到行情, ZC508P1030.CZCE
2025-06-11 13:48:51.608 | INFO | SimpleStrategy | combined: 收到行情, ZC508P1040.CZCE
2025-06-11 13:48:51.608 | INFO | SimpleStrategy | combined: 收到行情, ZC508P1040.CZCE
2025-06-11 13:48:51.608 | INFO | SimpleStrategy | combined: 收到行情, ZC508P1050.CZCE
2025-06-11 13:48:51.608 | INFO | SimpleStrategy | combined: 收到行情, ZC508P1050.CZCE
2025-06-11 13:48:51.608 | INFO | SimpleStrategy | combined: 收到行情, ZC508P560.CZCE
2025-06-11 13:48:51.608 | INFO | SimpleStrategy | combined: 收到行情, ZC508P560.CZCE
2025-06-11 13:48:51.608 | INFO | SimpleStrategy | combined: 收到行情, ZC508P570.CZCE
2025-06-11 13:48:51.608 | INFO | SimpleStrategy | combined: 收到行情, ZC508P570.CZCE
2025-06-11 13:48:51.608 | INFO | SimpleStrategy | combined: 收到行情, ZC508P580.CZCE
2025-06-11 13:48:51.608 | INFO | SimpleStrategy | combined: 收到行情, ZC508P580.CZCE
2025-06-11 13:48:51.608 | INFO | SimpleStrategy | combined: 收到行情, ZC508P590.CZCE
2025-06-11 13:48:51.608 | INFO | SimpleStrategy | combined: 收到行情, ZC508P590.CZCE
2025-06-11 13:48:51.608 | INFO | SimpleStrategy | combined: 收到行情, ZC508P600.CZCE
2025-06-11 13:48:51.609 | INFO | SimpleStrategy | combined: 收到行情, ZC508P600.CZCE
2025-06-11 13:48:51.609 | INFO | SimpleStrategy | combined: 收到行情, ZC508P610.CZCE
2025-06-11 13:48:51.609 | INFO | SimpleStrategy | combined: 收到行情, ZC508P610.CZCE
2025-06-11 13:48:51.609 | INFO | SimpleStrategy | combined: 收到行情, ZC508P620.CZCE
2025-06-11 13:48:51.609 | INFO | SimpleStrategy | combined: 收到行情, ZC508P620.CZCE
2025-06-11 13:48:51.609 | INFO | SimpleStrategy | combined: 收到行情, ZC508P630.CZCE
2025-06-11 13:48:51.609 | INFO | SimpleStrategy | combined: 收到行情, ZC508P630.CZCE
2025-06-11 13:48:51.609 | INFO | SimpleStrategy | combined: 收到行情, ZC508P640.CZCE
2025-06-11 13:48:51.609 | INFO | SimpleStrategy | combined: 收到行情, ZC508P640.CZCE
2025-06-11 13:48:51.609 | INFO | SimpleStrategy | combined: 收到行情, ZC508P650.CZCE
2025-06-11 13:48:51.609 | INFO | SimpleStrategy | combined: 收到行情, ZC508P650.CZCE
2025-06-11 13:48:51.609 | INFO | SimpleStrategy | combined: 收到行情, ZC508P660.CZCE
2025-06-11 13:48:51.609 | INFO | SimpleStrategy | combined: 收到行情, ZC508P660.CZCE
2025-06-11 13:48:51.609 | INFO | SimpleStrategy | combined: 收到行情, ZC508P670.CZCE
2025-06-11 13:48:51.610 | INFO | SimpleStrategy | combined: 收到行情, ZC508P670.CZCE
2025-06-11 13:48:51.610 | INFO | SimpleStrategy | combined: 收到行情, ZC508P680.CZCE
2025-06-11 13:48:51.610 | INFO | SimpleStrategy | combined: 收到行情, ZC508P680.CZCE
2025-06-11 13:48:51.610 | INFO | SimpleStrategy | combined: 收到行情, ZC508P690.CZCE
2025-06-11 13:48:51.610 | INFO | SimpleStrategy | combined: 收到行情, ZC508P690.CZCE
2025-06-11 13:48:51.610 | INFO | SimpleStrategy | combined: 收到行情, ZC508P700.CZCE
2025-06-11 13:48:51.610 | INFO | SimpleStrategy | combined: 收到行情, ZC508P700.CZCE
2025-06-11 13:48:51.610 | INFO | SimpleStrategy | combined: 收到行情, ZC508P710.CZCE
2025-06-11 13:48:51.610 | INFO | SimpleStrategy | combined: 收到行情, ZC508P710.CZCE
2025-06-11 13:48:51.610 | INFO | SimpleStrategy | combined: 收到行情, ZC508P720.CZCE
2025-06-11 13:48:51.610 | INFO | SimpleStrategy | combined: 收到行情, ZC508P720.CZCE
2025-06-11 13:48:51.610 | INFO | SimpleStrategy | combined: 收到行情, ZC508P730.CZCE
2025-06-11 13:48:51.610 | INFO | SimpleStrategy | combined: 收到行情, ZC508P730.CZCE
2025-06-11 13:48:51.610 | INFO | SimpleStrategy | combined: 收到行情, ZC508P740.CZCE
2025-06-11 13:48:51.611 | INFO | SimpleStrategy | combined: 收到行情, ZC508P740.CZCE
2025-06-11 13:48:51.611 | INFO | SimpleStrategy | combined: 收到行情, ZC508P750.CZCE
2025-06-11 13:48:51.611 | INFO | SimpleStrategy | combined: 收到行情, ZC508P750.CZCE
2025-06-11 13:48:51.611 | INFO | SimpleStrategy | combined: 收到行情, ZC508P760.CZCE
2025-06-11 13:48:51.611 | INFO | SimpleStrategy | combined: 收到行情, ZC508P760.CZCE
2025-06-11 13:48:51.611 | INFO | SimpleStrategy | combined: 收到行情, ZC508P770.CZCE
2025-06-11 13:48:51.611 | INFO | SimpleStrategy | combined: 收到行情, ZC508P770.CZCE
2025-06-11 13:48:51.611 | INFO | SimpleStrategy | combined: 收到行情, ZC508P780.CZCE
2025-06-11 13:48:51.612 | INFO | SimpleStrategy | combined: 收到行情, ZC508P780.CZCE
2025-06-11 13:48:51.612 | INFO | SimpleStrategy | combined: 收到行情, ZC508P790.CZCE
2025-06-11 13:48:51.612 | INFO | SimpleStrategy | combined: 收到行情, ZC508P790.CZCE
2025-06-11 13:48:51.612 | INFO | SimpleStrategy | combined: 收到行情, ZC508P800.CZCE
2025-06-11 13:48:51.612 | INFO | SimpleStrategy | combined: 收到行情, ZC508P800.CZCE
2025-06-11 13:48:51.612 | INFO | SimpleStrategy | combined: 收到行情, ZC508P810.CZCE
2025-06-11 13:48:51.612 | INFO | SimpleStrategy | combined: 收到行情, ZC508P810.CZCE
2025-06-11 13:48:51.612 | INFO | SimpleStrategy | combined: 收到行情, ZC508P820.CZCE
2025-06-11 13:48:51.612 | INFO | SimpleStrategy | combined: 收到行情, ZC508P820.CZCE
2025-06-11 13:48:51.612 | INFO | SimpleStrategy | combined: 收到行情, ZC508P830.CZCE
2025-06-11 13:48:51.612 | INFO | SimpleStrategy | combined: 收到行情, ZC508P830.CZCE
2025-06-11 13:48:51.612 | INFO | SimpleStrategy | combined: 收到行情, ZC508P840.CZCE
2025-06-11 13:48:51.613 | INFO | SimpleStrategy | combined: 收到行情, ZC508P840.CZCE
2025-06-11 13:48:51.613 | INFO | SimpleStrategy | combined: 收到行情, ZC508P850.CZCE
2025-06-11 13:48:51.613 | INFO | SimpleStrategy | combined: 收到行情, ZC508P850.CZCE
2025-06-11 13:48:51.613 | INFO | SimpleStrategy | combined: 收到行情, ZC508P860.CZCE
2025-06-11 13:48:51.613 | INFO | SimpleStrategy | combined: 收到行情, ZC508P860.CZCE
2025-06-11 13:48:51.613 | INFO | SimpleStrategy | combined: 收到行情, ZC508P870.CZCE
2025-06-11 13:48:51.613 | INFO | SimpleStrategy | combined: 收到行情, ZC508P870.CZCE
2025-06-11 13:48:51.613 | INFO | SimpleStrategy | combined: 收到行情, ZC508P880.CZCE
2025-06-11 13:48:51.613 | INFO | SimpleStrategy | combined: 收到行情, ZC508P880.CZCE
2025-06-11 13:48:51.613 | INFO | SimpleStrategy | combined: 收到行情, ZC508P890.CZCE
2025-06-11 13:48:51.613 | INFO | SimpleStrategy | combined: 收到行情, ZC508P890.CZCE
2025-06-11 13:48:51.613 | INFO | SimpleStrategy | combined: 收到行情, ZC508P900.CZCE
2025-06-11 13:48:51.613 | INFO | SimpleStrategy | combined: 收到行情, ZC508P900.CZCE
2025-06-11 13:48:51.613 | INFO | SimpleStrategy | combined: 收到行情, ZC508P910.CZCE
2025-06-11 13:48:51.614 | INFO | SimpleStrategy | combined: 收到行情, ZC508P910.CZCE
2025-06-11 13:48:51.614 | INFO | SimpleStrategy | combined: 收到行情, ZC508P920.CZCE
2025-06-11 13:48:51.614 | INFO | SimpleStrategy | combined: 收到行情, ZC508P920.CZCE
2025-06-11 13:48:51.653 | INFO | SimpleStrategy | combined: 收到行情, ZC508P930.CZCE
2025-06-11 13:48:51.653 | INFO | SimpleStrategy | combined: 收到行情, ZC508P930.CZCE
2025-06-11 13:48:51.653 | INFO | SimpleStrategy | combined: 收到行情, ZC508P940.CZCE
2025-06-11 13:48:51.653 | INFO | SimpleStrategy | combined: 收到行情, ZC508P940.CZCE
2025-06-11 13:48:51.654 | INFO | SimpleStrategy | combined: 收到行情, ZC508P950.CZCE
2025-06-11 13:48:51.654 | INFO | SimpleStrategy | combined: 收到行情, ZC508P950.CZCE
2025-06-11 13:48:51.654 | INFO | SimpleStrategy | combined: 收到行情, ZC508P960.CZCE
2025-06-11 13:48:51.654 | INFO | SimpleStrategy | combined: 收到行情, ZC508P960.CZCE
2025-06-11 13:48:51.654 | INFO | SimpleStrategy | combined: 收到行情, ZC508P970.CZCE
2025-06-11 13:48:51.654 | INFO | SimpleStrategy | combined: 收到行情, ZC508P970.CZCE
2025-06-11 13:48:51.654 | INFO | SimpleStrategy | combined: 收到行情, ZC508P980.CZCE
2025-06-11 13:48:51.654 | INFO | SimpleStrategy | combined: 收到行情, ZC508P980.CZCE
2025-06-11 13:48:51.654 | INFO | SimpleStrategy | combined: 收到行情, ZC508P990.CZCE
2025-06-11 13:48:51.654 | INFO | SimpleStrategy | combined: 收到行情, ZC508P990.CZCE
2025-06-11 13:48:51.654 | INFO | SimpleStrategy | combined: 收到行情, AP510.CZCE
2025-06-11 13:48:51.654 | INFO | SimpleStrategy | combined: 收到行情, AP510.CZCE
2025-06-11 13:48:51.654 | INFO | SimpleStrategy | combined: 收到行情, AP511.CZCE
2025-06-11 13:48:51.654 | INFO | SimpleStrategy | combined: 收到行情, AP511.CZCE
2025-06-11 13:48:51.654 | INFO | SimpleStrategy | combined: 收到行情, CF507.CZCE
2025-06-11 13:48:51.655 | INFO | SimpleStrategy | combined: 收到行情, CF507.CZCE
2025-06-11 13:48:51.655 | INFO | SimpleStrategy | combined: 收到行情, CF509.CZCE
2025-06-11 13:48:51.655 | INFO | SimpleStrategy | combined: 收到行情, CF509.CZCE
2025-06-11 13:48:51.655 | INFO | SimpleStrategy | combined: 收到行情, CJ509.CZCE
2025-06-11 13:48:51.655 | INFO | SimpleStrategy | combined: 收到行情, CJ509.CZCE
2025-06-11 13:48:51.655 | INFO | SimpleStrategy | combined: 收到行情, CJ512.CZCE
2025-06-11 13:48:51.655 | INFO | SimpleStrategy | combined: 收到行情, CJ512.CZCE
2025-06-11 13:48:51.655 | INFO | SimpleStrategy | combined: 收到行情, FG507.CZCE
2025-06-11 13:48:51.655 | INFO | SimpleStrategy | combined: 收到行情, FG507.CZCE
2025-06-11 13:48:51.655 | INFO | SimpleStrategy | combined: 收到行情, FG508.CZCE
2025-06-11 13:48:51.655 | INFO | SimpleStrategy | combined: 收到行情, FG508.CZCE
2025-06-11 13:48:51.655 | INFO | SimpleStrategy | combined: 收到行情, MA507.CZCE
2025-06-11 13:48:51.655 | INFO | SimpleStrategy | combined: 收到行情, MA507.CZCE
2025-06-11 13:48:51.655 | INFO | SimpleStrategy | combined: 收到行情, MA508.CZCE
2025-06-11 13:48:51.656 | INFO | SimpleStrategy | combined: 收到行情, MA508.CZCE
2025-06-11 13:48:51.656 | INFO | SimpleStrategy | combined: 收到行情, OI507.CZCE
2025-06-11 13:48:51.656 | INFO | SimpleStrategy | combined: 收到行情, OI507.CZCE
2025-06-11 13:48:51.656 | INFO | SimpleStrategy | combined: 收到行情, OI509.CZCE
2025-06-11 13:48:51.656 | INFO | SimpleStrategy | combined: 收到行情, OI509.CZCE
2025-06-11 13:48:51.656 | INFO | SimpleStrategy | combined: 收到行情, PF507.CZCE
2025-06-11 13:48:51.656 | INFO | SimpleStrategy | combined: 收到行情, PF507.CZCE
2025-06-11 13:48:51.656 | INFO | SimpleStrategy | combined: 收到行情, PF508.CZCE
2025-06-11 13:48:51.657 | INFO | SimpleStrategy | combined: 收到行情, PF508.CZCE
2025-06-11 13:48:51.657 | INFO | SimpleStrategy | combined: 收到行情, PK510.CZCE
2025-06-11 13:48:51.657 | INFO | SimpleStrategy | combined: 收到行情, PK510.CZCE
2025-06-11 13:48:51.657 | INFO | SimpleStrategy | combined: 收到行情, PK511.CZCE
2025-06-11 13:48:51.657 | INFO | SimpleStrategy | combined: 收到行情, PK511.CZCE
2025-06-11 13:48:51.657 | INFO | SimpleStrategy | combined: 收到行情, PR507.CZCE
2025-06-11 13:48:51.657 | INFO | SimpleStrategy | combined: 收到行情, PR507.CZCE
2025-06-11 13:48:51.657 | INFO | SimpleStrategy | combined: 收到行情, PR508.CZCE
2025-06-11 13:48:51.657 | INFO | SimpleStrategy | combined: 收到行情, PR508.CZCE
2025-06-11 13:48:51.657 | INFO | SimpleStrategy | combined: 收到行情, PX508.CZCE
2025-06-11 13:48:51.657 | INFO | SimpleStrategy | combined: 收到行情, PX508.CZCE
2025-06-11 13:48:51.657 | INFO | SimpleStrategy | combined: 收到行情, PX509.CZCE
2025-06-11 13:48:51.657 | INFO | SimpleStrategy | combined: 收到行情, PX509.CZCE
2025-06-11 13:48:51.657 | INFO | SimpleStrategy | combined: 收到行情, RM507.CZCE
2025-06-11 13:48:51.657 | INFO | SimpleStrategy | combined: 收到行情, RM507.CZCE
2025-06-11 13:48:51.657 | INFO | SimpleStrategy | combined: 收到行情, RM508.CZCE
2025-06-11 13:48:51.657 | INFO | SimpleStrategy | combined: 收到行情, RM508.CZCE
2025-06-11 13:48:51.657 | INFO | SimpleStrategy | combined: 收到行情, SA507.CZCE
2025-06-11 13:48:51.657 | INFO | SimpleStrategy | combined: 收到行情, SA507.CZCE
2025-06-11 13:48:51.657 | INFO | SimpleStrategy | combined: 收到行情, SA508.CZCE
2025-06-11 13:48:51.657 | INFO | SimpleStrategy | combined: 收到行情, SA508.CZCE
2025-06-11 13:48:51.657 | INFO | SimpleStrategy | combined: 收到行情, SF507.CZCE
2025-06-11 13:48:51.657 | INFO | SimpleStrategy | combined: 收到行情, SF507.CZCE
2025-06-11 13:48:51.658 | INFO | SimpleStrategy | combined: 收到行情, SF508.CZCE
2025-06-11 13:48:51.658 | INFO | SimpleStrategy | combined: 收到行情, SF508.CZCE
2025-06-11 13:48:51.658 | INFO | SimpleStrategy | combined: 收到行情, SH507.CZCE
2025-06-11 13:48:51.658 | INFO | SimpleStrategy | combined: 收到行情, SH507.CZCE
2025-06-11 13:48:51.658 | INFO | SimpleStrategy | combined: 收到行情, SH508.CZCE
2025-06-11 13:48:51.658 | INFO | SimpleStrategy | combined: 收到行情, SH508.CZCE
2025-06-11 13:48:51.658 | INFO | SimpleStrategy | combined: 收到行情, SM507.CZCE
2025-06-11 13:48:51.658 | INFO | SimpleStrategy | combined: 收到行情, SM507.CZCE
2025-06-11 13:48:51.658 | INFO | SimpleStrategy | combined: 收到行情, SM508.CZCE
2025-06-11 13:48:51.658 | INFO | SimpleStrategy | combined: 收到行情, SM508.CZCE
2025-06-11 13:48:51.658 | INFO | SimpleStrategy | combined: 收到行情, SR507.CZCE
2025-06-11 13:48:51.658 | INFO | SimpleStrategy | combined: 收到行情, SR507.CZCE
2025-06-11 13:48:51.658 | INFO | SimpleStrategy | combined: 收到行情, SR509.CZCE
2025-06-11 13:48:51.658 | INFO | SimpleStrategy | combined: 收到行情, SR509.CZCE
2025-06-11 13:48:51.659 | INFO | SimpleStrategy | combined: 收到行情, TA507.CZCE
2025-06-11 13:48:51.659 | INFO | SimpleStrategy | combined: 收到行情, TA507.CZCE
2025-06-11 13:48:51.659 | INFO | SimpleStrategy | combined: 收到行情, TA508.CZCE
2025-06-11 13:48:51.659 | INFO | SimpleStrategy | combined: 收到行情, TA508.CZCE
2025-06-11 13:48:51.659 | INFO | SimpleStrategy | combined: 收到行情, UR507.CZCE
2025-06-11 13:48:51.659 | INFO | SimpleStrategy | combined: 收到行情, UR507.CZCE
2025-06-11 13:48:51.659 | INFO | SimpleStrategy | combined: 收到行情, UR508.CZCE
2025-06-11 13:48:51.659 | INFO | SimpleStrategy | combined: 收到行情, UR508.CZCE
2025-06-11 13:48:51.659 | INFO | SimpleStrategy | combined: 收到行情, ZC507.CZCE
2025-06-11 13:48:51.659 | INFO | SimpleStrategy | combined: 收到行情, ZC507.CZCE
2025-06-11 13:48:51.659 | INFO | SimpleStrategy | combined: 收到行情, ZC508.CZCE
2025-06-11 13:48:51.659 | INFO | SimpleStrategy | combined: 收到行情, ZC508.CZCE
2025-06-11 13:48:51.688 | INFO | SimpleStrategy | combined: 收到行情, CJ509.CZCE
2025-06-11 13:48:51.691 | INFO | SimpleStrategy | combined: 收到行情, CJ509.CZCE
2025-06-11 13:48:51.691 | INFO | SimpleStrategy | combined: 收到行情, OI507.CZCE
2025-06-11 13:48:51.691 | INFO | SimpleStrategy | combined: 收到行情, OI507.CZCE
2025-06-11 13:48:51.691 | INFO | SimpleStrategy | combined: 收到行情, OI509.CZCE
2025-06-11 13:48:51.691 | INFO | SimpleStrategy | combined: 收到行情, OI509.CZCE
2025-06-11 13:48:51.691 | INFO | SimpleStrategy | combined: 收到行情, PF507.CZCE
2025-06-11 13:48:51.692 | INFO | SimpleStrategy | combined: 收到行情, PF507.CZCE
2025-06-11 13:48:51.692 | INFO | SimpleStrategy | combined: 收到行情, PF508.CZCE
2025-06-11 13:48:51.692 | INFO | SimpleStrategy | combined: 收到行情, PF508.CZCE
2025-06-11 13:48:51.692 | INFO | SimpleStrategy | combined: 收到行情, TA508.CZCE
2025-06-11 13:48:51.692 | INFO | SimpleStrategy | combined: 收到行情, TA508.CZCE
2025-06-11 13:48:51.692 | INFO | SimpleStrategy | combined: 收到行情, CF507C12600.CZCE
2025-06-11 13:48:51.692 | INFO | SimpleStrategy | combined: 收到行情, CF507C12600.CZCE
2025-06-11 13:48:51.692 | INFO | SimpleStrategy | combined: 收到行情, CF507C13200.CZCE
2025-06-11 13:48:51.693 | INFO | SimpleStrategy | combined: 收到行情, CF507C13200.CZCE
2025-06-11 13:48:51.693 | INFO | SimpleStrategy | combined: 收到行情, FG507C970.CZCE
2025-06-11 13:48:51.693 | INFO | SimpleStrategy | combined: 收到行情, FG507C970.CZCE
2025-06-11 13:48:51.694 | INFO | SimpleStrategy | combined: 收到行情, MA507C2300.CZCE
2025-06-11 13:48:51.694 | INFO | SimpleStrategy | combined: 收到行情, MA507C2300.CZCE
2025-06-11 13:48:51.694 | INFO | SimpleStrategy | combined: 收到行情, PF508.CZCE
2025-06-11 13:48:51.694 | INFO | SimpleStrategy | combined: 收到行情, PF508.CZCE
2025-06-11 13:48:51.694 | INFO | SimpleStrategy | combined: 收到行情, PR507.CZCE
2025-06-11 13:48:51.694 | INFO | SimpleStrategy | combined: 收到行情, PR507.CZCE
2025-06-11 13:48:51.694 | INFO | SimpleStrategy | combined: 收到行情, PR508.CZCE
2025-06-11 13:48:51.694 | INFO | SimpleStrategy | combined: 收到行情, PR508.CZCE
2025-06-11 13:48:51.694 | INFO | SimpleStrategy | combined: 收到行情, PX508.CZCE
2025-06-11 13:48:51.694 | INFO | SimpleStrategy | combined: 收到行情, PX508.CZCE
2025-06-11 13:48:51.694 | INFO | SimpleStrategy | combined: 收到行情, PX509.CZCE
2025-06-11 13:48:51.694 | INFO | SimpleStrategy | combined: 收到行情, PX509.CZCE
2025-06-11 13:48:51.860 | INFO | SimpleStrategy | combined: 收到行情, AP510.CZCE
2025-06-11 13:48:51.860 | INFO | SimpleStrategy | combined: 收到行情, AP510.CZCE
2025-06-11 13:48:51.863 | INFO | SimpleStrategy | combined: 收到行情, AP511.CZCE
2025-06-11 13:48:51.863 | INFO | SimpleStrategy | combined: 收到行情, AP511.CZCE
2025-06-11 13:48:51.864 | INFO | SimpleStrategy | combined: 收到行情, MA508.CZCE
2025-06-11 13:48:51.864 | INFO | SimpleStrategy | combined: 收到行情, MA508.CZCE
2025-06-11 13:48:51.864 | INFO | SimpleStrategy | combined: 收到行情, OI507.CZCE
2025-06-11 13:48:51.864 | INFO | SimpleStrategy | combined: 收到行情, OI507.CZCE
2025-06-11 13:48:51.864 | INFO | SimpleStrategy | combined: 收到行情, OI509.CZCE
2025-06-11 13:48:51.864 | INFO | SimpleStrategy | combined: 收到行情, OI509.CZCE
2025-06-11 13:52:14.193 | INFO |  | 连接CTP接口
2025-06-11 13:52:14.193 | INFO |  | 等待CTP接口登录
2025-06-11 13:52:14.193 | INFO | TTS | 交易服务器连接成功
2025-06-11 13:52:14.194 | INFO | TTS | 行情服务器连接成功
2025-06-11 13:52:14.302 | INFO | TTS | 行情服务器登录成功
2025-06-11 13:52:14.327 | INFO | TTS | 交易服务器登录成功
2025-06-11 13:52:14.328 | INFO | TTS | 结算信息确认成功
2025-06-11 13:52:15.193 | INFO |  | 等待CTP合约信息初始化
2025-06-11 13:52:16.280 | INFO |  | 等待CTP合约信息初始化
2025-06-11 13:52:17.257 | INFO |  | 等待CTP合约信息初始化
2025-06-11 13:52:18.257 | INFO |  | 等待CTP合约信息初始化
2025-06-11 13:52:19.257 | INFO |  | 等待CTP合约信息初始化
2025-06-11 13:52:20.257 | INFO |  | 等待CTP合约信息初始化
2025-06-11 13:52:21.258 | INFO |  | 等待CTP合约信息初始化
2025-06-11 13:52:22.258 | INFO |  | 等待CTP合约信息初始化
2025-06-11 13:52:23.266 | INFO |  | 等待CTP合约信息初始化
2025-06-11 13:52:24.269 | INFO |  | 等待CTP合约信息初始化
2025-06-11 13:52:25.277 | INFO |  | 等待CTP合约信息初始化
2025-06-11 13:52:26.288 | INFO |  | 等待CTP合约信息初始化
2025-06-11 13:52:27.296 | INFO |  | 等待CTP合约信息初始化
2025-06-11 13:52:28.304 | INFO |  | 等待CTP合约信息初始化
2025-06-11 13:52:28.974 | INFO | TTS | 合约信息查询成功
2025-06-11 13:52:29.305 | INFO |  | 主引擎创建成功
2025-06-11 13:52:29.599 | INFO | SimpleStrategy | 数据服务初始化成功
2025-06-11 13:52:29.600 | INFO | SimpleStrategy | 尝试从 C:\vnpy\udt\udt\strategies 加载策略类
2025-06-11 13:52:29.783 | INFO | SimpleStrategy | 组合策略引擎初始化成功
2025-06-11 13:52:29.785 | INFO | SimpleStrategy | 已加载策略: ['Combined']
2025-06-11 13:52:29.785 | INFO | SimpleStrategy | combined 开始执行初始化
2025-06-11 13:52:31.624 | INFO | SimpleStrategy | combined:    product       exchange      symbol        vt_symbol  price_tick  ... underlying_vt_symbol      option_type remained_trading date_rank product_type
0       AP  Exchange.CZCE  AP510C6400  AP510C6400.CZCE         0.5  ...           AP510.CZCE  OptionType.CALL               55       1.0       AP看涨期权
1       AP  Exchange.CZCE  AP510C6500  AP510C6500.CZCE         0.5  ...           AP510.CZCE  OptionType.CALL               55       1.0       AP看涨期权
2       AP  Exchange.CZCE  AP510C6600  AP510C6600.CZCE         0.5  ...           AP510.CZCE  OptionType.CALL               55       1.0       AP看涨期权
3       AP  Exchange.CZCE  AP510C6700  AP510C6700.CZCE         0.5  ...           AP510.CZCE  OptionType.CALL               55       1.0       AP看涨期权
4       AP  Exchange.CZCE  AP510C6800  AP510C6800.CZCE         0.5  ...           AP510.CZCE  OptionType.CALL               55       1.0       AP看涨期权
5       AP  Exchange.CZCE  AP510C6900  AP510C6900.CZCE         0.5  ...           AP510.CZCE  OptionType.CALL               55       1.0       AP看涨期权
6       AP  Exchange.CZCE  AP510C7000  AP510C7000.CZCE         0.5  ...           AP510.CZCE  OptionType.CALL               55       1.0       AP看涨期权
7       AP  Exchange.CZCE  AP510C7100  AP510C7100.CZCE         0.5  ...           AP510.CZCE  OptionType.CALL               55       1.0       AP看涨期权
8       AP  Exchange.CZCE  AP510C7200  AP510C7200.CZCE         0.5  ...           AP510.CZCE  OptionType.CALL               55       1.0       AP看涨期权
9       AP  Exchange.CZCE  AP510C7300  AP510C7300.CZCE         0.5  ...           AP510.CZCE  OptionType.CALL               55       1.0       AP看涨期权
10      AP  Exchange.CZCE  AP510C7400  AP510C7400.CZCE         0.5  ...           AP510.CZCE  OptionType.CALL               55       1.0       AP看涨期权
11      AP  Exchange.CZCE  AP510C7500  AP510C7500.CZCE         0.5  ...           AP510.CZCE  OptionType.CALL               55       1.0       AP看涨期权
12      AP  Exchange.CZCE  AP510C7600  AP510C7600.CZCE         0.5  ...           AP510.CZCE  OptionType.CALL               55       1.0       AP看涨期权
13      AP  Exchange.CZCE  AP510C7700  AP510C7700.CZCE         0.5  ...           AP510.CZCE  OptionType.CALL               55       1.0       AP看涨期权
14      AP  Exchange.CZCE  AP510C7800  AP510C7800.CZCE         0.5  ...           AP510.CZCE  OptionType.CALL               55       1.0       AP看涨期权
15      AP  Exchange.CZCE  AP510C7900  AP510C7900.CZCE         0.5  ...           AP510.CZCE  OptionType.CALL               55       1.0       AP看涨期权
16      AP  Exchange.CZCE  AP510C8000  AP510C8000.CZCE         0.5  ...           AP510.CZCE  OptionType.CALL               55       1.0       AP看涨期权
17      AP  Exchange.CZCE  AP510C8100  AP510C8100.CZCE         0.5  ...           AP510.CZCE  OptionType.CALL               55       1.0       AP看涨期权
18      AP  Exchange.CZCE  AP510C8200  AP510C8200.CZCE         0.5  ...           AP510.CZCE  OptionType.CALL               55       1.0       AP看涨期权
19      AP  Exchange.CZCE  AP510C8300  AP510C8300.CZCE         0.5  ...           AP510.CZCE  OptionType.CALL               55       1.0       AP看涨期权
20      AP  Exchange.CZCE  AP510C8400  AP510C8400.CZCE         0.5  ...           AP510.CZCE  OptionType.CALL               55       1.0       AP看涨期权
21      AP  Exchange.CZCE  AP510C8500  AP510C8500.CZCE         0.5  ...           AP510.CZCE  OptionType.CALL               55       1.0       AP看涨期权
22      AP  Exchange.CZCE  AP510C8600  AP510C8600.CZCE         0.5  ...           AP510.CZCE  OptionType.CALL               55       1.0       AP看涨期权
23      AP  Exchange.CZCE  AP510C8700  AP510C8700.CZCE         0.5  ...           AP510.CZCE  OptionType.CALL               55       1.0       AP看涨期权
24      AP  Exchange.CZCE  AP510C8800  AP510C8800.CZCE         0.5  ...           AP510.CZCE  OptionType.CALL               55       1.0       AP看涨期权
25      AP  Exchange.CZCE  AP510C8900  AP510C8900.CZCE         0.5  ...           AP510.CZCE  OptionType.CALL               55       1.0       AP看涨期权
26      AP  Exchange.CZCE  AP510C9000  AP510C9000.CZCE         0.5  ...           AP510.CZCE  OptionType.CALL               55       1.0       AP看涨期权
27      AP  Exchange.CZCE  AP510C9100  AP510C9100.CZCE         0.5  ...           AP510.CZCE  OptionType.CALL               55       1.0       AP看涨期权
28      AP  Exchange.CZCE  AP510C9200  AP510C9200.CZCE         0.5  ...           AP510.CZCE  OptionType.CALL               55       1.0       AP看涨期权
29      AP  Exchange.CZCE  AP510P6400  AP510P6400.CZCE         0.5  ...           AP510.CZCE   OptionType.PUT               55       1.0       AP看跌期权

[30 rows x 13 columns]
2025-06-11 13:52:31.625 | INFO | SimpleStrategy | combined: 策略已初始化
2025-06-11 13:52:31.625 | INFO | SimpleStrategy | combined 初始化完成
2025-06-11 13:52:31.625 | INFO | SimpleStrategy | combined: 策略已启动
2025-06-11 13:52:31.625 | INFO |  | 当前账号的所有订单信息:
2025-06-11 13:52:31.625 | INFO |  | 当前账号的所有成交信息:
2025-06-11 13:52:31.625 | INFO |  | 当前账号的所有持仓信息:
2025-06-11 13:52:31.626 | INFO |  | vt_symbol=ao2507C3100.SHFE, volume=18, frozen=0, vt_positionid=TTS.ao2507C3100.SHFE.多 @22.0
2025-06-11 13:52:31.626 | INFO |  | 当前账号的账户信息:
2025-06-11 13:52:31.626 | INFO |  | vt_accountid=TTS.12821, balance=9972058.93, frozen=0.0, available=9964138.93
2025-06-11 13:52:31.668 | INFO | SimpleStrategy | combined: 收到行情, AP510C6400.CZCE
2025-06-11 13:52:31.669 | INFO | SimpleStrategy | combined: 收到行情, AP510C6400.CZCE
2025-06-11 13:52:31.669 | INFO | SimpleStrategy | combined: 收到行情, AP510C6500.CZCE
2025-06-11 13:52:31.669 | INFO | SimpleStrategy | combined: 收到行情, AP510C6500.CZCE
2025-06-11 13:52:31.669 | INFO | SimpleStrategy | combined: 收到行情, AP510C6600.CZCE
2025-06-11 13:52:31.669 | INFO | SimpleStrategy | combined: 收到行情, AP510C6600.CZCE
2025-06-11 13:52:31.669 | INFO | SimpleStrategy | combined: 收到行情, AP510C6700.CZCE
2025-06-11 13:52:31.669 | INFO | SimpleStrategy | combined: 收到行情, AP510C6700.CZCE
2025-06-11 13:52:31.669 | INFO | SimpleStrategy | combined: 收到行情, AP510C6800.CZCE
2025-06-11 13:52:31.669 | INFO | SimpleStrategy | combined: 收到行情, AP510C6800.CZCE
2025-06-11 13:52:31.669 | INFO | SimpleStrategy | combined: 收到行情, AP510C6900.CZCE
2025-06-11 13:52:31.670 | INFO | SimpleStrategy | combined: 收到行情, AP510C6900.CZCE
2025-06-11 13:52:31.670 | INFO | SimpleStrategy | combined: 收到行情, AP510C7000.CZCE
2025-06-11 13:52:31.670 | INFO | SimpleStrategy | combined: 收到行情, AP510C7000.CZCE
2025-06-11 13:52:31.670 | INFO | SimpleStrategy | combined: 收到行情, AP510C7100.CZCE
2025-06-11 13:52:31.670 | INFO | SimpleStrategy | combined: 收到行情, AP510C7100.CZCE
2025-06-11 13:52:31.670 | INFO | SimpleStrategy | combined: 收到行情, AP510C7200.CZCE
2025-06-11 13:52:31.670 | INFO | SimpleStrategy | combined: 收到行情, AP510C7200.CZCE
2025-06-11 13:52:31.670 | INFO | SimpleStrategy | combined: 收到行情, AP510C7300.CZCE
2025-06-11 13:52:31.670 | INFO | SimpleStrategy | combined: 收到行情, AP510C7300.CZCE
2025-06-11 13:52:31.670 | INFO | SimpleStrategy | combined: 收到行情, AP510C7400.CZCE
2025-06-11 13:52:31.670 | INFO | SimpleStrategy | combined: 收到行情, AP510C7400.CZCE
2025-06-11 13:52:31.670 | INFO | SimpleStrategy | combined: 收到行情, AP510C7500.CZCE
2025-06-11 13:52:31.670 | INFO | SimpleStrategy | combined: 收到行情, AP510C7500.CZCE
2025-06-11 13:52:31.713 | INFO | SimpleStrategy | combined: 收到行情, AP510C7600.CZCE
2025-06-11 13:52:31.713 | INFO | SimpleStrategy | combined: 收到行情, AP510C7600.CZCE
2025-06-11 13:52:31.713 | INFO | SimpleStrategy | combined: 收到行情, AP510C7700.CZCE
2025-06-11 13:52:31.713 | INFO | SimpleStrategy | combined: 收到行情, AP510C7700.CZCE
2025-06-11 13:52:31.713 | INFO | SimpleStrategy | combined: 收到行情, AP510C7800.CZCE
2025-06-11 13:52:31.713 | INFO | SimpleStrategy | combined: 收到行情, AP510C7800.CZCE
2025-06-11 13:52:31.714 | INFO | SimpleStrategy | combined: 收到行情, AP510C7900.CZCE
2025-06-11 13:52:31.714 | INFO | SimpleStrategy | combined: 收到行情, AP510C7900.CZCE
2025-06-11 13:52:31.714 | INFO | SimpleStrategy | combined: 收到行情, AP510C8000.CZCE
2025-06-11 13:52:31.714 | INFO | SimpleStrategy | combined: 收到行情, AP510C8000.CZCE
2025-06-11 13:52:31.714 | INFO | SimpleStrategy | combined: 收到行情, AP510C8100.CZCE
2025-06-11 13:52:31.714 | INFO | SimpleStrategy | combined: 收到行情, AP510C8100.CZCE
2025-06-11 13:52:31.714 | INFO | SimpleStrategy | combined: 收到行情, AP510C8200.CZCE
2025-06-11 13:52:31.714 | INFO | SimpleStrategy | combined: 收到行情, AP510C8200.CZCE
2025-06-11 13:52:31.714 | INFO | SimpleStrategy | combined: 收到行情, AP510C8300.CZCE
2025-06-11 13:52:31.714 | INFO | SimpleStrategy | combined: 收到行情, AP510C8300.CZCE
2025-06-11 13:52:31.714 | INFO | SimpleStrategy | combined: 收到行情, AP510C8400.CZCE
2025-06-11 13:52:31.714 | INFO | SimpleStrategy | combined: 收到行情, AP510C8400.CZCE
2025-06-11 13:52:31.714 | INFO | SimpleStrategy | combined: 收到行情, AP510C8500.CZCE
2025-06-11 13:52:31.714 | INFO | SimpleStrategy | combined: 收到行情, AP510C8500.CZCE
2025-06-11 13:52:31.714 | INFO | SimpleStrategy | combined: 收到行情, AP510C8600.CZCE
2025-06-11 13:52:31.714 | INFO | SimpleStrategy | combined: 收到行情, AP510C8600.CZCE
2025-06-11 13:52:31.714 | INFO | SimpleStrategy | combined: 收到行情, AP510C8700.CZCE
2025-06-11 13:52:31.714 | INFO | SimpleStrategy | combined: 收到行情, AP510C8700.CZCE
2025-06-11 13:52:31.714 | INFO | SimpleStrategy | combined: 收到行情, AP510C8800.CZCE
2025-06-11 13:52:31.714 | INFO | SimpleStrategy | combined: 收到行情, AP510C8800.CZCE
2025-06-11 13:52:31.716 | INFO | SimpleStrategy | combined: 收到行情, AP510C8900.CZCE
2025-06-11 13:52:31.716 | INFO | SimpleStrategy | combined: 收到行情, AP510C8900.CZCE
2025-06-11 13:52:31.716 | INFO | SimpleStrategy | combined: 收到行情, AP510C9000.CZCE
2025-06-11 13:52:31.716 | INFO | SimpleStrategy | combined: 收到行情, AP510C9000.CZCE
2025-06-11 13:52:31.716 | INFO | SimpleStrategy | combined: 收到行情, AP510C9100.CZCE
2025-06-11 13:52:31.716 | INFO | SimpleStrategy | combined: 收到行情, AP510C9100.CZCE
2025-06-11 13:52:31.716 | INFO | SimpleStrategy | combined: 收到行情, AP510C9200.CZCE
2025-06-11 13:52:31.716 | INFO | SimpleStrategy | combined: 收到行情, AP510C9200.CZCE
2025-06-11 13:52:31.716 | INFO | SimpleStrategy | combined: 收到行情, AP510P6400.CZCE
2025-06-11 13:52:31.716 | INFO | SimpleStrategy | combined: 收到行情, AP510P6400.CZCE
2025-06-11 13:52:31.716 | INFO | SimpleStrategy | combined: 收到行情, AP510P6500.CZCE
2025-06-11 13:52:31.716 | INFO | SimpleStrategy | combined: 收到行情, AP510P6500.CZCE
2025-06-11 13:52:31.716 | INFO | SimpleStrategy | combined: 收到行情, AP510P6600.CZCE
2025-06-11 13:52:31.716 | INFO | SimpleStrategy | combined: 收到行情, AP510P6600.CZCE
2025-06-11 13:52:31.716 | INFO | SimpleStrategy | combined: 收到行情, AP510P6700.CZCE
2025-06-11 13:52:31.716 | INFO | SimpleStrategy | combined: 收到行情, AP510P6700.CZCE
2025-06-11 13:52:31.716 | INFO | SimpleStrategy | combined: 收到行情, AP510P6800.CZCE
2025-06-11 13:52:31.716 | INFO | SimpleStrategy | combined: 收到行情, AP510P6800.CZCE
2025-06-11 13:52:31.716 | INFO | SimpleStrategy | combined: 收到行情, AP510P6900.CZCE
2025-06-11 13:52:31.716 | INFO | SimpleStrategy | combined: 收到行情, AP510P6900.CZCE
2025-06-11 13:52:31.716 | INFO | SimpleStrategy | combined: 收到行情, AP510P7000.CZCE
2025-06-11 13:52:31.716 | INFO | SimpleStrategy | combined: 收到行情, AP510P7000.CZCE
2025-06-11 13:52:31.716 | INFO | SimpleStrategy | combined: 收到行情, AP510P7100.CZCE
2025-06-11 13:52:31.716 | INFO | SimpleStrategy | combined: 收到行情, AP510P7100.CZCE
2025-06-11 13:52:31.716 | INFO | SimpleStrategy | combined: 收到行情, AP510P7200.CZCE
2025-06-11 13:52:31.716 | INFO | SimpleStrategy | combined: 收到行情, AP510P7200.CZCE
2025-06-11 13:52:31.762 | INFO | SimpleStrategy | combined: 收到行情, AP510P7300.CZCE
2025-06-11 13:52:31.762 | INFO | SimpleStrategy | combined: 收到行情, AP510P7300.CZCE
2025-06-11 13:52:31.762 | INFO | SimpleStrategy | combined: 收到行情, AP510P7400.CZCE
2025-06-11 13:52:31.763 | INFO | SimpleStrategy | combined: 收到行情, AP510P7400.CZCE
2025-06-11 13:52:31.763 | INFO | SimpleStrategy | combined: 收到行情, AP510P7500.CZCE
2025-06-11 13:52:31.763 | INFO | SimpleStrategy | combined: 收到行情, AP510P7500.CZCE
2025-06-11 13:52:31.763 | INFO | SimpleStrategy | combined: 收到行情, AP510P7600.CZCE
2025-06-11 13:52:31.763 | INFO | SimpleStrategy | combined: 收到行情, AP510P7600.CZCE
2025-06-11 13:52:31.763 | INFO | SimpleStrategy | combined: 收到行情, AP510P7700.CZCE
2025-06-11 13:52:31.763 | INFO | SimpleStrategy | combined: 收到行情, AP510P7700.CZCE
2025-06-11 13:52:31.763 | INFO | SimpleStrategy | combined: 收到行情, AP510P7800.CZCE
2025-06-11 13:52:31.763 | INFO | SimpleStrategy | combined: 收到行情, AP510P7800.CZCE
2025-06-11 13:52:31.763 | INFO | SimpleStrategy | combined: 收到行情, AP510P7900.CZCE
2025-06-11 13:52:31.763 | INFO | SimpleStrategy | combined: 收到行情, AP510P7900.CZCE
2025-06-11 13:52:31.763 | INFO | SimpleStrategy | combined: 收到行情, AP510P8000.CZCE
2025-06-11 13:52:31.763 | INFO | SimpleStrategy | combined: 收到行情, AP510P8000.CZCE
2025-06-11 13:52:31.765 | INFO | SimpleStrategy | combined: 收到行情, AP510P8100.CZCE
2025-06-11 13:52:31.765 | INFO | SimpleStrategy | combined: 收到行情, AP510P8100.CZCE
2025-06-11 13:52:31.765 | INFO | SimpleStrategy | combined: 收到行情, AP510P8200.CZCE
2025-06-11 13:52:31.765 | INFO | SimpleStrategy | combined: 收到行情, AP510P8200.CZCE
2025-06-11 13:52:31.765 | INFO | SimpleStrategy | combined: 收到行情, AP510P8300.CZCE
2025-06-11 13:52:31.765 | INFO | SimpleStrategy | combined: 收到行情, AP510P8300.CZCE
2025-06-11 13:52:31.765 | INFO | SimpleStrategy | combined: 收到行情, AP510P8400.CZCE
2025-06-11 13:52:31.765 | INFO | SimpleStrategy | combined: 收到行情, AP510P8400.CZCE
2025-06-11 13:52:31.765 | INFO | SimpleStrategy | combined: 收到行情, AP510P8500.CZCE
2025-06-11 13:52:31.765 | INFO | SimpleStrategy | combined: 收到行情, AP510P8500.CZCE
2025-06-11 13:52:31.765 | INFO | SimpleStrategy | combined: 收到行情, AP510P8600.CZCE
2025-06-11 13:52:31.765 | INFO | SimpleStrategy | combined: 收到行情, AP510P8600.CZCE
2025-06-11 13:52:31.765 | INFO | SimpleStrategy | combined: 收到行情, AP510P8700.CZCE
2025-06-11 13:52:31.765 | INFO | SimpleStrategy | combined: 收到行情, AP510P8700.CZCE
2025-06-11 13:52:31.765 | INFO | SimpleStrategy | combined: 收到行情, AP510P8800.CZCE
2025-06-11 13:52:31.765 | INFO | SimpleStrategy | combined: 收到行情, AP510P8800.CZCE
2025-06-11 13:52:31.765 | INFO | SimpleStrategy | combined: 收到行情, AP510P8900.CZCE
2025-06-11 13:52:31.765 | INFO | SimpleStrategy | combined: 收到行情, AP510P8900.CZCE
2025-06-11 13:52:31.765 | INFO | SimpleStrategy | combined: 收到行情, AP510P9000.CZCE
2025-06-11 13:52:31.765 | INFO | SimpleStrategy | combined: 收到行情, AP510P9000.CZCE
2025-06-11 13:52:31.765 | INFO | SimpleStrategy | combined: 收到行情, AP510P9100.CZCE
2025-06-11 13:52:31.766 | INFO | SimpleStrategy | combined: 收到行情, AP510P9100.CZCE
2025-06-11 13:52:31.766 | INFO | SimpleStrategy | combined: 收到行情, AP510P9200.CZCE
2025-06-11 13:52:31.766 | INFO | SimpleStrategy | combined: 收到行情, AP510P9200.CZCE
2025-06-11 13:52:31.766 | INFO | SimpleStrategy | combined: 收到行情, AP511C6300.CZCE
2025-06-11 13:52:31.766 | INFO | SimpleStrategy | combined: 收到行情, AP511C6300.CZCE
2025-06-11 13:52:31.766 | INFO | SimpleStrategy | combined: 收到行情, AP511C6400.CZCE
2025-06-11 13:52:31.766 | INFO | SimpleStrategy | combined: 收到行情, AP511C6400.CZCE
2025-06-11 13:52:31.766 | INFO | SimpleStrategy | combined: 收到行情, AP511C6500.CZCE
2025-06-11 13:52:31.766 | INFO | SimpleStrategy | combined: 收到行情, AP511C6500.CZCE
2025-06-11 13:52:31.766 | INFO | SimpleStrategy | combined: 收到行情, AP511C6600.CZCE
2025-06-11 13:52:31.766 | INFO | SimpleStrategy | combined: 收到行情, AP511C6600.CZCE
2025-06-11 13:52:31.766 | INFO | SimpleStrategy | combined: 收到行情, AP511C6700.CZCE
2025-06-11 13:52:31.766 | INFO | SimpleStrategy | combined: 收到行情, AP511C6700.CZCE
2025-06-11 13:52:31.766 | INFO | SimpleStrategy | combined: 收到行情, AP511C6800.CZCE
2025-06-11 13:52:31.766 | INFO | SimpleStrategy | combined: 收到行情, AP511C6800.CZCE
2025-06-11 13:52:31.766 | INFO | SimpleStrategy | combined: 收到行情, AP511C6900.CZCE
2025-06-11 13:52:31.767 | INFO | SimpleStrategy | combined: 收到行情, AP511C6900.CZCE
2025-06-11 13:52:31.767 | INFO | SimpleStrategy | combined: 收到行情, AP511C7000.CZCE
2025-06-11 13:52:31.767 | INFO | SimpleStrategy | combined: 收到行情, AP511C7000.CZCE
2025-06-11 13:52:31.767 | INFO | SimpleStrategy | combined: 收到行情, AP511C7100.CZCE
2025-06-11 13:52:31.767 | INFO | SimpleStrategy | combined: 收到行情, AP511C7100.CZCE
2025-06-11 13:52:31.767 | INFO | SimpleStrategy | combined: 收到行情, AP511C7200.CZCE
2025-06-11 13:52:31.767 | INFO | SimpleStrategy | combined: 收到行情, AP511C7200.CZCE
2025-06-11 13:52:31.767 | INFO | SimpleStrategy | combined: 收到行情, AP511C7300.CZCE
2025-06-11 13:52:31.767 | INFO | SimpleStrategy | combined: 收到行情, AP511C7300.CZCE
2025-06-11 13:52:31.767 | INFO | SimpleStrategy | combined: 收到行情, AP511C7400.CZCE
2025-06-11 13:52:31.767 | INFO | SimpleStrategy | combined: 收到行情, AP511C7400.CZCE
2025-06-11 13:52:31.767 | INFO | SimpleStrategy | combined: 收到行情, AP511C7500.CZCE
2025-06-11 13:52:31.767 | INFO | SimpleStrategy | combined: 收到行情, AP511C7500.CZCE
2025-06-11 13:52:31.767 | INFO | SimpleStrategy | combined: 收到行情, AP511C7600.CZCE
2025-06-11 13:52:31.768 | INFO | SimpleStrategy | combined: 收到行情, AP511C7600.CZCE
2025-06-11 13:52:31.768 | INFO | SimpleStrategy | combined: 收到行情, AP511C7700.CZCE
2025-06-11 13:52:31.768 | INFO | SimpleStrategy | combined: 收到行情, AP511C7700.CZCE
2025-06-11 13:52:31.768 | INFO | SimpleStrategy | combined: 收到行情, AP511C7800.CZCE
2025-06-11 13:52:31.768 | INFO | SimpleStrategy | combined: 收到行情, AP511C7800.CZCE
2025-06-11 13:52:31.768 | INFO | SimpleStrategy | combined: 收到行情, AP511C7900.CZCE
2025-06-11 13:52:31.768 | INFO | SimpleStrategy | combined: 收到行情, AP511C7900.CZCE
2025-06-11 13:52:31.768 | INFO | SimpleStrategy | combined: 收到行情, AP511C8000.CZCE
2025-06-11 13:52:31.768 | INFO | SimpleStrategy | combined: 收到行情, AP511C8000.CZCE
2025-06-11 13:52:31.768 | INFO | SimpleStrategy | combined: 收到行情, AP511C8100.CZCE
2025-06-11 13:52:31.768 | INFO | SimpleStrategy | combined: 收到行情, AP511C8100.CZCE
2025-06-11 13:52:31.768 | INFO | SimpleStrategy | combined: 收到行情, AP511C8200.CZCE
2025-06-11 13:52:31.768 | INFO | SimpleStrategy | combined: 收到行情, AP511C8200.CZCE
2025-06-11 13:52:31.768 | INFO | SimpleStrategy | combined: 收到行情, AP511C8300.CZCE
2025-06-11 13:52:31.768 | INFO | SimpleStrategy | combined: 收到行情, AP511C8300.CZCE
2025-06-11 13:52:31.768 | INFO | SimpleStrategy | combined: 收到行情, AP511C8400.CZCE
2025-06-11 13:52:31.768 | INFO | SimpleStrategy | combined: 收到行情, AP511C8400.CZCE
2025-06-11 13:52:31.768 | INFO | SimpleStrategy | combined: 收到行情, AP511C8500.CZCE
2025-06-11 13:52:31.769 | INFO | SimpleStrategy | combined: 收到行情, AP511C8500.CZCE
2025-06-11 13:52:31.769 | INFO | SimpleStrategy | combined: 收到行情, AP511C8600.CZCE
2025-06-11 13:52:31.769 | INFO | SimpleStrategy | combined: 收到行情, AP511C8600.CZCE
2025-06-11 13:52:31.769 | INFO | SimpleStrategy | combined: 收到行情, AP511C8700.CZCE
2025-06-11 13:52:31.769 | INFO | SimpleStrategy | combined: 收到行情, AP511C8700.CZCE
2025-06-11 13:52:31.769 | INFO | SimpleStrategy | combined: 收到行情, AP511C8800.CZCE
2025-06-11 13:52:31.769 | INFO | SimpleStrategy | combined: 收到行情, AP511C8800.CZCE
2025-06-11 13:52:31.769 | INFO | SimpleStrategy | combined: 收到行情, AP511C8900.CZCE
2025-06-11 13:52:31.770 | INFO | SimpleStrategy | combined: 收到行情, AP511C8900.CZCE
2025-06-11 13:52:31.770 | INFO | SimpleStrategy | combined: 收到行情, AP511C9000.CZCE
2025-06-11 13:52:31.770 | INFO | SimpleStrategy | combined: 收到行情, AP511C9000.CZCE
2025-06-11 13:52:31.770 | INFO | SimpleStrategy | combined: 收到行情, AP511P6300.CZCE
2025-06-11 13:52:31.770 | INFO | SimpleStrategy | combined: 收到行情, AP511P6300.CZCE
2025-06-11 13:52:31.771 | INFO | SimpleStrategy | combined: 收到行情, AP511P6400.CZCE
2025-06-11 13:52:31.771 | INFO | SimpleStrategy | combined: 收到行情, AP511P6400.CZCE
2025-06-11 13:52:31.771 | INFO | SimpleStrategy | combined: 收到行情, AP511P6500.CZCE
2025-06-11 13:52:31.771 | INFO | SimpleStrategy | combined: 收到行情, AP511P6500.CZCE
2025-06-11 13:52:31.820 | INFO | SimpleStrategy | combined: 收到行情, AP511P6600.CZCE
2025-06-11 13:52:31.820 | INFO | SimpleStrategy | combined: 收到行情, AP511P6600.CZCE
2025-06-11 13:52:31.821 | INFO | SimpleStrategy | combined: 收到行情, AP511P6700.CZCE
2025-06-11 13:52:31.821 | INFO | SimpleStrategy | combined: 收到行情, AP511P6700.CZCE
2025-06-11 13:52:31.821 | INFO | SimpleStrategy | combined: 收到行情, AP511P6800.CZCE
2025-06-11 13:52:31.821 | INFO | SimpleStrategy | combined: 收到行情, AP511P6800.CZCE
2025-06-11 13:52:31.821 | INFO | SimpleStrategy | combined: 收到行情, AP511P6900.CZCE
2025-06-11 13:52:31.821 | INFO | SimpleStrategy | combined: 收到行情, AP511P6900.CZCE
2025-06-11 13:52:31.821 | INFO | SimpleStrategy | combined: 收到行情, AP511P7000.CZCE
2025-06-11 13:52:31.822 | INFO | SimpleStrategy | combined: 收到行情, AP511P7000.CZCE
2025-06-11 13:52:31.822 | INFO | SimpleStrategy | combined: 收到行情, AP511P7100.CZCE
2025-06-11 13:52:31.822 | INFO | SimpleStrategy | combined: 收到行情, AP511P7100.CZCE
2025-06-11 13:52:31.822 | INFO | SimpleStrategy | combined: 收到行情, AP511P7200.CZCE
2025-06-11 13:52:31.822 | INFO | SimpleStrategy | combined: 收到行情, AP511P7200.CZCE
2025-06-11 13:52:31.822 | INFO | SimpleStrategy | combined: 收到行情, AP511P7300.CZCE
2025-06-11 13:52:31.822 | INFO | SimpleStrategy | combined: 收到行情, AP511P7300.CZCE
2025-06-11 13:52:31.822 | INFO | SimpleStrategy | combined: 收到行情, AP511P7400.CZCE
2025-06-11 13:52:31.822 | INFO | SimpleStrategy | combined: 收到行情, AP511P7400.CZCE
2025-06-11 13:52:31.822 | INFO | SimpleStrategy | combined: 收到行情, AP511P7500.CZCE
2025-06-11 13:52:31.822 | INFO | SimpleStrategy | combined: 收到行情, AP511P7500.CZCE
2025-06-11 13:52:31.822 | INFO | SimpleStrategy | combined: 收到行情, AP511P7600.CZCE
2025-06-11 13:52:31.822 | INFO | SimpleStrategy | combined: 收到行情, AP511P7600.CZCE
2025-06-11 13:52:31.822 | INFO | SimpleStrategy | combined: 收到行情, AP511P7700.CZCE
2025-06-11 13:52:31.822 | INFO | SimpleStrategy | combined: 收到行情, AP511P7700.CZCE
2025-06-11 13:52:31.822 | INFO | SimpleStrategy | combined: 收到行情, AP511P7800.CZCE
2025-06-11 13:52:31.823 | INFO | SimpleStrategy | combined: 收到行情, AP511P7800.CZCE
2025-06-11 13:52:31.823 | INFO | SimpleStrategy | combined: 收到行情, AP511P7900.CZCE
2025-06-11 13:52:31.823 | INFO | SimpleStrategy | combined: 收到行情, AP511P7900.CZCE
2025-06-11 13:52:31.823 | INFO | SimpleStrategy | combined: 收到行情, AP511P8000.CZCE
2025-06-11 13:52:31.823 | INFO | SimpleStrategy | combined: 收到行情, AP511P8000.CZCE
2025-06-11 13:52:31.823 | INFO | SimpleStrategy | combined: 收到行情, AP511P8100.CZCE
2025-06-11 13:52:31.823 | INFO | SimpleStrategy | combined: 收到行情, AP511P8100.CZCE
2025-06-11 13:52:31.823 | INFO | SimpleStrategy | combined: 收到行情, AP511P8200.CZCE
2025-06-11 13:52:31.823 | INFO | SimpleStrategy | combined: 收到行情, AP511P8200.CZCE
2025-06-11 13:52:31.823 | INFO | SimpleStrategy | combined: 收到行情, AP511P8300.CZCE
2025-06-11 13:52:31.823 | INFO | SimpleStrategy | combined: 收到行情, AP511P8300.CZCE
2025-06-11 13:52:31.823 | INFO | SimpleStrategy | combined: 收到行情, AP511P8400.CZCE
2025-06-11 13:52:31.823 | INFO | SimpleStrategy | combined: 收到行情, AP511P8400.CZCE
2025-06-11 13:52:31.823 | INFO | SimpleStrategy | combined: 收到行情, AP511P8500.CZCE
2025-06-11 13:52:31.823 | INFO | SimpleStrategy | combined: 收到行情, AP511P8500.CZCE
2025-06-11 13:52:31.824 | INFO | SimpleStrategy | combined: 收到行情, AP511P8600.CZCE
2025-06-11 13:52:31.824 | INFO | SimpleStrategy | combined: 收到行情, AP511P8600.CZCE
2025-06-11 13:52:31.824 | INFO | SimpleStrategy | combined: 收到行情, AP511P8700.CZCE
2025-06-11 13:52:31.824 | INFO | SimpleStrategy | combined: 收到行情, AP511P8700.CZCE
2025-06-11 13:52:31.824 | INFO | SimpleStrategy | combined: 收到行情, AP511P8800.CZCE
2025-06-11 13:52:31.824 | INFO | SimpleStrategy | combined: 收到行情, AP511P8800.CZCE
2025-06-11 13:52:31.824 | INFO | SimpleStrategy | combined: 收到行情, AP511P8900.CZCE
2025-06-11 13:52:31.824 | INFO | SimpleStrategy | combined: 收到行情, AP511P8900.CZCE
2025-06-11 13:52:31.824 | INFO | SimpleStrategy | combined: 收到行情, AP511P9000.CZCE
2025-06-11 13:52:31.824 | INFO | SimpleStrategy | combined: 收到行情, AP511P9000.CZCE
2025-06-11 13:52:31.824 | INFO | SimpleStrategy | combined: 收到行情, CF507C10800.CZCE
2025-06-11 13:52:31.824 | INFO | SimpleStrategy | combined: 收到行情, CF507C10800.CZCE
2025-06-11 13:52:31.824 | INFO | SimpleStrategy | combined: 收到行情, CF507C11000.CZCE
2025-06-11 13:52:31.824 | INFO | SimpleStrategy | combined: 收到行情, CF507C11000.CZCE
2025-06-11 13:52:31.824 | INFO | SimpleStrategy | combined: 收到行情, CF507C11200.CZCE
2025-06-11 13:52:31.824 | INFO | SimpleStrategy | combined: 收到行情, CF507C11200.CZCE
2025-06-11 13:52:31.825 | INFO | SimpleStrategy | combined: 收到行情, CF507C11400.CZCE
2025-06-11 13:52:31.825 | INFO | SimpleStrategy | combined: 收到行情, CF507C11400.CZCE
2025-06-11 13:52:31.825 | INFO | SimpleStrategy | combined: 收到行情, CF507C11600.CZCE
2025-06-11 13:52:31.825 | INFO | SimpleStrategy | combined: 收到行情, CF507C11600.CZCE
2025-06-11 13:52:31.825 | INFO | SimpleStrategy | combined: 收到行情, CF507C11800.CZCE
2025-06-11 13:52:31.825 | INFO | SimpleStrategy | combined: 收到行情, CF507C11800.CZCE
2025-06-11 13:52:31.825 | INFO | SimpleStrategy | combined: 收到行情, CF507C12000.CZCE
2025-06-11 13:52:31.825 | INFO | SimpleStrategy | combined: 收到行情, CF507C12000.CZCE
2025-06-11 13:52:31.825 | INFO | SimpleStrategy | combined: 收到行情, CF507C12200.CZCE
2025-06-11 13:52:31.825 | INFO | SimpleStrategy | combined: 收到行情, CF507C12200.CZCE
2025-06-11 13:52:31.825 | INFO | SimpleStrategy | combined: 收到行情, CF507C12400.CZCE
2025-06-11 13:52:31.825 | INFO | SimpleStrategy | combined: 收到行情, CF507C12400.CZCE
2025-06-11 13:52:31.825 | INFO | SimpleStrategy | combined: 收到行情, CF507C12600.CZCE
2025-06-11 13:52:31.825 | INFO | SimpleStrategy | combined: 收到行情, CF507C12600.CZCE
2025-06-11 13:52:31.825 | INFO | SimpleStrategy | combined: 收到行情, CF507C12800.CZCE
2025-06-11 13:52:31.826 | INFO | SimpleStrategy | combined: 收到行情, CF507C12800.CZCE
2025-06-11 13:52:31.826 | INFO | SimpleStrategy | combined: 收到行情, CF507C13000.CZCE
2025-06-11 13:52:31.826 | INFO | SimpleStrategy | combined: 收到行情, CF507C13000.CZCE
2025-06-11 13:52:31.826 | INFO | SimpleStrategy | combined: 收到行情, CF507C13200.CZCE
2025-06-11 13:52:31.826 | INFO | SimpleStrategy | combined: 收到行情, CF507C13200.CZCE
2025-06-11 13:52:31.826 | INFO | SimpleStrategy | combined: 收到行情, CF507C13400.CZCE
2025-06-11 13:52:31.826 | INFO | SimpleStrategy | combined: 收到行情, CF507C13400.CZCE
2025-06-11 13:52:31.826 | INFO | SimpleStrategy | combined: 收到行情, CF507C13600.CZCE
2025-06-11 13:52:31.826 | INFO | SimpleStrategy | combined: 收到行情, CF507C13600.CZCE
2025-06-11 13:52:31.826 | INFO | SimpleStrategy | combined: 收到行情, CF507C13800.CZCE
2025-06-11 13:52:31.826 | INFO | SimpleStrategy | combined: 收到行情, CF507C13800.CZCE
2025-06-11 13:52:31.827 | INFO | SimpleStrategy | combined: 收到行情, CF507C14000.CZCE
2025-06-11 13:52:31.827 | INFO | SimpleStrategy | combined: 收到行情, CF507C14000.CZCE
2025-06-11 13:52:31.827 | INFO | SimpleStrategy | combined: 收到行情, CF507C14200.CZCE
2025-06-11 13:52:31.827 | INFO | SimpleStrategy | combined: 收到行情, CF507C14200.CZCE
2025-06-11 13:52:31.827 | INFO | SimpleStrategy | combined: 收到行情, CF507C14400.CZCE
2025-06-11 13:52:31.827 | INFO | SimpleStrategy | combined: 收到行情, CF507C14400.CZCE
2025-06-11 13:52:31.827 | INFO | SimpleStrategy | combined: 收到行情, CF507C14600.CZCE
2025-06-11 13:52:31.827 | INFO | SimpleStrategy | combined: 收到行情, CF507C14600.CZCE
2025-06-11 13:52:31.827 | INFO | SimpleStrategy | combined: 收到行情, CF507C14800.CZCE
2025-06-11 13:52:31.827 | INFO | SimpleStrategy | combined: 收到行情, CF507C14800.CZCE
2025-06-11 13:52:31.827 | INFO | SimpleStrategy | combined: 收到行情, CF507C15000.CZCE
2025-06-11 13:52:31.827 | INFO | SimpleStrategy | combined: 收到行情, CF507C15000.CZCE
2025-06-11 13:52:31.827 | INFO | SimpleStrategy | combined: 收到行情, CF507C15200.CZCE
2025-06-11 13:52:31.827 | INFO | SimpleStrategy | combined: 收到行情, CF507C15200.CZCE
2025-06-11 13:52:31.827 | INFO | SimpleStrategy | combined: 收到行情, CF507P10800.CZCE
2025-06-11 13:52:31.828 | INFO | SimpleStrategy | combined: 收到行情, CF507P10800.CZCE
2025-06-11 13:52:31.828 | INFO | SimpleStrategy | combined: 收到行情, CF507P11000.CZCE
2025-06-11 13:52:31.828 | INFO | SimpleStrategy | combined: 收到行情, CF507P11000.CZCE
2025-06-11 13:52:31.828 | INFO | SimpleStrategy | combined: 收到行情, CF507P11200.CZCE
2025-06-11 13:52:31.828 | INFO | SimpleStrategy | combined: 收到行情, CF507P11200.CZCE
2025-06-11 13:52:31.828 | INFO | SimpleStrategy | combined: 收到行情, CF507P11400.CZCE
2025-06-11 13:52:31.828 | INFO | SimpleStrategy | combined: 收到行情, CF507P11400.CZCE
2025-06-11 13:52:31.828 | INFO | SimpleStrategy | combined: 收到行情, CF507P11600.CZCE
2025-06-11 13:52:31.828 | INFO | SimpleStrategy | combined: 收到行情, CF507P11600.CZCE
2025-06-11 13:52:31.828 | INFO | SimpleStrategy | combined: 收到行情, CF507P11800.CZCE
2025-06-11 13:52:31.828 | INFO | SimpleStrategy | combined: 收到行情, CF507P11800.CZCE
2025-06-11 13:52:31.829 | INFO | SimpleStrategy | combined: 收到行情, CF507P12000.CZCE
2025-06-11 13:52:31.829 | INFO | SimpleStrategy | combined: 收到行情, CF507P12000.CZCE
2025-06-11 13:52:31.829 | INFO | SimpleStrategy | combined: 收到行情, CF507P12200.CZCE
2025-06-11 13:52:31.829 | INFO | SimpleStrategy | combined: 收到行情, CF507P12200.CZCE
2025-06-11 13:52:31.829 | INFO | SimpleStrategy | combined: 收到行情, CF507P12400.CZCE
2025-06-11 13:52:31.829 | INFO | SimpleStrategy | combined: 收到行情, CF507P12400.CZCE
2025-06-11 13:52:31.829 | INFO | SimpleStrategy | combined: 收到行情, CF507P12600.CZCE
2025-06-11 13:52:31.829 | INFO | SimpleStrategy | combined: 收到行情, CF507P12600.CZCE
2025-06-11 13:52:31.829 | INFO | SimpleStrategy | combined: 收到行情, CF507P12800.CZCE
2025-06-11 13:52:31.829 | INFO | SimpleStrategy | combined: 收到行情, CF507P12800.CZCE
2025-06-11 13:52:31.829 | INFO | SimpleStrategy | combined: 收到行情, CF507P13000.CZCE
2025-06-11 13:52:31.829 | INFO | SimpleStrategy | combined: 收到行情, CF507P13000.CZCE
2025-06-11 13:52:31.829 | INFO | SimpleStrategy | combined: 收到行情, CF507P13200.CZCE
2025-06-11 13:52:31.829 | INFO | SimpleStrategy | combined: 收到行情, CF507P13200.CZCE
2025-06-11 13:52:31.829 | INFO | SimpleStrategy | combined: 收到行情, CF507P13400.CZCE
2025-06-11 13:52:31.830 | INFO | SimpleStrategy | combined: 收到行情, CF507P13400.CZCE
2025-06-11 13:52:31.830 | INFO | SimpleStrategy | combined: 收到行情, CF507P13600.CZCE
2025-06-11 13:52:31.830 | INFO | SimpleStrategy | combined: 收到行情, CF507P13600.CZCE
2025-06-11 13:52:31.830 | INFO | SimpleStrategy | combined: 收到行情, CF507P13800.CZCE
2025-06-11 13:52:31.830 | INFO | SimpleStrategy | combined: 收到行情, CF507P13800.CZCE
2025-06-11 13:52:31.830 | INFO | SimpleStrategy | combined: 收到行情, CF507P14000.CZCE
2025-06-11 13:52:31.830 | INFO | SimpleStrategy | combined: 收到行情, CF507P14000.CZCE
2025-06-11 13:52:31.830 | INFO | SimpleStrategy | combined: 收到行情, CF507P14200.CZCE
2025-06-11 13:52:31.830 | INFO | SimpleStrategy | combined: 收到行情, CF507P14200.CZCE
2025-06-11 13:52:31.830 | INFO | SimpleStrategy | combined: 收到行情, CF507P14400.CZCE
2025-06-11 13:52:31.830 | INFO | SimpleStrategy | combined: 收到行情, CF507P14400.CZCE
2025-06-11 13:52:31.830 | INFO | SimpleStrategy | combined: 收到行情, CF507P14600.CZCE
2025-06-11 13:52:31.830 | INFO | SimpleStrategy | combined: 收到行情, CF507P14600.CZCE
2025-06-11 13:52:31.831 | INFO | SimpleStrategy | combined: 收到行情, CF507P14800.CZCE
2025-06-11 13:52:31.831 | INFO | SimpleStrategy | combined: 收到行情, CF507P14800.CZCE
2025-06-11 13:52:31.831 | INFO | SimpleStrategy | combined: 收到行情, CF507P15000.CZCE
2025-06-11 13:52:31.831 | INFO | SimpleStrategy | combined: 收到行情, CF507P15000.CZCE
2025-06-11 13:52:31.831 | INFO | SimpleStrategy | combined: 收到行情, CF507P15200.CZCE
2025-06-11 13:52:31.831 | INFO | SimpleStrategy | combined: 收到行情, CF507P15200.CZCE
2025-06-11 13:52:31.831 | INFO | SimpleStrategy | combined: 收到行情, CF509C11000.CZCE
2025-06-11 13:52:31.831 | INFO | SimpleStrategy | combined: 收到行情, CF509C11000.CZCE
2025-06-11 13:52:31.831 | INFO | SimpleStrategy | combined: 收到行情, CF509C11200.CZCE
2025-06-11 13:52:31.831 | INFO | SimpleStrategy | combined: 收到行情, CF509C11200.CZCE
2025-06-11 13:52:31.831 | INFO | SimpleStrategy | combined: 收到行情, CF509C11400.CZCE
2025-06-11 13:52:31.832 | INFO | SimpleStrategy | combined: 收到行情, CF509C11400.CZCE
2025-06-11 13:52:31.832 | INFO | SimpleStrategy | combined: 收到行情, CF509C11600.CZCE
2025-06-11 13:52:31.832 | INFO | SimpleStrategy | combined: 收到行情, CF509C11600.CZCE
2025-06-11 13:52:31.832 | INFO | SimpleStrategy | combined: 收到行情, CF509C11800.CZCE
2025-06-11 13:52:31.832 | INFO | SimpleStrategy | combined: 收到行情, CF509C11800.CZCE
2025-06-11 13:52:31.832 | INFO | SimpleStrategy | combined: 收到行情, CF509C12000.CZCE
2025-06-11 13:52:31.832 | INFO | SimpleStrategy | combined: 收到行情, CF509C12000.CZCE
2025-06-11 13:52:31.832 | INFO | SimpleStrategy | combined: 收到行情, CF509C12200.CZCE
2025-06-11 13:52:31.832 | INFO | SimpleStrategy | combined: 收到行情, CF509C12200.CZCE
2025-06-11 13:52:31.832 | INFO | SimpleStrategy | combined: 收到行情, CF509C12400.CZCE
2025-06-11 13:52:31.832 | INFO | SimpleStrategy | combined: 收到行情, CF509C12400.CZCE
2025-06-11 13:52:31.832 | INFO | SimpleStrategy | combined: 收到行情, CF509C12600.CZCE
2025-06-11 13:52:31.832 | INFO | SimpleStrategy | combined: 收到行情, CF509C12600.CZCE
2025-06-11 13:52:31.832 | INFO | SimpleStrategy | combined: 收到行情, CF509C12800.CZCE
2025-06-11 13:52:31.832 | INFO | SimpleStrategy | combined: 收到行情, CF509C12800.CZCE
2025-06-11 13:52:31.833 | INFO | SimpleStrategy | combined: 收到行情, CF509C13000.CZCE
2025-06-11 13:52:31.833 | INFO | SimpleStrategy | combined: 收到行情, CF509C13000.CZCE
2025-06-11 13:52:31.833 | INFO | SimpleStrategy | combined: 收到行情, CF509C13200.CZCE
2025-06-11 13:52:31.833 | INFO | SimpleStrategy | combined: 收到行情, CF509C13200.CZCE
2025-06-11 13:52:31.833 | INFO | SimpleStrategy | combined: 收到行情, CF509C13400.CZCE
2025-06-11 13:52:31.833 | INFO | SimpleStrategy | combined: 收到行情, CF509C13400.CZCE
2025-06-11 13:52:31.833 | INFO | SimpleStrategy | combined: 收到行情, CF509C13600.CZCE
2025-06-11 13:52:31.833 | INFO | SimpleStrategy | combined: 收到行情, CF509C13600.CZCE
2025-06-11 13:52:31.833 | INFO | SimpleStrategy | combined: 收到行情, CF509C13800.CZCE
2025-06-11 13:52:31.833 | INFO | SimpleStrategy | combined: 收到行情, CF509C13800.CZCE
2025-06-11 13:52:31.833 | INFO | SimpleStrategy | combined: 收到行情, CF509C14000.CZCE
2025-06-11 13:52:31.833 | INFO | SimpleStrategy | combined: 收到行情, CF509C14000.CZCE
2025-06-11 13:52:31.833 | INFO | SimpleStrategy | combined: 收到行情, CF509C14200.CZCE
2025-06-11 13:52:31.833 | INFO | SimpleStrategy | combined: 收到行情, CF509C14200.CZCE
2025-06-11 13:52:31.833 | INFO | SimpleStrategy | combined: 收到行情, CF509C14400.CZCE
2025-06-11 13:52:31.833 | INFO | SimpleStrategy | combined: 收到行情, CF509C14400.CZCE
2025-06-11 13:52:31.834 | INFO | SimpleStrategy | combined: 收到行情, CF509C14600.CZCE
2025-06-11 13:52:31.834 | INFO | SimpleStrategy | combined: 收到行情, CF509C14600.CZCE
2025-06-11 13:52:31.834 | INFO | SimpleStrategy | combined: 收到行情, CF509C14800.CZCE
2025-06-11 13:52:31.834 | INFO | SimpleStrategy | combined: 收到行情, CF509C14800.CZCE
2025-06-11 13:52:31.834 | INFO | SimpleStrategy | combined: 收到行情, CF509C15000.CZCE
2025-06-11 13:52:31.834 | INFO | SimpleStrategy | combined: 收到行情, CF509C15000.CZCE
2025-06-11 13:52:31.834 | INFO | SimpleStrategy | combined: 收到行情, CF509C15200.CZCE
2025-06-11 13:52:31.834 | INFO | SimpleStrategy | combined: 收到行情, CF509C15200.CZCE
2025-06-11 13:52:31.834 | INFO | SimpleStrategy | combined: 收到行情, CF509C15400.CZCE
2025-06-11 13:52:31.834 | INFO | SimpleStrategy | combined: 收到行情, CF509C15400.CZCE
2025-06-11 13:52:31.834 | INFO | SimpleStrategy | combined: 收到行情, CF509C15600.CZCE
2025-06-11 13:52:31.834 | INFO | SimpleStrategy | combined: 收到行情, CF509C15600.CZCE
2025-06-11 13:52:31.834 | INFO | SimpleStrategy | combined: 收到行情, CF509C15800.CZCE
2025-06-11 13:52:31.834 | INFO | SimpleStrategy | combined: 收到行情, CF509C15800.CZCE
2025-06-11 13:52:31.834 | INFO | SimpleStrategy | combined: 收到行情, CF509P11000.CZCE
2025-06-11 13:52:31.834 | INFO | SimpleStrategy | combined: 收到行情, CF509P11000.CZCE
2025-06-11 13:52:31.835 | INFO | SimpleStrategy | combined: 收到行情, CF509P11200.CZCE
2025-06-11 13:52:31.835 | INFO | SimpleStrategy | combined: 收到行情, CF509P11200.CZCE
2025-06-11 13:52:31.835 | INFO | SimpleStrategy | combined: 收到行情, CF509P11400.CZCE
2025-06-11 13:52:31.835 | INFO | SimpleStrategy | combined: 收到行情, CF509P11400.CZCE
2025-06-11 13:52:31.835 | INFO | SimpleStrategy | combined: 收到行情, CF509P11600.CZCE
2025-06-11 13:52:31.835 | INFO | SimpleStrategy | combined: 收到行情, CF509P11600.CZCE
2025-06-11 13:52:31.835 | INFO | SimpleStrategy | combined: 收到行情, CF509P11800.CZCE
2025-06-11 13:52:31.835 | INFO | SimpleStrategy | combined: 收到行情, CF509P11800.CZCE
2025-06-11 13:52:31.835 | INFO | SimpleStrategy | combined: 收到行情, CF509P12000.CZCE
2025-06-11 13:52:31.835 | INFO | SimpleStrategy | combined: 收到行情, CF509P12000.CZCE
2025-06-11 13:52:31.835 | INFO | SimpleStrategy | combined: 收到行情, CF509P12200.CZCE
2025-06-11 13:52:31.835 | INFO | SimpleStrategy | combined: 收到行情, CF509P12200.CZCE
2025-06-11 13:52:31.844 | INFO | SimpleStrategy | combined: 收到行情, CF509P12400.CZCE
2025-06-11 13:52:31.879 | INFO | SimpleStrategy | combined: 收到行情, CF509P12400.CZCE
2025-06-11 13:52:31.879 | INFO | SimpleStrategy | combined: 收到行情, CF509P12600.CZCE
2025-06-11 13:52:31.882 | INFO | SimpleStrategy | combined: 收到行情, CF509P12600.CZCE
2025-06-11 13:52:31.883 | INFO | SimpleStrategy | combined: 收到行情, CF509P12800.CZCE
2025-06-11 13:52:31.883 | INFO | SimpleStrategy | combined: 收到行情, CF509P12800.CZCE
2025-06-11 13:52:31.883 | INFO | SimpleStrategy | combined: 收到行情, CF509P13000.CZCE
2025-06-11 13:52:31.883 | INFO | SimpleStrategy | combined: 收到行情, CF509P13000.CZCE
2025-06-11 13:52:31.883 | INFO | SimpleStrategy | combined: 收到行情, CF509P13200.CZCE
2025-06-11 13:52:31.883 | INFO | SimpleStrategy | combined: 收到行情, CF509P13200.CZCE
2025-06-11 13:52:31.883 | INFO | SimpleStrategy | combined: 收到行情, CF509P13400.CZCE
2025-06-11 13:52:31.883 | INFO | SimpleStrategy | combined: 收到行情, CF509P13400.CZCE
2025-06-11 13:52:31.883 | INFO | SimpleStrategy | combined: 收到行情, CF509P13600.CZCE
2025-06-11 13:52:31.883 | INFO | SimpleStrategy | combined: 收到行情, CF509P13600.CZCE
2025-06-11 13:52:31.883 | INFO | SimpleStrategy | combined: 收到行情, CF509P13800.CZCE
2025-06-11 13:52:31.884 | INFO | SimpleStrategy | combined: 收到行情, CF509P13800.CZCE
2025-06-11 13:52:31.884 | INFO | SimpleStrategy | combined: 收到行情, CF509P14000.CZCE
2025-06-11 13:52:31.925 | INFO | SimpleStrategy | combined: 收到行情, CF509P14000.CZCE
2025-06-11 13:52:31.925 | INFO | SimpleStrategy | combined: 收到行情, CF509P14200.CZCE
2025-06-11 13:52:31.925 | INFO | SimpleStrategy | combined: 收到行情, CF509P14200.CZCE
2025-06-11 13:52:31.925 | INFO | SimpleStrategy | combined: 收到行情, CF509P14400.CZCE
2025-06-11 13:52:31.925 | INFO | SimpleStrategy | combined: 收到行情, CF509P14400.CZCE
2025-06-11 13:52:31.926 | INFO | SimpleStrategy | combined: 收到行情, CF509P14600.CZCE
2025-06-11 13:52:31.926 | INFO | SimpleStrategy | combined: 收到行情, CF509P14600.CZCE
2025-06-11 13:52:31.926 | INFO | SimpleStrategy | combined: 收到行情, CF509P14800.CZCE
2025-06-11 13:52:31.926 | INFO | SimpleStrategy | combined: 收到行情, CF509P14800.CZCE
2025-06-11 13:52:31.926 | INFO | SimpleStrategy | combined: 收到行情, CF509P15000.CZCE
2025-06-11 13:52:31.926 | INFO | SimpleStrategy | combined: 收到行情, CF509P15000.CZCE
2025-06-11 13:52:31.926 | INFO | SimpleStrategy | combined: 收到行情, CF509P15200.CZCE
2025-06-11 13:52:31.926 | INFO | SimpleStrategy | combined: 收到行情, CF509P15200.CZCE
2025-06-11 13:52:31.927 | INFO | SimpleStrategy | combined: 收到行情, CF509P15400.CZCE
2025-06-11 13:52:31.927 | INFO | SimpleStrategy | combined: 收到行情, CF509P15400.CZCE
2025-06-11 13:52:31.927 | INFO | SimpleStrategy | combined: 收到行情, CF509P15600.CZCE
2025-06-11 13:52:31.927 | INFO | SimpleStrategy | combined: 收到行情, CF509P15600.CZCE
2025-06-11 13:52:31.927 | INFO | SimpleStrategy | combined: 收到行情, CF509P15800.CZCE
2025-06-11 13:52:31.927 | INFO | SimpleStrategy | combined: 收到行情, CF509P15800.CZCE
2025-06-11 13:52:31.927 | INFO | SimpleStrategy | combined: 收到行情, CJ509C10000.CZCE
2025-06-11 13:52:31.927 | INFO | SimpleStrategy | combined: 收到行情, CJ509C10000.CZCE
2025-06-11 13:52:31.927 | INFO | SimpleStrategy | combined: 收到行情, CJ509C10200.CZCE
2025-06-11 13:52:31.927 | INFO | SimpleStrategy | combined: 收到行情, CJ509C10200.CZCE
2025-06-11 13:52:31.927 | INFO | SimpleStrategy | combined: 收到行情, CJ509C10400.CZCE
2025-06-11 13:52:31.928 | INFO | SimpleStrategy | combined: 收到行情, CJ509C10400.CZCE
2025-06-11 13:52:31.928 | INFO | SimpleStrategy | combined: 收到行情, CJ509C10600.CZCE
2025-06-11 13:52:31.928 | INFO | SimpleStrategy | combined: 收到行情, CJ509C10600.CZCE
2025-06-11 13:52:31.928 | INFO | SimpleStrategy | combined: 收到行情, CJ509C10800.CZCE
2025-06-11 13:52:31.928 | INFO | SimpleStrategy | combined: 收到行情, CJ509C10800.CZCE
2025-06-11 13:52:31.928 | INFO | SimpleStrategy | combined: 收到行情, CJ509C11000.CZCE
2025-06-11 13:52:31.928 | INFO | SimpleStrategy | combined: 收到行情, CJ509C11000.CZCE
2025-06-11 13:52:31.928 | INFO | SimpleStrategy | combined: 收到行情, CJ509C11200.CZCE
2025-06-11 13:52:31.928 | INFO | SimpleStrategy | combined: 收到行情, CJ509C11200.CZCE
2025-06-11 13:52:31.928 | INFO | SimpleStrategy | combined: 收到行情, CJ509C11400.CZCE
2025-06-11 13:52:31.928 | INFO | SimpleStrategy | combined: 收到行情, CJ509C11400.CZCE
2025-06-11 13:52:31.928 | INFO | SimpleStrategy | combined: 收到行情, CJ509C7400.CZCE
2025-06-11 13:52:31.928 | INFO | SimpleStrategy | combined: 收到行情, CJ509C7400.CZCE
2025-06-11 13:52:31.929 | INFO | SimpleStrategy | combined: 收到行情, CJ509C7500.CZCE
2025-06-11 13:52:31.929 | INFO | SimpleStrategy | combined: 收到行情, CJ509C7500.CZCE
2025-06-11 13:52:31.929 | INFO | SimpleStrategy | combined: 收到行情, CJ509C7600.CZCE
2025-06-11 13:52:31.929 | INFO | SimpleStrategy | combined: 收到行情, CJ509C7600.CZCE
2025-06-11 13:52:31.929 | INFO | SimpleStrategy | combined: 收到行情, CJ509C7700.CZCE
2025-06-11 13:52:31.929 | INFO | SimpleStrategy | combined: 收到行情, CJ509C7700.CZCE
2025-06-11 13:52:31.929 | INFO | SimpleStrategy | combined: 收到行情, CJ509C7800.CZCE
2025-06-11 13:52:31.929 | INFO | SimpleStrategy | combined: 收到行情, CJ509C7800.CZCE
2025-06-11 13:52:31.929 | INFO | SimpleStrategy | combined: 收到行情, CJ509C7900.CZCE
2025-06-11 13:52:31.929 | INFO | SimpleStrategy | combined: 收到行情, CJ509C7900.CZCE
2025-06-11 13:52:31.929 | INFO | SimpleStrategy | combined: 收到行情, CJ509C8000.CZCE
2025-06-11 13:52:31.929 | INFO | SimpleStrategy | combined: 收到行情, CJ509C8000.CZCE
2025-06-11 13:52:31.931 | INFO | SimpleStrategy | combined: 收到行情, CJ509C8100.CZCE
2025-06-11 13:52:31.931 | INFO | SimpleStrategy | combined: 收到行情, CJ509C8100.CZCE
2025-06-11 13:52:31.931 | INFO | SimpleStrategy | combined: 收到行情, CJ509C8200.CZCE
2025-06-11 13:52:31.932 | INFO | SimpleStrategy | combined: 收到行情, CJ509C8200.CZCE
2025-06-11 13:52:31.932 | INFO | SimpleStrategy | combined: 收到行情, CJ509C8300.CZCE
2025-06-11 13:52:31.932 | INFO | SimpleStrategy | combined: 收到行情, CJ509C8300.CZCE
2025-06-11 13:52:31.932 | INFO | SimpleStrategy | combined: 收到行情, CJ509C8400.CZCE
2025-06-11 13:52:31.932 | INFO | SimpleStrategy | combined: 收到行情, CJ509C8400.CZCE
2025-06-11 13:52:31.932 | INFO | SimpleStrategy | combined: 收到行情, CJ509C8500.CZCE
2025-06-11 13:52:31.932 | INFO | SimpleStrategy | combined: 收到行情, CJ509C8500.CZCE
2025-06-11 13:52:31.932 | INFO | SimpleStrategy | combined: 收到行情, CJ509C8600.CZCE
2025-06-11 13:52:31.932 | INFO | SimpleStrategy | combined: 收到行情, CJ509C8600.CZCE
2025-06-11 13:52:31.932 | INFO | SimpleStrategy | combined: 收到行情, CJ509C8700.CZCE
2025-06-11 13:52:31.932 | INFO | SimpleStrategy | combined: 收到行情, CJ509C8700.CZCE
2025-06-11 13:52:31.932 | INFO | SimpleStrategy | combined: 收到行情, CJ509C8800.CZCE
2025-06-11 13:52:31.932 | INFO | SimpleStrategy | combined: 收到行情, CJ509C8800.CZCE
2025-06-11 13:52:31.933 | INFO | SimpleStrategy | combined: 收到行情, CJ509C8900.CZCE
2025-06-11 13:52:31.933 | INFO | SimpleStrategy | combined: 收到行情, CJ509C8900.CZCE
2025-06-11 13:52:31.933 | INFO | SimpleStrategy | combined: 收到行情, CJ509C9000.CZCE
2025-06-11 13:52:31.933 | INFO | SimpleStrategy | combined: 收到行情, CJ509C9000.CZCE
2025-06-11 13:52:31.933 | INFO | SimpleStrategy | combined: 收到行情, CJ509C9100.CZCE
2025-06-11 13:52:31.933 | INFO | SimpleStrategy | combined: 收到行情, CJ509C9100.CZCE
2025-06-11 13:52:31.933 | INFO | SimpleStrategy | combined: 收到行情, CJ509C9200.CZCE
2025-06-11 13:52:31.933 | INFO | SimpleStrategy | combined: 收到行情, CJ509C9200.CZCE
2025-06-11 13:52:31.933 | INFO | SimpleStrategy | combined: 收到行情, CJ509C9300.CZCE
2025-06-11 13:52:31.933 | INFO | SimpleStrategy | combined: 收到行情, CJ509C9300.CZCE
2025-06-11 13:52:31.933 | INFO | SimpleStrategy | combined: 收到行情, CJ509C9400.CZCE
2025-06-11 13:52:31.933 | INFO | SimpleStrategy | combined: 收到行情, CJ509C9400.CZCE
2025-06-11 13:52:31.933 | INFO | SimpleStrategy | combined: 收到行情, CJ509C9500.CZCE
2025-06-11 13:52:31.933 | INFO | SimpleStrategy | combined: 收到行情, CJ509C9500.CZCE
2025-06-11 13:52:31.933 | INFO | SimpleStrategy | combined: 收到行情, CJ509C9600.CZCE
2025-06-11 13:52:31.933 | INFO | SimpleStrategy | combined: 收到行情, CJ509C9600.CZCE
2025-06-11 13:52:31.934 | INFO | SimpleStrategy | combined: 收到行情, CJ509C9700.CZCE
2025-06-11 13:52:31.934 | INFO | SimpleStrategy | combined: 收到行情, CJ509C9700.CZCE
2025-06-11 13:52:31.934 | INFO | SimpleStrategy | combined: 收到行情, CJ509C9800.CZCE
2025-06-11 13:52:31.934 | INFO | SimpleStrategy | combined: 收到行情, CJ509C9800.CZCE
2025-06-11 13:52:31.934 | INFO | SimpleStrategy | combined: 收到行情, CJ509C9900.CZCE
2025-06-11 13:52:31.934 | INFO | SimpleStrategy | combined: 收到行情, CJ509C9900.CZCE
2025-06-11 13:52:31.934 | INFO | SimpleStrategy | combined: 收到行情, CJ509P10000.CZCE
2025-06-11 13:52:31.934 | INFO | SimpleStrategy | combined: 收到行情, CJ509P10000.CZCE
2025-06-11 13:52:31.934 | INFO | SimpleStrategy | combined: 收到行情, CJ509P10200.CZCE
2025-06-11 13:52:31.934 | INFO | SimpleStrategy | combined: 收到行情, CJ509P10200.CZCE
2025-06-11 13:52:31.934 | INFO | SimpleStrategy | combined: 收到行情, CJ509P10400.CZCE
2025-06-11 13:52:31.934 | INFO | SimpleStrategy | combined: 收到行情, CJ509P10400.CZCE
2025-06-11 13:52:31.934 | INFO | SimpleStrategy | combined: 收到行情, CJ509P10600.CZCE
2025-06-11 13:52:31.934 | INFO | SimpleStrategy | combined: 收到行情, CJ509P10600.CZCE
2025-06-11 13:52:31.935 | INFO | SimpleStrategy | combined: 收到行情, CJ509P10800.CZCE
2025-06-11 13:52:31.935 | INFO | SimpleStrategy | combined: 收到行情, CJ509P10800.CZCE
2025-06-11 13:52:31.935 | INFO | SimpleStrategy | combined: 收到行情, CJ509P11000.CZCE
2025-06-11 13:52:31.935 | INFO | SimpleStrategy | combined: 收到行情, CJ509P11000.CZCE
2025-06-11 13:52:31.935 | INFO | SimpleStrategy | combined: 收到行情, CJ509P11200.CZCE
2025-06-11 13:52:31.935 | INFO | SimpleStrategy | combined: 收到行情, CJ509P11200.CZCE
2025-06-11 13:52:31.935 | INFO | SimpleStrategy | combined: 收到行情, CJ509P11400.CZCE
2025-06-11 13:52:31.935 | INFO | SimpleStrategy | combined: 收到行情, CJ509P11400.CZCE
2025-06-11 13:52:31.935 | INFO | SimpleStrategy | combined: 收到行情, CJ509P7400.CZCE
2025-06-11 13:52:31.935 | INFO | SimpleStrategy | combined: 收到行情, CJ509P7400.CZCE
2025-06-11 13:52:31.935 | INFO | SimpleStrategy | combined: 收到行情, CJ509P7500.CZCE
2025-06-11 13:52:31.936 | INFO | SimpleStrategy | combined: 收到行情, CJ509P7500.CZCE
2025-06-11 13:52:31.936 | INFO | SimpleStrategy | combined: 收到行情, CJ509P7600.CZCE
2025-06-11 13:52:31.936 | INFO | SimpleStrategy | combined: 收到行情, CJ509P7600.CZCE
2025-06-11 13:52:31.936 | INFO | SimpleStrategy | combined: 收到行情, CJ509P7700.CZCE
2025-06-11 13:52:31.936 | INFO | SimpleStrategy | combined: 收到行情, CJ509P7700.CZCE
2025-06-11 13:52:31.936 | INFO | SimpleStrategy | combined: 收到行情, CJ509P7800.CZCE
2025-06-11 13:52:31.936 | INFO | SimpleStrategy | combined: 收到行情, CJ509P7800.CZCE
2025-06-11 13:52:31.936 | INFO | SimpleStrategy | combined: 收到行情, CJ509P7900.CZCE
2025-06-11 13:52:31.936 | INFO | SimpleStrategy | combined: 收到行情, CJ509P7900.CZCE
2025-06-11 13:52:31.937 | INFO | SimpleStrategy | combined: 收到行情, CJ509P8000.CZCE
2025-06-11 13:52:31.937 | INFO | SimpleStrategy | combined: 收到行情, CJ509P8000.CZCE
2025-06-11 13:52:31.937 | INFO | SimpleStrategy | combined: 收到行情, CJ509P8100.CZCE
2025-06-11 13:52:31.937 | INFO | SimpleStrategy | combined: 收到行情, CJ509P8100.CZCE
2025-06-11 13:52:31.937 | INFO | SimpleStrategy | combined: 收到行情, CJ509P8200.CZCE
2025-06-11 13:52:31.937 | INFO | SimpleStrategy | combined: 收到行情, CJ509P8200.CZCE
2025-06-11 13:52:31.937 | INFO | SimpleStrategy | combined: 收到行情, CJ509P8300.CZCE
2025-06-11 13:52:31.937 | INFO | SimpleStrategy | combined: 收到行情, CJ509P8300.CZCE
2025-06-11 13:52:31.937 | INFO | SimpleStrategy | combined: 收到行情, CJ509P8400.CZCE
2025-06-11 13:52:31.937 | INFO | SimpleStrategy | combined: 收到行情, CJ509P8400.CZCE
2025-06-11 13:52:31.937 | INFO | SimpleStrategy | combined: 收到行情, CJ509P8500.CZCE
2025-06-11 13:52:31.938 | INFO | SimpleStrategy | combined: 收到行情, CJ509P8500.CZCE
2025-06-11 13:52:31.938 | INFO | SimpleStrategy | combined: 收到行情, CJ509P8600.CZCE
2025-06-11 13:52:31.938 | INFO | SimpleStrategy | combined: 收到行情, CJ509P8600.CZCE
2025-06-11 13:52:31.938 | INFO | SimpleStrategy | combined: 收到行情, CJ509P8700.CZCE
2025-06-11 13:52:31.938 | INFO | SimpleStrategy | combined: 收到行情, CJ509P8700.CZCE
2025-06-11 13:52:31.938 | INFO | SimpleStrategy | combined: 收到行情, CJ509P8800.CZCE
2025-06-11 13:52:31.938 | INFO | SimpleStrategy | combined: 收到行情, CJ509P8800.CZCE
2025-06-11 13:52:31.938 | INFO | SimpleStrategy | combined: 收到行情, CJ509P8900.CZCE
2025-06-11 13:52:31.938 | INFO | SimpleStrategy | combined: 收到行情, CJ509P8900.CZCE
2025-06-11 13:52:31.938 | INFO | SimpleStrategy | combined: 收到行情, CJ509P9000.CZCE
2025-06-11 13:52:31.938 | INFO | SimpleStrategy | combined: 收到行情, CJ509P9000.CZCE
2025-06-11 13:52:31.939 | INFO | SimpleStrategy | combined: 收到行情, CJ509P9100.CZCE
2025-06-11 13:52:31.939 | INFO | SimpleStrategy | combined: 收到行情, CJ509P9100.CZCE
2025-06-11 13:52:31.939 | INFO | SimpleStrategy | combined: 收到行情, CJ509P9200.CZCE
2025-06-11 13:52:31.939 | INFO | SimpleStrategy | combined: 收到行情, CJ509P9200.CZCE
2025-06-11 13:52:31.939 | INFO | SimpleStrategy | combined: 收到行情, CJ509P9300.CZCE
2025-06-11 13:52:31.939 | INFO | SimpleStrategy | combined: 收到行情, CJ509P9300.CZCE
2025-06-11 13:52:31.939 | INFO | SimpleStrategy | combined: 收到行情, CJ509P9400.CZCE
2025-06-11 13:52:31.939 | INFO | SimpleStrategy | combined: 收到行情, CJ509P9400.CZCE
2025-06-11 13:52:31.939 | INFO | SimpleStrategy | combined: 收到行情, CJ509P9500.CZCE
2025-06-11 13:52:31.939 | INFO | SimpleStrategy | combined: 收到行情, CJ509P9500.CZCE
2025-06-11 13:52:31.939 | INFO | SimpleStrategy | combined: 收到行情, CJ509P9600.CZCE
2025-06-11 13:52:31.939 | INFO | SimpleStrategy | combined: 收到行情, CJ509P9600.CZCE
2025-06-11 13:52:31.939 | INFO | SimpleStrategy | combined: 收到行情, CJ509P9700.CZCE
2025-06-11 13:52:31.939 | INFO | SimpleStrategy | combined: 收到行情, CJ509P9700.CZCE
2025-06-11 13:52:31.940 | INFO | SimpleStrategy | combined: 收到行情, CJ509P9800.CZCE
2025-06-11 13:52:31.940 | INFO | SimpleStrategy | combined: 收到行情, CJ509P9800.CZCE
2025-06-11 13:52:31.940 | INFO | SimpleStrategy | combined: 收到行情, CJ509P9900.CZCE
2025-06-11 13:52:31.940 | INFO | SimpleStrategy | combined: 收到行情, CJ509P9900.CZCE
2025-06-11 13:52:31.940 | INFO | SimpleStrategy | combined: 收到行情, CJ512C10000.CZCE
2025-06-11 13:52:31.940 | INFO | SimpleStrategy | combined: 收到行情, CJ512C10000.CZCE
2025-06-11 13:52:31.940 | INFO | SimpleStrategy | combined: 收到行情, CJ512C10200.CZCE
2025-06-11 13:52:31.940 | INFO | SimpleStrategy | combined: 收到行情, CJ512C10200.CZCE
2025-06-11 13:52:31.940 | INFO | SimpleStrategy | combined: 收到行情, CJ512C10400.CZCE
2025-06-11 13:52:31.940 | INFO | SimpleStrategy | combined: 收到行情, CJ512C10400.CZCE
2025-06-11 13:52:31.940 | INFO | SimpleStrategy | combined: 收到行情, CJ512C10600.CZCE
2025-06-11 13:52:31.940 | INFO | SimpleStrategy | combined: 收到行情, CJ512C10600.CZCE
2025-06-11 13:52:31.940 | INFO | SimpleStrategy | combined: 收到行情, CJ512C10800.CZCE
2025-06-11 13:52:31.940 | INFO | SimpleStrategy | combined: 收到行情, CJ512C10800.CZCE
2025-06-11 13:52:31.940 | INFO | SimpleStrategy | combined: 收到行情, CJ512C11000.CZCE
2025-06-11 13:52:31.941 | INFO | SimpleStrategy | combined: 收到行情, CJ512C11000.CZCE
2025-06-11 13:52:31.941 | INFO | SimpleStrategy | combined: 收到行情, CJ512C11200.CZCE
2025-06-11 13:52:31.941 | INFO | SimpleStrategy | combined: 收到行情, CJ512C11200.CZCE
2025-06-11 13:52:31.941 | INFO | SimpleStrategy | combined: 收到行情, CJ512C11400.CZCE
2025-06-11 13:52:31.941 | INFO | SimpleStrategy | combined: 收到行情, CJ512C11400.CZCE
2025-06-11 13:52:31.941 | INFO | SimpleStrategy | combined: 收到行情, CJ512C8000.CZCE
2025-06-11 13:52:31.941 | INFO | SimpleStrategy | combined: 收到行情, CJ512C8000.CZCE
2025-06-11 13:52:31.941 | INFO | SimpleStrategy | combined: 收到行情, CJ512C8100.CZCE
2025-06-11 13:52:31.941 | INFO | SimpleStrategy | combined: 收到行情, CJ512C8100.CZCE
2025-06-11 13:52:31.941 | INFO | SimpleStrategy | combined: 收到行情, CJ512C8200.CZCE
2025-06-11 13:52:31.941 | INFO | SimpleStrategy | combined: 收到行情, CJ512C8200.CZCE
2025-06-11 13:52:31.941 | INFO | SimpleStrategy | combined: 收到行情, CJ512C8300.CZCE
2025-06-11 13:52:31.942 | INFO | SimpleStrategy | combined: 收到行情, CJ512C8300.CZCE
2025-06-11 13:52:31.942 | INFO | SimpleStrategy | combined: 收到行情, CJ512C8400.CZCE
2025-06-11 13:52:31.942 | INFO | SimpleStrategy | combined: 收到行情, CJ512C8400.CZCE
2025-06-11 13:52:31.942 | INFO | SimpleStrategy | combined: 收到行情, CJ512C8500.CZCE
2025-06-11 13:52:31.942 | INFO | SimpleStrategy | combined: 收到行情, CJ512C8500.CZCE
2025-06-11 13:52:31.942 | INFO | SimpleStrategy | combined: 收到行情, CJ512C8600.CZCE
2025-06-11 13:52:31.942 | INFO | SimpleStrategy | combined: 收到行情, CJ512C8600.CZCE
2025-06-11 13:52:31.942 | INFO | SimpleStrategy | combined: 收到行情, CJ512C8700.CZCE
2025-06-11 13:52:31.942 | INFO | SimpleStrategy | combined: 收到行情, CJ512C8700.CZCE
2025-06-11 13:52:31.942 | INFO | SimpleStrategy | combined: 收到行情, CJ512C8800.CZCE
2025-06-11 13:52:31.942 | INFO | SimpleStrategy | combined: 收到行情, CJ512C8800.CZCE
2025-06-11 13:52:31.942 | INFO | SimpleStrategy | combined: 收到行情, CJ512C8900.CZCE
2025-06-11 13:52:31.942 | INFO | SimpleStrategy | combined: 收到行情, CJ512C8900.CZCE
2025-06-11 13:52:31.943 | INFO | SimpleStrategy | combined: 收到行情, CJ512C9000.CZCE
2025-06-11 13:52:31.943 | INFO | SimpleStrategy | combined: 收到行情, CJ512C9000.CZCE
2025-06-11 13:52:31.943 | INFO | SimpleStrategy | combined: 收到行情, CJ512C9100.CZCE
2025-06-11 13:52:31.943 | INFO | SimpleStrategy | combined: 收到行情, CJ512C9100.CZCE
2025-06-11 13:52:31.943 | INFO | SimpleStrategy | combined: 收到行情, CJ512C9200.CZCE
2025-06-11 13:52:31.943 | INFO | SimpleStrategy | combined: 收到行情, CJ512C9200.CZCE
2025-06-11 13:52:31.943 | INFO | SimpleStrategy | combined: 收到行情, CJ512C9300.CZCE
2025-06-11 13:52:31.943 | INFO | SimpleStrategy | combined: 收到行情, CJ512C9300.CZCE
2025-06-11 13:52:31.943 | INFO | SimpleStrategy | combined: 收到行情, CJ512C9400.CZCE
2025-06-11 13:52:31.943 | INFO | SimpleStrategy | combined: 收到行情, CJ512C9400.CZCE
2025-06-11 13:52:31.943 | INFO | SimpleStrategy | combined: 收到行情, CJ512C9500.CZCE
2025-06-11 13:52:31.943 | INFO | SimpleStrategy | combined: 收到行情, CJ512C9500.CZCE
2025-06-11 13:52:31.943 | INFO | SimpleStrategy | combined: 收到行情, CJ512C9600.CZCE
2025-06-11 13:52:31.943 | INFO | SimpleStrategy | combined: 收到行情, CJ512C9600.CZCE
2025-06-11 13:52:31.943 | INFO | SimpleStrategy | combined: 收到行情, CJ512C9700.CZCE
2025-06-11 13:52:31.944 | INFO | SimpleStrategy | combined: 收到行情, CJ512C9700.CZCE
2025-06-11 13:52:31.944 | INFO | SimpleStrategy | combined: 收到行情, CJ512C9800.CZCE
2025-06-11 13:52:31.944 | INFO | SimpleStrategy | combined: 收到行情, CJ512C9800.CZCE
2025-06-11 13:52:31.944 | INFO | SimpleStrategy | combined: 收到行情, CJ512C9900.CZCE
2025-06-11 13:52:31.944 | INFO | SimpleStrategy | combined: 收到行情, CJ512C9900.CZCE
2025-06-11 13:52:31.944 | INFO | SimpleStrategy | combined: 收到行情, CJ512P10000.CZCE
2025-06-11 13:52:31.944 | INFO | SimpleStrategy | combined: 收到行情, CJ512P10000.CZCE
2025-06-11 13:52:31.944 | INFO | SimpleStrategy | combined: 收到行情, CJ512P10200.CZCE
2025-06-11 13:52:31.944 | INFO | SimpleStrategy | combined: 收到行情, CJ512P10200.CZCE
2025-06-11 13:52:31.944 | INFO | SimpleStrategy | combined: 收到行情, CJ512P10400.CZCE
2025-06-11 13:52:31.944 | INFO | SimpleStrategy | combined: 收到行情, CJ512P10400.CZCE
2025-06-11 13:52:31.944 | INFO | SimpleStrategy | combined: 收到行情, CJ512P10600.CZCE
2025-06-11 13:52:31.944 | INFO | SimpleStrategy | combined: 收到行情, CJ512P10600.CZCE
2025-06-11 13:52:31.944 | INFO | SimpleStrategy | combined: 收到行情, CJ512P10800.CZCE
2025-06-11 13:52:31.944 | INFO | SimpleStrategy | combined: 收到行情, CJ512P10800.CZCE
2025-06-11 13:52:31.944 | INFO | SimpleStrategy | combined: 收到行情, CJ512P11000.CZCE
2025-06-11 13:52:31.945 | INFO | SimpleStrategy | combined: 收到行情, CJ512P11000.CZCE
2025-06-11 13:52:31.945 | INFO | SimpleStrategy | combined: 收到行情, CJ512P11200.CZCE
2025-06-11 13:52:31.945 | INFO | SimpleStrategy | combined: 收到行情, CJ512P11200.CZCE
2025-06-11 13:52:31.945 | INFO | SimpleStrategy | combined: 收到行情, CJ512P11400.CZCE
2025-06-11 13:52:31.945 | INFO | SimpleStrategy | combined: 收到行情, CJ512P11400.CZCE
2025-06-11 13:52:31.945 | INFO | SimpleStrategy | combined: 收到行情, CJ512P8000.CZCE
2025-06-11 13:52:31.945 | INFO | SimpleStrategy | combined: 收到行情, CJ512P8000.CZCE
2025-06-11 13:52:31.945 | INFO | SimpleStrategy | combined: 收到行情, CJ512P8100.CZCE
2025-06-11 13:52:31.945 | INFO | SimpleStrategy | combined: 收到行情, CJ512P8100.CZCE
2025-06-11 13:52:31.945 | INFO | SimpleStrategy | combined: 收到行情, CJ512P8200.CZCE
2025-06-11 13:52:31.945 | INFO | SimpleStrategy | combined: 收到行情, CJ512P8200.CZCE
2025-06-11 13:52:31.945 | INFO | SimpleStrategy | combined: 收到行情, CJ512P8300.CZCE
2025-06-11 13:52:31.945 | INFO | SimpleStrategy | combined: 收到行情, CJ512P8300.CZCE
2025-06-11 13:52:31.945 | INFO | SimpleStrategy | combined: 收到行情, CJ512P8400.CZCE
2025-06-11 13:52:31.945 | INFO | SimpleStrategy | combined: 收到行情, CJ512P8400.CZCE
2025-06-11 13:52:31.945 | INFO | SimpleStrategy | combined: 收到行情, CJ512P8500.CZCE
2025-06-11 13:52:31.946 | INFO | SimpleStrategy | combined: 收到行情, CJ512P8500.CZCE
2025-06-11 13:52:31.946 | INFO | SimpleStrategy | combined: 收到行情, CJ512P8600.CZCE
2025-06-11 13:52:31.946 | INFO | SimpleStrategy | combined: 收到行情, CJ512P8600.CZCE
2025-06-11 13:52:31.946 | INFO | SimpleStrategy | combined: 收到行情, CJ512P8700.CZCE
2025-06-11 13:52:31.946 | INFO | SimpleStrategy | combined: 收到行情, CJ512P8700.CZCE
2025-06-11 13:52:31.946 | INFO | SimpleStrategy | combined: 收到行情, CJ512P8800.CZCE
2025-06-11 13:52:31.946 | INFO | SimpleStrategy | combined: 收到行情, CJ512P8800.CZCE
2025-06-11 13:52:31.946 | INFO | SimpleStrategy | combined: 收到行情, CJ512P8900.CZCE
2025-06-11 13:52:31.946 | INFO | SimpleStrategy | combined: 收到行情, CJ512P8900.CZCE
2025-06-11 13:52:31.946 | INFO | SimpleStrategy | combined: 收到行情, CJ512P9000.CZCE
2025-06-11 13:52:31.946 | INFO | SimpleStrategy | combined: 收到行情, CJ512P9000.CZCE
2025-06-11 13:52:31.946 | INFO | SimpleStrategy | combined: 收到行情, CJ512P9100.CZCE
2025-06-11 13:52:31.946 | INFO | SimpleStrategy | combined: 收到行情, CJ512P9100.CZCE
2025-06-11 13:52:31.947 | INFO | SimpleStrategy | combined: 收到行情, CJ512P9200.CZCE
2025-06-11 13:52:31.947 | INFO | SimpleStrategy | combined: 收到行情, CJ512P9200.CZCE
2025-06-11 13:52:31.947 | INFO | SimpleStrategy | combined: 收到行情, CJ512P9300.CZCE
2025-06-11 13:52:31.947 | INFO | SimpleStrategy | combined: 收到行情, CJ512P9300.CZCE
2025-06-11 13:52:31.947 | INFO | SimpleStrategy | combined: 收到行情, CJ512P9400.CZCE
2025-06-11 13:52:31.947 | INFO | SimpleStrategy | combined: 收到行情, CJ512P9400.CZCE
2025-06-11 13:52:31.947 | INFO | SimpleStrategy | combined: 收到行情, CJ512P9500.CZCE
2025-06-11 13:52:31.947 | INFO | SimpleStrategy | combined: 收到行情, CJ512P9500.CZCE
2025-06-11 13:52:31.947 | INFO | SimpleStrategy | combined: 收到行情, CJ512P9600.CZCE
2025-06-11 13:52:31.947 | INFO | SimpleStrategy | combined: 收到行情, CJ512P9600.CZCE
2025-06-11 13:52:31.947 | INFO | SimpleStrategy | combined: 收到行情, CJ512P9700.CZCE
2025-06-11 13:52:31.947 | INFO | SimpleStrategy | combined: 收到行情, CJ512P9700.CZCE
2025-06-11 13:52:31.948 | INFO | SimpleStrategy | combined: 收到行情, CJ512P9800.CZCE
2025-06-11 13:52:31.948 | INFO | SimpleStrategy | combined: 收到行情, CJ512P9800.CZCE
2025-06-11 13:52:31.948 | INFO | SimpleStrategy | combined: 收到行情, CJ512P9900.CZCE
2025-06-11 13:52:31.948 | INFO | SimpleStrategy | combined: 收到行情, CJ512P9900.CZCE
2025-06-11 13:52:31.948 | INFO | SimpleStrategy | combined: 收到行情, FG507C1000.CZCE
2025-06-11 13:52:31.948 | INFO | SimpleStrategy | combined: 收到行情, FG507C1000.CZCE
2025-06-11 13:52:31.948 | INFO | SimpleStrategy | combined: 收到行情, FG507C1020.CZCE
2025-06-11 13:52:31.948 | INFO | SimpleStrategy | combined: 收到行情, FG507C1020.CZCE
2025-06-11 13:52:31.948 | INFO | SimpleStrategy | combined: 收到行情, FG507C1040.CZCE
2025-06-11 13:52:31.948 | INFO | SimpleStrategy | combined: 收到行情, FG507C1040.CZCE
2025-06-11 13:52:31.948 | INFO | SimpleStrategy | combined: 收到行情, FG507C1060.CZCE
2025-06-11 13:52:31.948 | INFO | SimpleStrategy | combined: 收到行情, FG507C1060.CZCE
2025-06-11 13:52:31.949 | INFO | SimpleStrategy | combined: 收到行情, FG507C1080.CZCE
2025-06-11 13:52:31.949 | INFO | SimpleStrategy | combined: 收到行情, FG507C1080.CZCE
2025-06-11 13:52:31.949 | INFO | SimpleStrategy | combined: 收到行情, FG507C1100.CZCE
2025-06-11 13:52:31.949 | INFO | SimpleStrategy | combined: 收到行情, FG507C1100.CZCE
2025-06-11 13:52:31.949 | INFO | SimpleStrategy | combined: 收到行情, FG507C1120.CZCE
2025-06-11 13:52:31.949 | INFO | SimpleStrategy | combined: 收到行情, FG507C1120.CZCE
2025-06-11 13:52:31.949 | INFO | SimpleStrategy | combined: 收到行情, FG507C1140.CZCE
2025-06-11 13:52:31.949 | INFO | SimpleStrategy | combined: 收到行情, FG507C1140.CZCE
2025-06-11 13:52:31.949 | INFO | SimpleStrategy | combined: 收到行情, FG507C1160.CZCE
2025-06-11 13:52:31.949 | INFO | SimpleStrategy | combined: 收到行情, FG507C1160.CZCE
2025-06-11 13:52:31.949 | INFO | SimpleStrategy | combined: 收到行情, FG507C1180.CZCE
2025-06-11 13:52:31.949 | INFO | SimpleStrategy | combined: 收到行情, FG507C1180.CZCE
2025-06-11 13:52:31.949 | INFO | SimpleStrategy | combined: 收到行情, FG507C1200.CZCE
2025-06-11 13:52:31.950 | INFO | SimpleStrategy | combined: 收到行情, FG507C1200.CZCE
2025-06-11 13:52:31.950 | INFO | SimpleStrategy | combined: 收到行情, FG507C1220.CZCE
2025-06-11 13:52:31.950 | INFO | SimpleStrategy | combined: 收到行情, FG507C1220.CZCE
2025-06-11 13:52:31.950 | INFO | SimpleStrategy | combined: 收到行情, FG507C1240.CZCE
2025-06-11 13:52:31.950 | INFO | SimpleStrategy | combined: 收到行情, FG507C1240.CZCE
2025-06-11 13:52:31.950 | INFO | SimpleStrategy | combined: 收到行情, FG507C1260.CZCE
2025-06-11 13:52:31.950 | INFO | SimpleStrategy | combined: 收到行情, FG507C1260.CZCE
2025-06-11 13:52:31.950 | INFO | SimpleStrategy | combined: 收到行情, FG507C1280.CZCE
2025-06-11 13:52:31.950 | INFO | SimpleStrategy | combined: 收到行情, FG507C1280.CZCE
2025-06-11 13:52:31.950 | INFO | SimpleStrategy | combined: 收到行情, FG507C1300.CZCE
2025-06-11 13:52:31.950 | INFO | SimpleStrategy | combined: 收到行情, FG507C1300.CZCE
2025-06-11 13:52:31.950 | INFO | SimpleStrategy | combined: 收到行情, FG507C1320.CZCE
2025-06-11 13:52:31.950 | INFO | SimpleStrategy | combined: 收到行情, FG507C1320.CZCE
2025-06-11 13:52:31.950 | INFO | SimpleStrategy | combined: 收到行情, FG507C1340.CZCE
2025-06-11 13:52:31.950 | INFO | SimpleStrategy | combined: 收到行情, FG507C1340.CZCE
2025-06-11 13:52:31.950 | INFO | SimpleStrategy | combined: 收到行情, FG507C1360.CZCE
2025-06-11 13:52:31.951 | INFO | SimpleStrategy | combined: 收到行情, FG507C1360.CZCE
2025-06-11 13:52:31.951 | INFO | SimpleStrategy | combined: 收到行情, FG507C1380.CZCE
2025-06-11 13:52:31.951 | INFO | SimpleStrategy | combined: 收到行情, FG507C1380.CZCE
2025-06-11 13:52:31.951 | INFO | SimpleStrategy | combined: 收到行情, FG507C1400.CZCE
2025-06-11 13:52:31.951 | INFO | SimpleStrategy | combined: 收到行情, FG507C1400.CZCE
2025-06-11 13:52:31.951 | INFO | SimpleStrategy | combined: 收到行情, FG507C1420.CZCE
2025-06-11 13:52:31.951 | INFO | SimpleStrategy | combined: 收到行情, FG507C1420.CZCE
2025-06-11 13:52:31.952 | INFO | SimpleStrategy | combined: 收到行情, FG507C820.CZCE
2025-06-11 13:52:31.952 | INFO | SimpleStrategy | combined: 收到行情, FG507C820.CZCE
2025-06-11 13:52:31.952 | INFO | SimpleStrategy | combined: 收到行情, FG507C830.CZCE
2025-06-11 13:52:31.952 | INFO | SimpleStrategy | combined: 收到行情, FG507C830.CZCE
2025-06-11 13:52:31.952 | INFO | SimpleStrategy | combined: 收到行情, FG507C840.CZCE
2025-06-11 13:52:31.952 | INFO | SimpleStrategy | combined: 收到行情, FG507C840.CZCE
2025-06-11 13:52:31.952 | INFO | SimpleStrategy | combined: 收到行情, FG507C850.CZCE
2025-06-11 13:52:31.952 | INFO | SimpleStrategy | combined: 收到行情, FG507C850.CZCE
2025-06-11 13:52:31.952 | INFO | SimpleStrategy | combined: 收到行情, FG507C860.CZCE
2025-06-11 13:52:31.952 | INFO | SimpleStrategy | combined: 收到行情, FG507C860.CZCE
2025-06-11 13:52:31.952 | INFO | SimpleStrategy | combined: 收到行情, FG507C870.CZCE
2025-06-11 13:52:31.952 | INFO | SimpleStrategy | combined: 收到行情, FG507C870.CZCE
2025-06-11 13:52:31.952 | INFO | SimpleStrategy | combined: 收到行情, FG507C880.CZCE
2025-06-11 13:52:31.953 | INFO | SimpleStrategy | combined: 收到行情, FG507C880.CZCE
2025-06-11 13:52:31.953 | INFO | SimpleStrategy | combined: 收到行情, FG507C890.CZCE
2025-06-11 13:52:31.953 | INFO | SimpleStrategy | combined: 收到行情, FG507C890.CZCE
2025-06-11 13:52:31.953 | INFO | SimpleStrategy | combined: 收到行情, FG507C900.CZCE
2025-06-11 13:52:31.953 | INFO | SimpleStrategy | combined: 收到行情, FG507C900.CZCE
2025-06-11 13:52:31.953 | INFO | SimpleStrategy | combined: 收到行情, FG507C910.CZCE
2025-06-11 13:52:31.953 | INFO | SimpleStrategy | combined: 收到行情, FG507C910.CZCE
2025-06-11 13:52:31.953 | INFO | SimpleStrategy | combined: 收到行情, FG507C920.CZCE
2025-06-11 13:52:31.953 | INFO | SimpleStrategy | combined: 收到行情, FG507C920.CZCE
2025-06-11 13:52:31.953 | INFO | SimpleStrategy | combined: 收到行情, FG507C930.CZCE
2025-06-11 13:52:31.954 | INFO | SimpleStrategy | combined: 收到行情, FG507C930.CZCE
2025-06-11 13:52:31.954 | INFO | SimpleStrategy | combined: 收到行情, FG507C940.CZCE
2025-06-11 13:52:31.954 | INFO | SimpleStrategy | combined: 收到行情, FG507C940.CZCE
2025-06-11 13:52:31.954 | INFO | SimpleStrategy | combined: 收到行情, FG507C950.CZCE
2025-06-11 13:52:31.954 | INFO | SimpleStrategy | combined: 收到行情, FG507C950.CZCE
2025-06-11 13:52:31.954 | INFO | SimpleStrategy | combined: 收到行情, FG507C960.CZCE
2025-06-11 13:52:31.954 | INFO | SimpleStrategy | combined: 收到行情, FG507C960.CZCE
2025-06-11 13:52:31.954 | INFO | SimpleStrategy | combined: 收到行情, FG507C970.CZCE
2025-06-11 13:52:31.954 | INFO | SimpleStrategy | combined: 收到行情, FG507C970.CZCE
2025-06-11 13:52:31.954 | INFO | SimpleStrategy | combined: 收到行情, FG507C980.CZCE
2025-06-11 13:52:31.954 | INFO | SimpleStrategy | combined: 收到行情, FG507C980.CZCE
2025-06-11 13:52:31.954 | INFO | SimpleStrategy | combined: 收到行情, FG507C990.CZCE
2025-06-11 13:52:31.954 | INFO | SimpleStrategy | combined: 收到行情, FG507C990.CZCE
2025-06-11 13:52:31.955 | INFO | SimpleStrategy | combined: 收到行情, FG507P1000.CZCE
2025-06-11 13:52:31.955 | INFO | SimpleStrategy | combined: 收到行情, FG507P1000.CZCE
2025-06-11 13:52:31.955 | INFO | SimpleStrategy | combined: 收到行情, FG507P1020.CZCE
2025-06-11 13:52:31.955 | INFO | SimpleStrategy | combined: 收到行情, FG507P1020.CZCE
2025-06-11 13:52:31.955 | INFO | SimpleStrategy | combined: 收到行情, FG507P1040.CZCE
2025-06-11 13:52:31.955 | INFO | SimpleStrategy | combined: 收到行情, FG507P1040.CZCE
2025-06-11 13:52:31.955 | INFO | SimpleStrategy | combined: 收到行情, FG507P1060.CZCE
2025-06-11 13:52:31.955 | INFO | SimpleStrategy | combined: 收到行情, FG507P1060.CZCE
2025-06-11 13:52:31.955 | INFO | SimpleStrategy | combined: 收到行情, FG507P1080.CZCE
2025-06-11 13:52:31.955 | INFO | SimpleStrategy | combined: 收到行情, FG507P1080.CZCE
2025-06-11 13:52:31.955 | INFO | SimpleStrategy | combined: 收到行情, FG507P1100.CZCE
2025-06-11 13:52:31.955 | INFO | SimpleStrategy | combined: 收到行情, FG507P1100.CZCE
2025-06-11 13:52:31.955 | INFO | SimpleStrategy | combined: 收到行情, FG507P1120.CZCE
2025-06-11 13:52:31.955 | INFO | SimpleStrategy | combined: 收到行情, FG507P1120.CZCE
2025-06-11 13:52:31.955 | INFO | SimpleStrategy | combined: 收到行情, FG507P1140.CZCE
2025-06-11 13:52:31.955 | INFO | SimpleStrategy | combined: 收到行情, FG507P1140.CZCE
2025-06-11 13:52:31.955 | INFO | SimpleStrategy | combined: 收到行情, FG507P1160.CZCE
2025-06-11 13:52:31.956 | INFO | SimpleStrategy | combined: 收到行情, FG507P1160.CZCE
2025-06-11 13:52:31.956 | INFO | SimpleStrategy | combined: 收到行情, FG507P1180.CZCE
2025-06-11 13:52:31.956 | INFO | SimpleStrategy | combined: 收到行情, FG507P1180.CZCE
2025-06-11 13:52:31.956 | INFO | SimpleStrategy | combined: 收到行情, FG507P1200.CZCE
2025-06-11 13:52:31.956 | INFO | SimpleStrategy | combined: 收到行情, FG507P1200.CZCE
2025-06-11 13:52:31.956 | INFO | SimpleStrategy | combined: 收到行情, FG507P1220.CZCE
2025-06-11 13:52:31.956 | INFO | SimpleStrategy | combined: 收到行情, FG507P1220.CZCE
2025-06-11 13:52:31.956 | INFO | SimpleStrategy | combined: 收到行情, FG507P1240.CZCE
2025-06-11 13:52:31.956 | INFO | SimpleStrategy | combined: 收到行情, FG507P1240.CZCE
2025-06-11 13:52:31.956 | INFO | SimpleStrategy | combined: 收到行情, FG507P1260.CZCE
2025-06-11 13:52:31.956 | INFO | SimpleStrategy | combined: 收到行情, FG507P1260.CZCE
2025-06-11 13:52:31.956 | INFO | SimpleStrategy | combined: 收到行情, FG507P1280.CZCE
2025-06-11 13:52:31.957 | INFO | SimpleStrategy | combined: 收到行情, FG507P1280.CZCE
2025-06-11 13:52:31.957 | INFO | SimpleStrategy | combined: 收到行情, FG507P1300.CZCE
2025-06-11 13:52:31.957 | INFO | SimpleStrategy | combined: 收到行情, FG507P1300.CZCE
2025-06-11 13:52:31.957 | INFO | SimpleStrategy | combined: 收到行情, FG507P1320.CZCE
2025-06-11 13:52:31.957 | INFO | SimpleStrategy | combined: 收到行情, FG507P1320.CZCE
2025-06-11 13:52:31.957 | INFO | SimpleStrategy | combined: 收到行情, FG507P1340.CZCE
2025-06-11 13:52:31.957 | INFO | SimpleStrategy | combined: 收到行情, FG507P1340.CZCE
2025-06-11 13:52:31.957 | INFO | SimpleStrategy | combined: 收到行情, FG507P1360.CZCE
2025-06-11 13:52:31.957 | INFO | SimpleStrategy | combined: 收到行情, FG507P1360.CZCE
2025-06-11 13:52:31.957 | INFO | SimpleStrategy | combined: 收到行情, FG507P1380.CZCE
2025-06-11 13:52:31.957 | INFO | SimpleStrategy | combined: 收到行情, FG507P1380.CZCE
2025-06-11 13:52:31.957 | INFO | SimpleStrategy | combined: 收到行情, FG507P1400.CZCE
2025-06-11 13:52:31.957 | INFO | SimpleStrategy | combined: 收到行情, FG507P1400.CZCE
2025-06-11 13:52:31.958 | INFO | SimpleStrategy | combined: 收到行情, FG507P1420.CZCE
2025-06-11 13:52:31.958 | INFO | SimpleStrategy | combined: 收到行情, FG507P1420.CZCE
2025-06-11 13:52:31.958 | INFO | SimpleStrategy | combined: 收到行情, FG507P820.CZCE
2025-06-11 13:52:31.958 | INFO | SimpleStrategy | combined: 收到行情, FG507P820.CZCE
2025-06-11 13:52:31.958 | INFO | SimpleStrategy | combined: 收到行情, FG507P830.CZCE
2025-06-11 13:52:31.958 | INFO | SimpleStrategy | combined: 收到行情, FG507P830.CZCE
2025-06-11 13:52:31.958 | INFO | SimpleStrategy | combined: 收到行情, FG507P840.CZCE
2025-06-11 13:52:31.958 | INFO | SimpleStrategy | combined: 收到行情, FG507P840.CZCE
2025-06-11 13:52:31.958 | INFO | SimpleStrategy | combined: 收到行情, FG507P850.CZCE
2025-06-11 13:52:31.959 | INFO | SimpleStrategy | combined: 收到行情, FG507P850.CZCE
2025-06-11 13:52:31.959 | INFO | SimpleStrategy | combined: 收到行情, FG507P860.CZCE
2025-06-11 13:52:31.959 | INFO | SimpleStrategy | combined: 收到行情, FG507P860.CZCE
2025-06-11 13:52:31.959 | INFO | SimpleStrategy | combined: 收到行情, FG507P870.CZCE
2025-06-11 13:52:31.959 | INFO | SimpleStrategy | combined: 收到行情, FG507P870.CZCE
2025-06-11 13:52:31.959 | INFO | SimpleStrategy | combined: 收到行情, FG507P880.CZCE
2025-06-11 13:52:31.959 | INFO | SimpleStrategy | combined: 收到行情, FG507P880.CZCE
2025-06-11 13:52:31.959 | INFO | SimpleStrategy | combined: 收到行情, FG507P890.CZCE
2025-06-11 13:52:31.959 | INFO | SimpleStrategy | combined: 收到行情, FG507P890.CZCE
2025-06-11 13:52:31.959 | INFO | SimpleStrategy | combined: 收到行情, FG507P900.CZCE
2025-06-11 13:52:31.959 | INFO | SimpleStrategy | combined: 收到行情, FG507P900.CZCE
2025-06-11 13:52:31.959 | INFO | SimpleStrategy | combined: 收到行情, FG507P910.CZCE
2025-06-11 13:52:31.959 | INFO | SimpleStrategy | combined: 收到行情, FG507P910.CZCE
2025-06-11 13:52:31.959 | INFO | SimpleStrategy | combined: 收到行情, FG507P920.CZCE
2025-06-11 13:52:31.959 | INFO | SimpleStrategy | combined: 收到行情, FG507P920.CZCE
2025-06-11 13:52:31.959 | INFO | SimpleStrategy | combined: 收到行情, FG507P930.CZCE
2025-06-11 13:52:31.960 | INFO | SimpleStrategy | combined: 收到行情, FG507P930.CZCE
2025-06-11 13:52:31.960 | INFO | SimpleStrategy | combined: 收到行情, FG507P940.CZCE
2025-06-11 13:52:31.960 | INFO | SimpleStrategy | combined: 收到行情, FG507P940.CZCE
2025-06-11 13:52:31.960 | INFO | SimpleStrategy | combined: 收到行情, FG507P950.CZCE
2025-06-11 13:52:31.960 | INFO | SimpleStrategy | combined: 收到行情, FG507P950.CZCE
2025-06-11 13:52:31.960 | INFO | SimpleStrategy | combined: 收到行情, FG507P960.CZCE
2025-06-11 13:52:31.960 | INFO | SimpleStrategy | combined: 收到行情, FG507P960.CZCE
2025-06-11 13:52:31.960 | INFO | SimpleStrategy | combined: 收到行情, FG507P970.CZCE
2025-06-11 13:52:31.960 | INFO | SimpleStrategy | combined: 收到行情, FG507P970.CZCE
2025-06-11 13:52:31.960 | INFO | SimpleStrategy | combined: 收到行情, FG507P980.CZCE
2025-06-11 13:52:31.960 | INFO | SimpleStrategy | combined: 收到行情, FG507P980.CZCE
2025-06-11 13:52:31.960 | INFO | SimpleStrategy | combined: 收到行情, FG507P990.CZCE
2025-06-11 13:52:31.960 | INFO | SimpleStrategy | combined: 收到行情, FG507P990.CZCE
2025-06-11 13:52:31.960 | INFO | SimpleStrategy | combined: 收到行情, FG508C1000.CZCE
2025-06-11 13:52:31.960 | INFO | SimpleStrategy | combined: 收到行情, FG508C1000.CZCE
2025-06-11 13:52:31.960 | INFO | SimpleStrategy | combined: 收到行情, FG508C1020.CZCE
2025-06-11 13:52:31.960 | INFO | SimpleStrategy | combined: 收到行情, FG508C1020.CZCE
2025-06-11 13:52:31.960 | INFO | SimpleStrategy | combined: 收到行情, FG508C1040.CZCE
2025-06-11 13:52:31.961 | INFO | SimpleStrategy | combined: 收到行情, FG508C1040.CZCE
2025-06-11 13:52:31.961 | INFO | SimpleStrategy | combined: 收到行情, FG508C1060.CZCE
2025-06-11 13:52:31.961 | INFO | SimpleStrategy | combined: 收到行情, FG508C1060.CZCE
2025-06-11 13:52:31.961 | INFO | SimpleStrategy | combined: 收到行情, FG508C1080.CZCE
2025-06-11 13:52:31.961 | INFO | SimpleStrategy | combined: 收到行情, FG508C1080.CZCE
2025-06-11 13:52:31.961 | INFO | SimpleStrategy | combined: 收到行情, FG508C1100.CZCE
2025-06-11 13:52:31.961 | INFO | SimpleStrategy | combined: 收到行情, FG508C1100.CZCE
2025-06-11 13:52:31.961 | INFO | SimpleStrategy | combined: 收到行情, FG508C1120.CZCE
2025-06-11 13:52:31.961 | INFO | SimpleStrategy | combined: 收到行情, FG508C1120.CZCE
2025-06-11 13:52:31.961 | INFO | SimpleStrategy | combined: 收到行情, FG508C1140.CZCE
2025-06-11 13:52:31.961 | INFO | SimpleStrategy | combined: 收到行情, FG508C1140.CZCE
2025-06-11 13:52:31.961 | INFO | SimpleStrategy | combined: 收到行情, FG508C1160.CZCE
2025-06-11 13:52:31.961 | INFO | SimpleStrategy | combined: 收到行情, FG508C1160.CZCE
2025-06-11 13:52:31.961 | INFO | SimpleStrategy | combined: 收到行情, FG508C1180.CZCE
2025-06-11 13:52:31.961 | INFO | SimpleStrategy | combined: 收到行情, FG508C1180.CZCE
2025-06-11 13:52:31.961 | INFO | SimpleStrategy | combined: 收到行情, FG508C1200.CZCE
2025-06-11 13:52:31.961 | INFO | SimpleStrategy | combined: 收到行情, FG508C1200.CZCE
2025-06-11 13:52:31.961 | INFO | SimpleStrategy | combined: 收到行情, FG508C1220.CZCE
2025-06-11 13:52:31.961 | INFO | SimpleStrategy | combined: 收到行情, FG508C1220.CZCE
2025-06-11 13:52:31.961 | INFO | SimpleStrategy | combined: 收到行情, FG508C1240.CZCE
2025-06-11 13:52:31.961 | INFO | SimpleStrategy | combined: 收到行情, FG508C1240.CZCE
2025-06-11 13:52:31.962 | INFO | SimpleStrategy | combined: 收到行情, FG508C1260.CZCE
2025-06-11 13:52:31.962 | INFO | SimpleStrategy | combined: 收到行情, FG508C1260.CZCE
2025-06-11 13:52:31.962 | INFO | SimpleStrategy | combined: 收到行情, FG508C1280.CZCE
2025-06-11 13:52:31.962 | INFO | SimpleStrategy | combined: 收到行情, FG508C1280.CZCE
2025-06-11 13:52:31.962 | INFO | SimpleStrategy | combined: 收到行情, FG508C1300.CZCE
2025-06-11 13:52:31.962 | INFO | SimpleStrategy | combined: 收到行情, FG508C1300.CZCE
2025-06-11 13:52:31.962 | INFO | SimpleStrategy | combined: 收到行情, FG508C1320.CZCE
2025-06-11 13:52:31.962 | INFO | SimpleStrategy | combined: 收到行情, FG508C1320.CZCE
2025-06-11 13:52:31.962 | INFO | SimpleStrategy | combined: 收到行情, FG508C1340.CZCE
2025-06-11 13:52:31.962 | INFO | SimpleStrategy | combined: 收到行情, FG508C1340.CZCE
2025-06-11 13:52:31.962 | INFO | SimpleStrategy | combined: 收到行情, FG508C1360.CZCE
2025-06-11 13:52:31.962 | INFO | SimpleStrategy | combined: 收到行情, FG508C1360.CZCE
2025-06-11 13:52:31.962 | INFO | SimpleStrategy | combined: 收到行情, FG508C1380.CZCE
2025-06-11 13:52:31.962 | INFO | SimpleStrategy | combined: 收到行情, FG508C1380.CZCE
2025-06-11 13:52:31.962 | INFO | SimpleStrategy | combined: 收到行情, FG508C1400.CZCE
2025-06-11 13:52:31.962 | INFO | SimpleStrategy | combined: 收到行情, FG508C1400.CZCE
2025-06-11 13:52:31.963 | INFO | SimpleStrategy | combined: 收到行情, FG508C1420.CZCE
2025-06-11 13:52:31.963 | INFO | SimpleStrategy | combined: 收到行情, FG508C1420.CZCE
2025-06-11 13:52:31.963 | INFO | SimpleStrategy | combined: 收到行情, FG508C1440.CZCE
2025-06-11 13:52:31.963 | INFO | SimpleStrategy | combined: 收到行情, FG508C1440.CZCE
2025-06-11 13:52:31.963 | INFO | SimpleStrategy | combined: 收到行情, FG508C1460.CZCE
2025-06-11 13:52:31.963 | INFO | SimpleStrategy | combined: 收到行情, FG508C1460.CZCE
2025-06-11 13:52:31.963 | INFO | SimpleStrategy | combined: 收到行情, FG508C1480.CZCE
2025-06-11 13:52:31.963 | INFO | SimpleStrategy | combined: 收到行情, FG508C1480.CZCE
2025-06-11 13:52:31.964 | INFO | SimpleStrategy | combined: 收到行情, FG508C1500.CZCE
2025-06-11 13:52:31.964 | INFO | SimpleStrategy | combined: 收到行情, FG508C1500.CZCE
2025-06-11 13:52:31.964 | INFO | SimpleStrategy | combined: 收到行情, FG508C1520.CZCE
2025-06-11 13:52:31.964 | INFO | SimpleStrategy | combined: 收到行情, FG508C1520.CZCE
2025-06-11 13:52:31.964 | INFO | SimpleStrategy | combined: 收到行情, FG508C1540.CZCE
2025-06-11 13:52:31.964 | INFO | SimpleStrategy | combined: 收到行情, FG508C1540.CZCE
2025-06-11 13:52:31.964 | INFO | SimpleStrategy | combined: 收到行情, FG508C1560.CZCE
2025-06-11 13:52:31.964 | INFO | SimpleStrategy | combined: 收到行情, FG508C1560.CZCE
2025-06-11 13:52:31.964 | INFO | SimpleStrategy | combined: 收到行情, FG508C1580.CZCE
2025-06-11 13:52:31.964 | INFO | SimpleStrategy | combined: 收到行情, FG508C1580.CZCE
2025-06-11 13:52:31.964 | INFO | SimpleStrategy | combined: 收到行情, FG508C1600.CZCE
2025-06-11 13:52:31.964 | INFO | SimpleStrategy | combined: 收到行情, FG508C1600.CZCE
2025-06-11 13:52:31.964 | INFO | SimpleStrategy | combined: 收到行情, FG508C1620.CZCE
2025-06-11 13:52:31.964 | INFO | SimpleStrategy | combined: 收到行情, FG508C1620.CZCE
2025-06-11 13:52:31.964 | INFO | SimpleStrategy | combined: 收到行情, FG508C850.CZCE
2025-06-11 13:52:31.964 | INFO | SimpleStrategy | combined: 收到行情, FG508C850.CZCE
2025-06-11 13:52:31.964 | INFO | SimpleStrategy | combined: 收到行情, FG508C860.CZCE
2025-06-11 13:52:31.964 | INFO | SimpleStrategy | combined: 收到行情, FG508C860.CZCE
2025-06-11 13:52:31.964 | INFO | SimpleStrategy | combined: 收到行情, FG508C870.CZCE
2025-06-11 13:52:31.964 | INFO | SimpleStrategy | combined: 收到行情, FG508C870.CZCE
2025-06-11 13:52:31.964 | INFO | SimpleStrategy | combined: 收到行情, FG508C880.CZCE
2025-06-11 13:52:31.964 | INFO | SimpleStrategy | combined: 收到行情, FG508C880.CZCE
2025-06-11 13:52:31.964 | INFO | SimpleStrategy | combined: 收到行情, FG508C890.CZCE
2025-06-11 13:52:31.964 | INFO | SimpleStrategy | combined: 收到行情, FG508C890.CZCE
2025-06-11 13:52:31.964 | INFO | SimpleStrategy | combined: 收到行情, FG508C900.CZCE
2025-06-11 13:52:31.964 | INFO | SimpleStrategy | combined: 收到行情, FG508C900.CZCE
2025-06-11 13:52:31.964 | INFO | SimpleStrategy | combined: 收到行情, FG508C910.CZCE
2025-06-11 13:52:31.964 | INFO | SimpleStrategy | combined: 收到行情, FG508C910.CZCE
2025-06-11 13:52:31.964 | INFO | SimpleStrategy | combined: 收到行情, FG508C920.CZCE
2025-06-11 13:52:31.964 | INFO | SimpleStrategy | combined: 收到行情, FG508C920.CZCE
2025-06-11 13:52:31.966 | INFO | SimpleStrategy | combined: 收到行情, FG508C930.CZCE
2025-06-11 13:52:31.966 | INFO | SimpleStrategy | combined: 收到行情, FG508C930.CZCE
2025-06-11 13:52:31.966 | INFO | SimpleStrategy | combined: 收到行情, FG508C940.CZCE
2025-06-11 13:52:31.966 | INFO | SimpleStrategy | combined: 收到行情, FG508C940.CZCE
2025-06-11 13:52:31.966 | INFO | SimpleStrategy | combined: 收到行情, FG508C950.CZCE
2025-06-11 13:52:31.966 | INFO | SimpleStrategy | combined: 收到行情, FG508C950.CZCE
2025-06-11 13:52:31.966 | INFO | SimpleStrategy | combined: 收到行情, FG508C960.CZCE
2025-06-11 13:52:31.966 | INFO | SimpleStrategy | combined: 收到行情, FG508C960.CZCE
2025-06-11 13:52:31.966 | INFO | SimpleStrategy | combined: 收到行情, FG508C970.CZCE
2025-06-11 13:52:31.966 | INFO | SimpleStrategy | combined: 收到行情, FG508C970.CZCE
2025-06-11 13:52:31.966 | INFO | SimpleStrategy | combined: 收到行情, FG508C980.CZCE
2025-06-11 13:52:31.966 | INFO | SimpleStrategy | combined: 收到行情, FG508C980.CZCE
2025-06-11 13:52:31.966 | INFO | SimpleStrategy | combined: 收到行情, FG508C990.CZCE
2025-06-11 13:52:31.966 | INFO | SimpleStrategy | combined: 收到行情, FG508C990.CZCE
2025-06-11 13:52:31.966 | INFO | SimpleStrategy | combined: 收到行情, FG508P1000.CZCE
2025-06-11 13:52:31.966 | INFO | SimpleStrategy | combined: 收到行情, FG508P1000.CZCE
2025-06-11 13:52:31.966 | INFO | SimpleStrategy | combined: 收到行情, FG508P1020.CZCE
2025-06-11 13:52:31.966 | INFO | SimpleStrategy | combined: 收到行情, FG508P1020.CZCE
2025-06-11 13:52:31.966 | INFO | SimpleStrategy | combined: 收到行情, FG508P1040.CZCE
2025-06-11 13:52:31.966 | INFO | SimpleStrategy | combined: 收到行情, FG508P1040.CZCE
2025-06-11 13:52:31.967 | INFO | SimpleStrategy | combined: 收到行情, FG508P1060.CZCE
2025-06-11 13:52:31.967 | INFO | SimpleStrategy | combined: 收到行情, FG508P1060.CZCE
2025-06-11 13:52:31.967 | INFO | SimpleStrategy | combined: 收到行情, FG508P1080.CZCE
2025-06-11 13:52:31.967 | INFO | SimpleStrategy | combined: 收到行情, FG508P1080.CZCE
2025-06-11 13:52:31.967 | INFO | SimpleStrategy | combined: 收到行情, FG508P1100.CZCE
2025-06-11 13:52:31.967 | INFO | SimpleStrategy | combined: 收到行情, FG508P1100.CZCE
2025-06-11 13:52:31.967 | INFO | SimpleStrategy | combined: 收到行情, FG508P1120.CZCE
2025-06-11 13:52:31.967 | INFO | SimpleStrategy | combined: 收到行情, FG508P1120.CZCE
2025-06-11 13:52:31.967 | INFO | SimpleStrategy | combined: 收到行情, FG508P1140.CZCE
2025-06-11 13:52:31.967 | INFO | SimpleStrategy | combined: 收到行情, FG508P1140.CZCE
2025-06-11 13:52:31.967 | INFO | SimpleStrategy | combined: 收到行情, FG508P1160.CZCE
2025-06-11 13:52:31.967 | INFO | SimpleStrategy | combined: 收到行情, FG508P1160.CZCE
2025-06-11 13:52:31.968 | INFO | SimpleStrategy | combined: 收到行情, FG508P1180.CZCE
2025-06-11 13:52:31.968 | INFO | SimpleStrategy | combined: 收到行情, FG508P1180.CZCE
2025-06-11 13:52:31.968 | INFO | SimpleStrategy | combined: 收到行情, FG508P1200.CZCE
2025-06-11 13:52:31.968 | INFO | SimpleStrategy | combined: 收到行情, FG508P1200.CZCE
2025-06-11 13:52:31.968 | INFO | SimpleStrategy | combined: 收到行情, FG508P1220.CZCE
2025-06-11 13:52:31.968 | INFO | SimpleStrategy | combined: 收到行情, FG508P1220.CZCE
2025-06-11 13:52:31.968 | INFO | SimpleStrategy | combined: 收到行情, FG508P1240.CZCE
2025-06-11 13:52:31.968 | INFO | SimpleStrategy | combined: 收到行情, FG508P1240.CZCE
2025-06-11 13:52:31.969 | INFO | SimpleStrategy | combined: 收到行情, FG508P1260.CZCE
2025-06-11 13:52:31.969 | INFO | SimpleStrategy | combined: 收到行情, FG508P1260.CZCE
2025-06-11 13:52:31.969 | INFO | SimpleStrategy | combined: 收到行情, FG508P1280.CZCE
2025-06-11 13:52:31.969 | INFO | SimpleStrategy | combined: 收到行情, FG508P1280.CZCE
2025-06-11 13:52:31.969 | INFO | SimpleStrategy | combined: 收到行情, FG508P1300.CZCE
2025-06-11 13:52:31.969 | INFO | SimpleStrategy | combined: 收到行情, FG508P1300.CZCE
2025-06-11 13:52:31.969 | INFO | SimpleStrategy | combined: 收到行情, FG508P1320.CZCE
2025-06-11 13:52:31.969 | INFO | SimpleStrategy | combined: 收到行情, FG508P1320.CZCE
2025-06-11 13:52:31.969 | INFO | SimpleStrategy | combined: 收到行情, FG508P1340.CZCE
2025-06-11 13:52:31.969 | INFO | SimpleStrategy | combined: 收到行情, FG508P1340.CZCE
2025-06-11 13:52:31.969 | INFO | SimpleStrategy | combined: 收到行情, FG508P1360.CZCE
2025-06-11 13:52:31.969 | INFO | SimpleStrategy | combined: 收到行情, FG508P1360.CZCE
2025-06-11 13:52:31.969 | INFO | SimpleStrategy | combined: 收到行情, FG508P1380.CZCE
2025-06-11 13:52:31.969 | INFO | SimpleStrategy | combined: 收到行情, FG508P1380.CZCE
2025-06-11 13:52:31.969 | INFO | SimpleStrategy | combined: 收到行情, FG508P1400.CZCE
2025-06-11 13:52:31.969 | INFO | SimpleStrategy | combined: 收到行情, FG508P1400.CZCE
2025-06-11 13:52:31.970 | INFO | SimpleStrategy | combined: 收到行情, FG508P1420.CZCE
2025-06-11 13:52:31.970 | INFO | SimpleStrategy | combined: 收到行情, FG508P1420.CZCE
2025-06-11 13:52:31.970 | INFO | SimpleStrategy | combined: 收到行情, FG508P1440.CZCE
2025-06-11 13:52:31.970 | INFO | SimpleStrategy | combined: 收到行情, FG508P1440.CZCE
2025-06-11 13:52:31.970 | INFO | SimpleStrategy | combined: 收到行情, FG508P1460.CZCE
2025-06-11 13:52:31.970 | INFO | SimpleStrategy | combined: 收到行情, FG508P1460.CZCE
2025-06-11 13:52:31.970 | INFO | SimpleStrategy | combined: 收到行情, FG508P1480.CZCE
2025-06-11 13:52:31.970 | INFO | SimpleStrategy | combined: 收到行情, FG508P1480.CZCE
2025-06-11 13:52:31.970 | INFO | SimpleStrategy | combined: 收到行情, FG508P1500.CZCE
2025-06-11 13:52:31.970 | INFO | SimpleStrategy | combined: 收到行情, FG508P1500.CZCE
2025-06-11 13:52:31.970 | INFO | SimpleStrategy | combined: 收到行情, FG508P1520.CZCE
2025-06-11 13:52:31.970 | INFO | SimpleStrategy | combined: 收到行情, FG508P1520.CZCE
2025-06-11 13:52:31.970 | INFO | SimpleStrategy | combined: 收到行情, FG508P1540.CZCE
2025-06-11 13:52:31.970 | INFO | SimpleStrategy | combined: 收到行情, FG508P1540.CZCE
2025-06-11 13:52:31.971 | INFO | SimpleStrategy | combined: 收到行情, FG508P1560.CZCE
2025-06-11 13:52:31.971 | INFO | SimpleStrategy | combined: 收到行情, FG508P1560.CZCE
2025-06-11 13:52:31.971 | INFO | SimpleStrategy | combined: 收到行情, FG508P1580.CZCE
2025-06-11 13:52:31.971 | INFO | SimpleStrategy | combined: 收到行情, FG508P1580.CZCE
2025-06-11 13:52:31.971 | INFO | SimpleStrategy | combined: 收到行情, FG508P1600.CZCE
2025-06-11 13:52:31.971 | INFO | SimpleStrategy | combined: 收到行情, FG508P1600.CZCE
2025-06-11 13:52:31.971 | INFO | SimpleStrategy | combined: 收到行情, FG508P1620.CZCE
2025-06-11 13:52:31.971 | INFO | SimpleStrategy | combined: 收到行情, FG508P1620.CZCE
2025-06-11 13:52:31.972 | INFO | SimpleStrategy | combined: 收到行情, FG508P850.CZCE
2025-06-11 13:52:31.972 | INFO | SimpleStrategy | combined: 收到行情, FG508P850.CZCE
2025-06-11 13:52:31.972 | INFO | SimpleStrategy | combined: 收到行情, FG508P860.CZCE
2025-06-11 13:52:31.972 | INFO | SimpleStrategy | combined: 收到行情, FG508P860.CZCE
2025-06-11 13:52:31.972 | INFO | SimpleStrategy | combined: 收到行情, FG508P870.CZCE
2025-06-11 13:52:31.972 | INFO | SimpleStrategy | combined: 收到行情, FG508P870.CZCE
2025-06-11 13:52:31.972 | INFO | SimpleStrategy | combined: 收到行情, FG508P880.CZCE
2025-06-11 13:52:31.972 | INFO | SimpleStrategy | combined: 收到行情, FG508P880.CZCE
2025-06-11 13:52:31.972 | INFO | SimpleStrategy | combined: 收到行情, FG508P890.CZCE
2025-06-11 13:52:31.972 | INFO | SimpleStrategy | combined: 收到行情, FG508P890.CZCE
2025-06-11 13:52:31.972 | INFO | SimpleStrategy | combined: 收到行情, FG508P900.CZCE
2025-06-11 13:52:31.972 | INFO | SimpleStrategy | combined: 收到行情, FG508P900.CZCE
2025-06-11 13:52:31.972 | INFO | SimpleStrategy | combined: 收到行情, FG508P910.CZCE
2025-06-11 13:52:31.972 | INFO | SimpleStrategy | combined: 收到行情, FG508P910.CZCE
2025-06-11 13:52:31.973 | INFO | SimpleStrategy | combined: 收到行情, FG508P920.CZCE
2025-06-11 13:52:31.973 | INFO | SimpleStrategy | combined: 收到行情, FG508P920.CZCE
2025-06-11 13:52:31.973 | INFO | SimpleStrategy | combined: 收到行情, FG508P930.CZCE
2025-06-11 13:52:31.973 | INFO | SimpleStrategy | combined: 收到行情, FG508P930.CZCE
2025-06-11 13:52:31.973 | INFO | SimpleStrategy | combined: 收到行情, FG508P940.CZCE
2025-06-11 13:52:31.973 | INFO | SimpleStrategy | combined: 收到行情, FG508P940.CZCE
2025-06-11 13:52:31.973 | INFO | SimpleStrategy | combined: 收到行情, FG508P950.CZCE
2025-06-11 13:52:31.973 | INFO | SimpleStrategy | combined: 收到行情, FG508P950.CZCE
2025-06-11 13:52:31.973 | INFO | SimpleStrategy | combined: 收到行情, FG508P960.CZCE
2025-06-11 13:52:31.973 | INFO | SimpleStrategy | combined: 收到行情, FG508P960.CZCE
2025-06-11 13:52:31.973 | INFO | SimpleStrategy | combined: 收到行情, FG508P970.CZCE
2025-06-11 13:52:31.973 | INFO | SimpleStrategy | combined: 收到行情, FG508P970.CZCE
2025-06-11 13:52:31.973 | INFO | SimpleStrategy | combined: 收到行情, FG508P980.CZCE
2025-06-11 13:52:31.973 | INFO | SimpleStrategy | combined: 收到行情, FG508P980.CZCE
2025-06-11 13:52:31.973 | INFO | SimpleStrategy | combined: 收到行情, FG508P990.CZCE
2025-06-11 13:52:31.974 | INFO | SimpleStrategy | combined: 收到行情, FG508P990.CZCE
2025-06-11 13:52:31.974 | INFO | SimpleStrategy | combined: 收到行情, MA507C1975.CZCE
2025-06-11 13:52:31.974 | INFO | SimpleStrategy | combined: 收到行情, MA507C1975.CZCE
2025-06-11 13:52:31.974 | INFO | SimpleStrategy | combined: 收到行情, MA507C2000.CZCE
2025-06-11 13:52:31.974 | INFO | SimpleStrategy | combined: 收到行情, MA507C2000.CZCE
2025-06-11 13:52:31.974 | INFO | SimpleStrategy | combined: 收到行情, MA507C2025.CZCE
2025-06-11 13:52:31.974 | INFO | SimpleStrategy | combined: 收到行情, MA507C2025.CZCE
2025-06-11 13:52:31.974 | INFO | SimpleStrategy | combined: 收到行情, MA507C2050.CZCE
2025-06-11 13:52:31.974 | INFO | SimpleStrategy | combined: 收到行情, MA507C2050.CZCE
2025-06-11 13:52:32.113 | INFO | SimpleStrategy | combined: 收到行情, MA507C2075.CZCE
2025-06-11 13:52:32.113 | INFO | SimpleStrategy | combined: 收到行情, MA507C2075.CZCE
2025-06-11 13:52:32.113 | INFO | SimpleStrategy | combined: 收到行情, MA507C2100.CZCE
2025-06-11 13:52:32.114 | INFO | SimpleStrategy | combined: 收到行情, MA507C2100.CZCE
2025-06-11 13:52:32.114 | INFO | SimpleStrategy | combined: 收到行情, MA507C2125.CZCE
2025-06-11 13:52:32.114 | INFO | SimpleStrategy | combined: 收到行情, MA507C2125.CZCE
2025-06-11 13:52:32.114 | INFO | SimpleStrategy | combined: 收到行情, MA507C2150.CZCE
2025-06-11 13:52:32.114 | INFO | SimpleStrategy | combined: 收到行情, MA507C2150.CZCE
2025-06-11 13:52:32.114 | INFO | SimpleStrategy | combined: 收到行情, MA507C2175.CZCE
2025-06-11 13:52:32.114 | INFO | SimpleStrategy | combined: 收到行情, MA507C2175.CZCE
2025-06-11 13:52:32.114 | INFO | SimpleStrategy | combined: 收到行情, MA507C2200.CZCE
2025-06-11 13:52:32.114 | INFO | SimpleStrategy | combined: 收到行情, MA507C2200.CZCE
2025-06-11 13:52:32.114 | INFO | SimpleStrategy | combined: 收到行情, MA507C2225.CZCE
2025-06-11 13:52:32.115 | INFO | SimpleStrategy | combined: 收到行情, MA507C2225.CZCE
2025-06-11 13:52:32.115 | INFO | SimpleStrategy | combined: 收到行情, MA507C2250.CZCE
2025-06-11 13:52:32.115 | INFO | SimpleStrategy | combined: 收到行情, MA507C2250.CZCE
2025-06-11 13:52:32.115 | INFO | SimpleStrategy | combined: 收到行情, MA507C2275.CZCE
2025-06-11 13:52:32.115 | INFO | SimpleStrategy | combined: 收到行情, MA507C2275.CZCE
2025-06-11 13:52:32.115 | INFO | SimpleStrategy | combined: 收到行情, MA507C2300.CZCE
2025-06-11 13:52:32.115 | INFO | SimpleStrategy | combined: 收到行情, MA507C2300.CZCE
2025-06-11 13:52:32.115 | INFO | SimpleStrategy | combined: 收到行情, MA507C2325.CZCE
2025-06-11 13:52:32.115 | INFO | SimpleStrategy | combined: 收到行情, MA507C2325.CZCE
2025-06-11 13:52:32.115 | INFO | SimpleStrategy | combined: 收到行情, MA507C2350.CZCE
2025-06-11 13:52:32.115 | INFO | SimpleStrategy | combined: 收到行情, MA507C2350.CZCE
2025-06-11 13:52:32.115 | INFO | SimpleStrategy | combined: 收到行情, MA507C2375.CZCE
2025-06-11 13:52:32.115 | INFO | SimpleStrategy | combined: 收到行情, MA507C2375.CZCE
2025-06-11 13:52:32.115 | INFO | SimpleStrategy | combined: 收到行情, MA507C2400.CZCE
2025-06-11 13:52:32.115 | INFO | SimpleStrategy | combined: 收到行情, MA507C2400.CZCE
2025-06-11 13:52:32.115 | INFO | SimpleStrategy | combined: 收到行情, MA507C2425.CZCE
2025-06-11 13:52:32.115 | INFO | SimpleStrategy | combined: 收到行情, MA507C2425.CZCE
2025-06-11 13:52:32.115 | INFO | SimpleStrategy | combined: 收到行情, MA507C2450.CZCE
2025-06-11 13:52:32.115 | INFO | SimpleStrategy | combined: 收到行情, MA507C2450.CZCE
2025-06-11 13:52:32.115 | INFO | SimpleStrategy | combined: 收到行情, MA507C2475.CZCE
2025-06-11 13:52:32.115 | INFO | SimpleStrategy | combined: 收到行情, MA507C2475.CZCE
2025-06-11 13:52:32.115 | INFO | SimpleStrategy | combined: 收到行情, MA507C2500.CZCE
2025-06-11 13:52:32.115 | INFO | SimpleStrategy | combined: 收到行情, MA507C2500.CZCE
2025-06-11 13:52:32.116 | INFO | SimpleStrategy | combined: 收到行情, MA507C2550.CZCE
2025-06-11 13:52:32.116 | INFO | SimpleStrategy | combined: 收到行情, MA507C2550.CZCE
2025-06-11 13:52:32.116 | INFO | SimpleStrategy | combined: 收到行情, MA507C2600.CZCE
2025-06-11 13:52:32.116 | INFO | SimpleStrategy | combined: 收到行情, MA507C2600.CZCE
2025-06-11 13:52:32.116 | INFO | SimpleStrategy | combined: 收到行情, MA507C2650.CZCE
2025-06-11 13:52:32.116 | INFO | SimpleStrategy | combined: 收到行情, MA507C2650.CZCE
2025-06-11 13:52:32.116 | INFO | SimpleStrategy | combined: 收到行情, MA507P1975.CZCE
2025-06-11 13:52:32.116 | INFO | SimpleStrategy | combined: 收到行情, MA507P1975.CZCE
2025-06-11 13:52:32.116 | INFO | SimpleStrategy | combined: 收到行情, MA507P2000.CZCE
2025-06-11 13:52:32.116 | INFO | SimpleStrategy | combined: 收到行情, MA507P2000.CZCE
2025-06-11 13:52:32.116 | INFO | SimpleStrategy | combined: 收到行情, MA507P2025.CZCE
2025-06-11 13:52:32.116 | INFO | SimpleStrategy | combined: 收到行情, MA507P2025.CZCE
2025-06-11 13:52:32.116 | INFO | SimpleStrategy | combined: 收到行情, MA507P2050.CZCE
2025-06-11 13:52:32.116 | INFO | SimpleStrategy | combined: 收到行情, MA507P2050.CZCE
2025-06-11 13:52:32.116 | INFO | SimpleStrategy | combined: 收到行情, MA507P2075.CZCE
2025-06-11 13:52:32.116 | INFO | SimpleStrategy | combined: 收到行情, MA507P2075.CZCE
2025-06-11 13:52:32.117 | INFO | SimpleStrategy | combined: 收到行情, MA507P2100.CZCE
2025-06-11 13:52:32.117 | INFO | SimpleStrategy | combined: 收到行情, MA507P2100.CZCE
2025-06-11 13:52:32.117 | INFO | SimpleStrategy | combined: 收到行情, MA507P2125.CZCE
2025-06-11 13:52:32.117 | INFO | SimpleStrategy | combined: 收到行情, MA507P2125.CZCE
2025-06-11 13:52:32.117 | INFO | SimpleStrategy | combined: 收到行情, MA507P2150.CZCE
2025-06-11 13:52:32.117 | INFO | SimpleStrategy | combined: 收到行情, MA507P2150.CZCE
2025-06-11 13:52:32.117 | INFO | SimpleStrategy | combined: 收到行情, MA507P2175.CZCE
2025-06-11 13:52:32.117 | INFO | SimpleStrategy | combined: 收到行情, MA507P2175.CZCE
2025-06-11 13:52:32.117 | INFO | SimpleStrategy | combined: 收到行情, MA507P2200.CZCE
2025-06-11 13:52:32.118 | INFO | SimpleStrategy | combined: 收到行情, MA507P2200.CZCE
2025-06-11 13:52:32.118 | INFO | SimpleStrategy | combined: 收到行情, MA507P2225.CZCE
2025-06-11 13:52:32.118 | INFO | SimpleStrategy | combined: 收到行情, MA507P2225.CZCE
2025-06-11 13:52:32.118 | INFO | SimpleStrategy | combined: 收到行情, MA507P2250.CZCE
2025-06-11 13:52:32.118 | INFO | SimpleStrategy | combined: 收到行情, MA507P2250.CZCE
2025-06-11 13:52:32.118 | INFO | SimpleStrategy | combined: 收到行情, MA507P2275.CZCE
2025-06-11 13:52:32.119 | INFO | SimpleStrategy | combined: 收到行情, MA507P2275.CZCE
2025-06-11 13:52:32.119 | INFO | SimpleStrategy | combined: 收到行情, MA507P2300.CZCE
2025-06-11 13:52:32.119 | INFO | SimpleStrategy | combined: 收到行情, MA507P2300.CZCE
2025-06-11 13:52:32.119 | INFO | SimpleStrategy | combined: 收到行情, MA507P2325.CZCE
2025-06-11 13:52:32.119 | INFO | SimpleStrategy | combined: 收到行情, MA507P2325.CZCE
2025-06-11 13:52:32.119 | INFO | SimpleStrategy | combined: 收到行情, MA507P2350.CZCE
2025-06-11 13:52:32.119 | INFO | SimpleStrategy | combined: 收到行情, MA507P2350.CZCE
2025-06-11 13:52:32.119 | INFO | SimpleStrategy | combined: 收到行情, MA507P2375.CZCE
2025-06-11 13:52:32.120 | INFO | SimpleStrategy | combined: 收到行情, MA507P2375.CZCE
2025-06-11 13:52:32.120 | INFO | SimpleStrategy | combined: 收到行情, MA507P2400.CZCE
2025-06-11 13:52:32.120 | INFO | SimpleStrategy | combined: 收到行情, MA507P2400.CZCE
2025-06-11 13:52:32.120 | INFO | SimpleStrategy | combined: 收到行情, MA507P2425.CZCE
2025-06-11 13:52:32.120 | INFO | SimpleStrategy | combined: 收到行情, MA507P2425.CZCE
2025-06-11 13:52:32.120 | INFO | SimpleStrategy | combined: 收到行情, MA507P2450.CZCE
2025-06-11 13:52:32.120 | INFO | SimpleStrategy | combined: 收到行情, MA507P2450.CZCE
2025-06-11 13:52:32.120 | INFO | SimpleStrategy | combined: 收到行情, MA507P2475.CZCE
2025-06-11 13:52:32.120 | INFO | SimpleStrategy | combined: 收到行情, MA507P2475.CZCE
2025-06-11 13:52:32.121 | INFO | SimpleStrategy | combined: 收到行情, MA507P2500.CZCE
2025-06-11 13:52:32.121 | INFO | SimpleStrategy | combined: 收到行情, MA507P2500.CZCE
2025-06-11 13:52:32.121 | INFO | SimpleStrategy | combined: 收到行情, MA507P2550.CZCE
2025-06-11 13:52:32.121 | INFO | SimpleStrategy | combined: 收到行情, MA507P2550.CZCE
2025-06-11 13:52:32.121 | INFO | SimpleStrategy | combined: 收到行情, MA507P2600.CZCE
2025-06-11 13:52:32.121 | INFO | SimpleStrategy | combined: 收到行情, MA507P2600.CZCE
2025-06-11 13:52:32.121 | INFO | SimpleStrategy | combined: 收到行情, MA507P2650.CZCE
2025-06-11 13:52:32.122 | INFO | SimpleStrategy | combined: 收到行情, MA507P2650.CZCE
2025-06-11 13:52:32.122 | INFO | SimpleStrategy | combined: 收到行情, MA508C1950.CZCE
2025-06-11 13:52:32.122 | INFO | SimpleStrategy | combined: 收到行情, MA508C1950.CZCE
2025-06-11 13:52:32.122 | INFO | SimpleStrategy | combined: 收到行情, MA508C1975.CZCE
2025-06-11 13:52:32.122 | INFO | SimpleStrategy | combined: 收到行情, MA508C1975.CZCE
2025-06-11 13:52:32.122 | INFO | SimpleStrategy | combined: 收到行情, MA508C2000.CZCE
2025-06-11 13:52:32.122 | INFO | SimpleStrategy | combined: 收到行情, MA508C2000.CZCE
2025-06-11 13:52:32.122 | INFO | SimpleStrategy | combined: 收到行情, MA508C2025.CZCE
2025-06-11 13:52:32.122 | INFO | SimpleStrategy | combined: 收到行情, MA508C2025.CZCE
2025-06-11 13:52:32.122 | INFO | SimpleStrategy | combined: 收到行情, MA508C2050.CZCE
2025-06-11 13:52:32.122 | INFO | SimpleStrategy | combined: 收到行情, MA508C2050.CZCE
2025-06-11 13:52:32.122 | INFO | SimpleStrategy | combined: 收到行情, MA508C2075.CZCE
2025-06-11 13:52:32.122 | INFO | SimpleStrategy | combined: 收到行情, MA508C2075.CZCE
2025-06-11 13:52:32.122 | INFO | SimpleStrategy | combined: 收到行情, MA508C2100.CZCE
2025-06-11 13:52:32.122 | INFO | SimpleStrategy | combined: 收到行情, MA508C2100.CZCE
2025-06-11 13:52:32.122 | INFO | SimpleStrategy | combined: 收到行情, MA508C2125.CZCE
2025-06-11 13:52:32.123 | INFO | SimpleStrategy | combined: 收到行情, MA508C2125.CZCE
2025-06-11 13:52:32.123 | INFO | SimpleStrategy | combined: 收到行情, MA508C2150.CZCE
2025-06-11 13:52:32.123 | INFO | SimpleStrategy | combined: 收到行情, MA508C2150.CZCE
2025-06-11 13:52:32.123 | INFO | SimpleStrategy | combined: 收到行情, MA508C2175.CZCE
2025-06-11 13:52:32.123 | INFO | SimpleStrategy | combined: 收到行情, MA508C2175.CZCE
2025-06-11 13:52:32.123 | INFO | SimpleStrategy | combined: 收到行情, MA508C2200.CZCE
2025-06-11 13:52:32.123 | INFO | SimpleStrategy | combined: 收到行情, MA508C2200.CZCE
2025-06-11 13:52:32.123 | INFO | SimpleStrategy | combined: 收到行情, MA508C2225.CZCE
2025-06-11 13:52:32.123 | INFO | SimpleStrategy | combined: 收到行情, MA508C2225.CZCE
2025-06-11 13:52:32.124 | INFO | SimpleStrategy | combined: 收到行情, MA508C2250.CZCE
2025-06-11 13:52:32.124 | INFO | SimpleStrategy | combined: 收到行情, MA508C2250.CZCE
2025-06-11 13:52:32.124 | INFO | SimpleStrategy | combined: 收到行情, MA508C2275.CZCE
2025-06-11 13:52:32.124 | INFO | SimpleStrategy | combined: 收到行情, MA508C2275.CZCE
2025-06-11 13:52:32.124 | INFO | SimpleStrategy | combined: 收到行情, MA508C2300.CZCE
2025-06-11 13:52:32.124 | INFO | SimpleStrategy | combined: 收到行情, MA508C2300.CZCE
2025-06-11 13:52:32.124 | INFO | SimpleStrategy | combined: 收到行情, MA508C2325.CZCE
2025-06-11 13:52:32.124 | INFO | SimpleStrategy | combined: 收到行情, MA508C2325.CZCE
2025-06-11 13:52:32.124 | INFO | SimpleStrategy | combined: 收到行情, MA508C2350.CZCE
2025-06-11 13:52:32.124 | INFO | SimpleStrategy | combined: 收到行情, MA508C2350.CZCE
2025-06-11 13:52:32.124 | INFO | SimpleStrategy | combined: 收到行情, MA508C2375.CZCE
2025-06-11 13:52:32.124 | INFO | SimpleStrategy | combined: 收到行情, MA508C2375.CZCE
2025-06-11 13:52:32.124 | INFO | SimpleStrategy | combined: 收到行情, MA508C2400.CZCE
2025-06-11 13:52:32.124 | INFO | SimpleStrategy | combined: 收到行情, MA508C2400.CZCE
2025-06-11 13:52:32.125 | INFO | SimpleStrategy | combined: 收到行情, MA508C2425.CZCE
2025-06-11 13:52:32.125 | INFO | SimpleStrategy | combined: 收到行情, MA508C2425.CZCE
2025-06-11 13:52:32.125 | INFO | SimpleStrategy | combined: 收到行情, MA508C2450.CZCE
2025-06-11 13:52:32.125 | INFO | SimpleStrategy | combined: 收到行情, MA508C2450.CZCE
2025-06-11 13:52:32.125 | INFO | SimpleStrategy | combined: 收到行情, MA508C2475.CZCE
2025-06-11 13:52:32.125 | INFO | SimpleStrategy | combined: 收到行情, MA508C2475.CZCE
2025-06-11 13:52:32.125 | INFO | SimpleStrategy | combined: 收到行情, MA508C2500.CZCE
2025-06-11 13:52:32.125 | INFO | SimpleStrategy | combined: 收到行情, MA508C2500.CZCE
2025-06-11 13:52:32.125 | INFO | SimpleStrategy | combined: 收到行情, MA508C2550.CZCE
2025-06-11 13:52:32.125 | INFO | SimpleStrategy | combined: 收到行情, MA508C2550.CZCE
2025-06-11 13:52:32.125 | INFO | SimpleStrategy | combined: 收到行情, MA508C2600.CZCE
2025-06-11 13:52:32.125 | INFO | SimpleStrategy | combined: 收到行情, MA508C2600.CZCE
2025-06-11 13:52:32.126 | INFO | SimpleStrategy | combined: 收到行情, MA508P1950.CZCE
2025-06-11 13:52:32.126 | INFO | SimpleStrategy | combined: 收到行情, MA508P1950.CZCE
2025-06-11 13:52:32.126 | INFO | SimpleStrategy | combined: 收到行情, MA508P1975.CZCE
2025-06-11 13:52:32.126 | INFO | SimpleStrategy | combined: 收到行情, MA508P1975.CZCE
2025-06-11 13:52:32.126 | INFO | SimpleStrategy | combined: 收到行情, MA508P2000.CZCE
2025-06-11 13:52:32.126 | INFO | SimpleStrategy | combined: 收到行情, MA508P2000.CZCE
2025-06-11 13:52:32.130 | INFO | SimpleStrategy | combined: 收到行情, MA508P2025.CZCE
2025-06-11 13:52:32.130 | INFO | SimpleStrategy | combined: 收到行情, MA508P2025.CZCE
2025-06-11 13:52:32.130 | INFO | SimpleStrategy | combined: 收到行情, MA508P2050.CZCE
2025-06-11 13:52:32.130 | INFO | SimpleStrategy | combined: 收到行情, MA508P2050.CZCE
2025-06-11 13:52:32.130 | INFO | SimpleStrategy | combined: 收到行情, MA508P2075.CZCE
2025-06-11 13:52:32.130 | INFO | SimpleStrategy | combined: 收到行情, MA508P2075.CZCE
2025-06-11 13:52:32.130 | INFO | SimpleStrategy | combined: 收到行情, MA508P2100.CZCE
2025-06-11 13:52:32.130 | INFO | SimpleStrategy | combined: 收到行情, MA508P2100.CZCE
2025-06-11 13:52:32.130 | INFO | SimpleStrategy | combined: 收到行情, MA508P2125.CZCE
2025-06-11 13:52:32.130 | INFO | SimpleStrategy | combined: 收到行情, MA508P2125.CZCE
2025-06-11 13:52:32.130 | INFO | SimpleStrategy | combined: 收到行情, MA508P2150.CZCE
2025-06-11 13:52:32.130 | INFO | SimpleStrategy | combined: 收到行情, MA508P2150.CZCE
2025-06-11 13:52:32.130 | INFO | SimpleStrategy | combined: 收到行情, MA508P2175.CZCE
2025-06-11 13:52:32.130 | INFO | SimpleStrategy | combined: 收到行情, MA508P2175.CZCE
2025-06-11 13:52:32.130 | INFO | SimpleStrategy | combined: 收到行情, MA508P2200.CZCE
2025-06-11 13:52:32.130 | INFO | SimpleStrategy | combined: 收到行情, MA508P2200.CZCE
2025-06-11 13:52:32.130 | INFO | SimpleStrategy | combined: 收到行情, MA508P2225.CZCE
2025-06-11 13:52:32.130 | INFO | SimpleStrategy | combined: 收到行情, MA508P2225.CZCE
2025-06-11 13:52:32.131 | INFO | SimpleStrategy | combined: 收到行情, MA508P2250.CZCE
2025-06-11 13:52:32.131 | INFO | SimpleStrategy | combined: 收到行情, MA508P2250.CZCE
2025-06-11 13:52:32.131 | INFO | SimpleStrategy | combined: 收到行情, MA508P2275.CZCE
2025-06-11 13:52:32.131 | INFO | SimpleStrategy | combined: 收到行情, MA508P2275.CZCE
2025-06-11 13:52:32.131 | INFO | SimpleStrategy | combined: 收到行情, MA508P2300.CZCE
2025-06-11 13:52:32.131 | INFO | SimpleStrategy | combined: 收到行情, MA508P2300.CZCE
2025-06-11 13:52:32.131 | INFO | SimpleStrategy | combined: 收到行情, MA508P2325.CZCE
2025-06-11 13:52:32.131 | INFO | SimpleStrategy | combined: 收到行情, MA508P2325.CZCE
2025-06-11 13:52:32.131 | INFO | SimpleStrategy | combined: 收到行情, MA508P2350.CZCE
2025-06-11 13:52:32.131 | INFO | SimpleStrategy | combined: 收到行情, MA508P2350.CZCE
2025-06-11 13:52:32.131 | INFO | SimpleStrategy | combined: 收到行情, MA508P2375.CZCE
2025-06-11 13:52:32.131 | INFO | SimpleStrategy | combined: 收到行情, MA508P2375.CZCE
2025-06-11 13:52:32.131 | INFO | SimpleStrategy | combined: 收到行情, MA508P2400.CZCE
2025-06-11 13:52:32.131 | INFO | SimpleStrategy | combined: 收到行情, MA508P2400.CZCE
2025-06-11 13:52:32.131 | INFO | SimpleStrategy | combined: 收到行情, MA508P2425.CZCE
2025-06-11 13:52:32.131 | INFO | SimpleStrategy | combined: 收到行情, MA508P2425.CZCE
2025-06-11 13:52:32.132 | INFO | SimpleStrategy | combined: 收到行情, MA508P2450.CZCE
2025-06-11 13:52:32.132 | INFO | SimpleStrategy | combined: 收到行情, MA508P2450.CZCE
2025-06-11 13:52:32.132 | INFO | SimpleStrategy | combined: 收到行情, MA508P2475.CZCE
2025-06-11 13:52:32.132 | INFO | SimpleStrategy | combined: 收到行情, MA508P2475.CZCE
2025-06-11 13:52:32.132 | INFO | SimpleStrategy | combined: 收到行情, MA508P2500.CZCE
2025-06-11 13:52:32.132 | INFO | SimpleStrategy | combined: 收到行情, MA508P2500.CZCE
2025-06-11 13:52:32.132 | INFO | SimpleStrategy | combined: 收到行情, MA508P2550.CZCE
2025-06-11 13:52:32.132 | INFO | SimpleStrategy | combined: 收到行情, MA508P2550.CZCE
2025-06-11 13:52:32.132 | INFO | SimpleStrategy | combined: 收到行情, MA508P2600.CZCE
2025-06-11 13:52:32.132 | INFO | SimpleStrategy | combined: 收到行情, MA508P2600.CZCE
2025-06-11 13:52:32.132 | INFO | SimpleStrategy | combined: 收到行情, OI507C10000.CZCE
2025-06-11 13:52:32.132 | INFO | SimpleStrategy | combined: 收到行情, OI507C10000.CZCE
2025-06-11 13:52:32.132 | INFO | SimpleStrategy | combined: 收到行情, OI507C10200.CZCE
2025-06-11 13:52:32.132 | INFO | SimpleStrategy | combined: 收到行情, OI507C10200.CZCE
2025-06-11 13:52:32.132 | INFO | SimpleStrategy | combined: 收到行情, OI507C10400.CZCE
2025-06-11 13:52:32.133 | INFO | SimpleStrategy | combined: 收到行情, OI507C10400.CZCE
2025-06-11 13:52:32.133 | INFO | SimpleStrategy | combined: 收到行情, OI507C10600.CZCE
2025-06-11 13:52:32.133 | INFO | SimpleStrategy | combined: 收到行情, OI507C10600.CZCE
2025-06-11 13:52:32.133 | INFO | SimpleStrategy | combined: 收到行情, OI507C10800.CZCE
2025-06-11 13:52:32.133 | INFO | SimpleStrategy | combined: 收到行情, OI507C10800.CZCE
2025-06-11 13:52:32.133 | INFO | SimpleStrategy | combined: 收到行情, OI507C11000.CZCE
2025-06-11 13:52:32.133 | INFO | SimpleStrategy | combined: 收到行情, OI507C11000.CZCE
2025-06-11 13:52:32.133 | INFO | SimpleStrategy | combined: 收到行情, OI507C7900.CZCE
2025-06-11 13:52:32.133 | INFO | SimpleStrategy | combined: 收到行情, OI507C7900.CZCE
2025-06-11 13:52:32.133 | INFO | SimpleStrategy | combined: 收到行情, OI507C8000.CZCE
2025-06-11 13:52:32.133 | INFO | SimpleStrategy | combined: 收到行情, OI507C8000.CZCE
2025-06-11 13:52:32.133 | INFO | SimpleStrategy | combined: 收到行情, OI507C8100.CZCE
2025-06-11 13:52:32.133 | INFO | SimpleStrategy | combined: 收到行情, OI507C8100.CZCE
2025-06-11 13:52:32.134 | INFO | SimpleStrategy | combined: 收到行情, OI507C8200.CZCE
2025-06-11 13:52:32.134 | INFO | SimpleStrategy | combined: 收到行情, OI507C8200.CZCE
2025-06-11 13:52:32.134 | INFO | SimpleStrategy | combined: 收到行情, OI507C8300.CZCE
2025-06-11 13:52:32.134 | INFO | SimpleStrategy | combined: 收到行情, OI507C8300.CZCE
2025-06-11 13:52:32.134 | INFO | SimpleStrategy | combined: 收到行情, OI507C8400.CZCE
2025-06-11 13:52:32.134 | INFO | SimpleStrategy | combined: 收到行情, OI507C8400.CZCE
2025-06-11 13:52:32.134 | INFO | SimpleStrategy | combined: 收到行情, OI507C8500.CZCE
2025-06-11 13:52:32.134 | INFO | SimpleStrategy | combined: 收到行情, OI507C8500.CZCE
2025-06-11 13:52:32.134 | INFO | SimpleStrategy | combined: 收到行情, OI507C8600.CZCE
2025-06-11 13:52:32.134 | INFO | SimpleStrategy | combined: 收到行情, OI507C8600.CZCE
2025-06-11 13:52:32.134 | INFO | SimpleStrategy | combined: 收到行情, OI507C8700.CZCE
2025-06-11 13:52:32.134 | INFO | SimpleStrategy | combined: 收到行情, OI507C8700.CZCE
2025-06-11 13:52:32.134 | INFO | SimpleStrategy | combined: 收到行情, OI507C8800.CZCE
2025-06-11 13:52:32.134 | INFO | SimpleStrategy | combined: 收到行情, OI507C8800.CZCE
2025-06-11 13:52:32.134 | INFO | SimpleStrategy | combined: 收到行情, OI507C8900.CZCE
2025-06-11 13:52:32.135 | INFO | SimpleStrategy | combined: 收到行情, OI507C8900.CZCE
2025-06-11 13:52:32.135 | INFO | SimpleStrategy | combined: 收到行情, OI507C9000.CZCE
2025-06-11 13:52:32.135 | INFO | SimpleStrategy | combined: 收到行情, OI507C9000.CZCE
2025-06-11 13:52:32.135 | INFO | SimpleStrategy | combined: 收到行情, OI507C9100.CZCE
2025-06-11 13:52:32.135 | INFO | SimpleStrategy | combined: 收到行情, OI507C9100.CZCE
2025-06-11 13:52:32.135 | INFO | SimpleStrategy | combined: 收到行情, OI507C9200.CZCE
2025-06-11 13:52:32.135 | INFO | SimpleStrategy | combined: 收到行情, OI507C9200.CZCE
2025-06-11 13:52:32.135 | INFO | SimpleStrategy | combined: 收到行情, OI507C9300.CZCE
2025-06-11 13:52:32.135 | INFO | SimpleStrategy | combined: 收到行情, OI507C9300.CZCE
2025-06-11 13:52:32.135 | INFO | SimpleStrategy | combined: 收到行情, OI507C9400.CZCE
2025-06-11 13:52:32.135 | INFO | SimpleStrategy | combined: 收到行情, OI507C9400.CZCE
2025-06-11 13:52:32.135 | INFO | SimpleStrategy | combined: 收到行情, OI507C9500.CZCE
2025-06-11 13:52:32.136 | INFO | SimpleStrategy | combined: 收到行情, OI507C9500.CZCE
2025-06-11 13:52:32.136 | INFO | SimpleStrategy | combined: 收到行情, OI507C9600.CZCE
2025-06-11 13:52:32.136 | INFO | SimpleStrategy | combined: 收到行情, OI507C9600.CZCE
2025-06-11 13:52:32.136 | INFO | SimpleStrategy | combined: 收到行情, OI507C9700.CZCE
2025-06-11 13:52:32.136 | INFO | SimpleStrategy | combined: 收到行情, OI507C9700.CZCE
2025-06-11 13:52:32.136 | INFO | SimpleStrategy | combined: 收到行情, OI507C9800.CZCE
2025-06-11 13:52:32.136 | INFO | SimpleStrategy | combined: 收到行情, OI507C9800.CZCE
2025-06-11 13:52:32.136 | INFO | SimpleStrategy | combined: 收到行情, OI507C9900.CZCE
2025-06-11 13:52:32.137 | INFO | SimpleStrategy | combined: 收到行情, OI507C9900.CZCE
2025-06-11 13:52:32.137 | INFO | SimpleStrategy | combined: 收到行情, OI507P10000.CZCE
2025-06-11 13:52:32.137 | INFO | SimpleStrategy | combined: 收到行情, OI507P10000.CZCE
2025-06-11 13:52:32.137 | INFO | SimpleStrategy | combined: 收到行情, OI507P10200.CZCE
2025-06-11 13:52:32.137 | INFO | SimpleStrategy | combined: 收到行情, OI507P10200.CZCE
2025-06-11 13:52:32.137 | INFO | SimpleStrategy | combined: 收到行情, OI507P10400.CZCE
2025-06-11 13:52:32.137 | INFO | SimpleStrategy | combined: 收到行情, OI507P10400.CZCE
2025-06-11 13:52:32.137 | INFO | SimpleStrategy | combined: 收到行情, OI507P10600.CZCE
2025-06-11 13:52:32.137 | INFO | SimpleStrategy | combined: 收到行情, OI507P10600.CZCE
2025-06-11 13:52:32.137 | INFO | SimpleStrategy | combined: 收到行情, OI507P10800.CZCE
2025-06-11 13:52:32.137 | INFO | SimpleStrategy | combined: 收到行情, OI507P10800.CZCE
2025-06-11 13:52:32.137 | INFO | SimpleStrategy | combined: 收到行情, OI507P11000.CZCE
2025-06-11 13:52:32.137 | INFO | SimpleStrategy | combined: 收到行情, OI507P11000.CZCE
2025-06-11 13:52:32.137 | INFO | SimpleStrategy | combined: 收到行情, OI507P7900.CZCE
2025-06-11 13:52:32.137 | INFO | SimpleStrategy | combined: 收到行情, OI507P7900.CZCE
2025-06-11 13:52:32.139 | INFO | SimpleStrategy | combined: 收到行情, OI507P8000.CZCE
2025-06-11 13:52:32.139 | INFO | SimpleStrategy | combined: 收到行情, OI507P8000.CZCE
2025-06-11 13:52:32.139 | INFO | SimpleStrategy | combined: 收到行情, OI507P8100.CZCE
2025-06-11 13:52:32.139 | INFO | SimpleStrategy | combined: 收到行情, OI507P8100.CZCE
2025-06-11 13:52:32.139 | INFO | SimpleStrategy | combined: 收到行情, OI507P8200.CZCE
2025-06-11 13:52:32.139 | INFO | SimpleStrategy | combined: 收到行情, OI507P8200.CZCE
2025-06-11 13:52:32.139 | INFO | SimpleStrategy | combined: 收到行情, OI507P8300.CZCE
2025-06-11 13:52:32.139 | INFO | SimpleStrategy | combined: 收到行情, OI507P8300.CZCE
2025-06-11 13:52:32.139 | INFO | SimpleStrategy | combined: 收到行情, OI507P8400.CZCE
2025-06-11 13:52:32.139 | INFO | SimpleStrategy | combined: 收到行情, OI507P8400.CZCE
2025-06-11 13:52:32.139 | INFO | SimpleStrategy | combined: 收到行情, OI507P8500.CZCE
2025-06-11 13:52:32.139 | INFO | SimpleStrategy | combined: 收到行情, OI507P8500.CZCE
2025-06-11 13:52:32.139 | INFO | SimpleStrategy | combined: 收到行情, OI507P8600.CZCE
2025-06-11 13:52:32.139 | INFO | SimpleStrategy | combined: 收到行情, OI507P8600.CZCE
2025-06-11 13:52:32.139 | INFO | SimpleStrategy | combined: 收到行情, OI507P8700.CZCE
2025-06-11 13:52:32.139 | INFO | SimpleStrategy | combined: 收到行情, OI507P8700.CZCE
2025-06-11 13:52:32.139 | INFO | SimpleStrategy | combined: 收到行情, OI507P8800.CZCE
2025-06-11 13:52:32.140 | INFO | SimpleStrategy | combined: 收到行情, OI507P8800.CZCE
2025-06-11 13:52:32.140 | INFO | SimpleStrategy | combined: 收到行情, OI507P8900.CZCE
2025-06-11 13:52:32.140 | INFO | SimpleStrategy | combined: 收到行情, OI507P8900.CZCE
2025-06-11 13:52:32.140 | INFO | SimpleStrategy | combined: 收到行情, OI507P9000.CZCE
2025-06-11 13:52:32.140 | INFO | SimpleStrategy | combined: 收到行情, OI507P9000.CZCE
2025-06-11 13:52:32.140 | INFO | SimpleStrategy | combined: 收到行情, OI507P9100.CZCE
2025-06-11 13:52:32.140 | INFO | SimpleStrategy | combined: 收到行情, OI507P9100.CZCE
2025-06-11 13:52:32.140 | INFO | SimpleStrategy | combined: 收到行情, OI507P9200.CZCE
2025-06-11 13:52:32.140 | INFO | SimpleStrategy | combined: 收到行情, OI507P9200.CZCE
2025-06-11 13:52:32.140 | INFO | SimpleStrategy | combined: 收到行情, OI507P9300.CZCE
2025-06-11 13:52:32.140 | INFO | SimpleStrategy | combined: 收到行情, OI507P9300.CZCE
2025-06-11 13:52:32.140 | INFO | SimpleStrategy | combined: 收到行情, OI507P9400.CZCE
2025-06-11 13:52:32.140 | INFO | SimpleStrategy | combined: 收到行情, OI507P9400.CZCE
2025-06-11 13:52:32.140 | INFO | SimpleStrategy | combined: 收到行情, OI507P9500.CZCE
2025-06-11 13:52:32.140 | INFO | SimpleStrategy | combined: 收到行情, OI507P9500.CZCE
2025-06-11 13:52:32.140 | INFO | SimpleStrategy | combined: 收到行情, OI507P9600.CZCE
2025-06-11 13:52:32.140 | INFO | SimpleStrategy | combined: 收到行情, OI507P9600.CZCE
2025-06-11 13:52:32.140 | INFO | SimpleStrategy | combined: 收到行情, OI507P9700.CZCE
2025-06-11 13:52:32.140 | INFO | SimpleStrategy | combined: 收到行情, OI507P9700.CZCE
2025-06-11 13:52:32.140 | INFO | SimpleStrategy | combined: 收到行情, OI507P9800.CZCE
2025-06-11 13:52:32.140 | INFO | SimpleStrategy | combined: 收到行情, OI507P9800.CZCE
2025-06-11 13:52:32.141 | INFO | SimpleStrategy | combined: 收到行情, OI507P9900.CZCE
2025-06-11 13:52:32.141 | INFO | SimpleStrategy | combined: 收到行情, OI507P9900.CZCE
2025-06-11 13:52:32.141 | INFO | SimpleStrategy | combined: 收到行情, OI509C10000.CZCE
2025-06-11 13:52:32.141 | INFO | SimpleStrategy | combined: 收到行情, OI509C10000.CZCE
2025-06-11 13:52:32.141 | INFO | SimpleStrategy | combined: 收到行情, OI509C10200.CZCE
2025-06-11 13:52:32.141 | INFO | SimpleStrategy | combined: 收到行情, OI509C10200.CZCE
2025-06-11 13:52:32.141 | INFO | SimpleStrategy | combined: 收到行情, OI509C10400.CZCE
2025-06-11 13:52:32.142 | INFO | SimpleStrategy | combined: 收到行情, OI509C10400.CZCE
2025-06-11 13:52:32.142 | INFO | SimpleStrategy | combined: 收到行情, OI509C10600.CZCE
2025-06-11 13:52:32.142 | INFO | SimpleStrategy | combined: 收到行情, OI509C10600.CZCE
2025-06-11 13:52:32.142 | INFO | SimpleStrategy | combined: 收到行情, OI509C10800.CZCE
2025-06-11 13:52:32.142 | INFO | SimpleStrategy | combined: 收到行情, OI509C10800.CZCE
2025-06-11 13:52:32.142 | INFO | SimpleStrategy | combined: 收到行情, OI509C7300.CZCE
2025-06-11 13:52:32.142 | INFO | SimpleStrategy | combined: 收到行情, OI509C7300.CZCE
2025-06-11 13:52:32.142 | INFO | SimpleStrategy | combined: 收到行情, OI509C7400.CZCE
2025-06-11 13:52:32.142 | INFO | SimpleStrategy | combined: 收到行情, OI509C7400.CZCE
2025-06-11 13:52:32.142 | INFO | SimpleStrategy | combined: 收到行情, OI509C7500.CZCE
2025-06-11 13:52:32.142 | INFO | SimpleStrategy | combined: 收到行情, OI509C7500.CZCE
2025-06-11 13:52:32.142 | INFO | SimpleStrategy | combined: 收到行情, OI509C7600.CZCE
2025-06-11 13:52:32.142 | INFO | SimpleStrategy | combined: 收到行情, OI509C7600.CZCE
2025-06-11 13:52:32.142 | INFO | SimpleStrategy | combined: 收到行情, OI509C7700.CZCE
2025-06-11 13:52:32.142 | INFO | SimpleStrategy | combined: 收到行情, OI509C7700.CZCE
2025-06-11 13:52:32.142 | INFO | SimpleStrategy | combined: 收到行情, OI509C7800.CZCE
2025-06-11 13:52:32.142 | INFO | SimpleStrategy | combined: 收到行情, OI509C7800.CZCE
2025-06-11 13:52:32.142 | INFO | SimpleStrategy | combined: 收到行情, OI509C7900.CZCE
2025-06-11 13:52:32.142 | INFO | SimpleStrategy | combined: 收到行情, OI509C7900.CZCE
2025-06-11 13:52:32.142 | INFO | SimpleStrategy | combined: 收到行情, OI509C8000.CZCE
2025-06-11 13:52:32.142 | INFO | SimpleStrategy | combined: 收到行情, OI509C8000.CZCE
2025-06-11 13:52:32.142 | INFO | SimpleStrategy | combined: 收到行情, OI509C8100.CZCE
2025-06-11 13:52:32.142 | INFO | SimpleStrategy | combined: 收到行情, OI509C8100.CZCE
2025-06-11 13:52:32.144 | INFO | SimpleStrategy | combined: 收到行情, OI509C8200.CZCE
2025-06-11 13:52:32.144 | INFO | SimpleStrategy | combined: 收到行情, OI509C8200.CZCE
2025-06-11 13:52:32.144 | INFO | SimpleStrategy | combined: 收到行情, OI509C8300.CZCE
2025-06-11 13:52:32.144 | INFO | SimpleStrategy | combined: 收到行情, OI509C8300.CZCE
2025-06-11 13:52:32.144 | INFO | SimpleStrategy | combined: 收到行情, OI509C8400.CZCE
2025-06-11 13:52:32.144 | INFO | SimpleStrategy | combined: 收到行情, OI509C8400.CZCE
2025-06-11 13:52:32.144 | INFO | SimpleStrategy | combined: 收到行情, OI509C8500.CZCE
2025-06-11 13:52:32.144 | INFO | SimpleStrategy | combined: 收到行情, OI509C8500.CZCE
2025-06-11 13:52:32.144 | INFO | SimpleStrategy | combined: 收到行情, OI509C8600.CZCE
2025-06-11 13:52:32.144 | INFO | SimpleStrategy | combined: 收到行情, OI509C8600.CZCE
2025-06-11 13:52:32.144 | INFO | SimpleStrategy | combined: 收到行情, OI509C8700.CZCE
2025-06-11 13:52:32.144 | INFO | SimpleStrategy | combined: 收到行情, OI509C8700.CZCE
2025-06-11 13:52:32.144 | INFO | SimpleStrategy | combined: 收到行情, OI509C8800.CZCE
2025-06-11 13:52:32.144 | INFO | SimpleStrategy | combined: 收到行情, OI509C8800.CZCE
2025-06-11 13:52:32.144 | INFO | SimpleStrategy | combined: 收到行情, OI509C8900.CZCE
2025-06-11 13:52:32.144 | INFO | SimpleStrategy | combined: 收到行情, OI509C8900.CZCE
2025-06-11 13:52:32.144 | INFO | SimpleStrategy | combined: 收到行情, OI509C9000.CZCE
2025-06-11 13:52:32.144 | INFO | SimpleStrategy | combined: 收到行情, OI509C9000.CZCE
2025-06-11 13:52:32.145 | INFO | SimpleStrategy | combined: 收到行情, OI509C9100.CZCE
2025-06-11 13:52:32.145 | INFO | SimpleStrategy | combined: 收到行情, OI509C9100.CZCE
2025-06-11 13:52:32.145 | INFO | SimpleStrategy | combined: 收到行情, OI509C9200.CZCE
2025-06-11 13:52:32.145 | INFO | SimpleStrategy | combined: 收到行情, OI509C9200.CZCE
2025-06-11 13:52:32.145 | INFO | SimpleStrategy | combined: 收到行情, OI509C9300.CZCE
2025-06-11 13:52:32.145 | INFO | SimpleStrategy | combined: 收到行情, OI509C9300.CZCE
2025-06-11 13:52:32.145 | INFO | SimpleStrategy | combined: 收到行情, OI509C9400.CZCE
2025-06-11 13:52:32.145 | INFO | SimpleStrategy | combined: 收到行情, OI509C9400.CZCE
2025-06-11 13:52:32.145 | INFO | SimpleStrategy | combined: 收到行情, OI509C9500.CZCE
2025-06-11 13:52:32.145 | INFO | SimpleStrategy | combined: 收到行情, OI509C9500.CZCE
2025-06-11 13:52:32.145 | INFO | SimpleStrategy | combined: 收到行情, OI509C9600.CZCE
2025-06-11 13:52:32.145 | INFO | SimpleStrategy | combined: 收到行情, OI509C9600.CZCE
2025-06-11 13:52:32.145 | INFO | SimpleStrategy | combined: 收到行情, OI509C9700.CZCE
2025-06-11 13:52:32.146 | INFO | SimpleStrategy | combined: 收到行情, OI509C9700.CZCE
2025-06-11 13:52:32.146 | INFO | SimpleStrategy | combined: 收到行情, OI509C9800.CZCE
2025-06-11 13:52:32.146 | INFO | SimpleStrategy | combined: 收到行情, OI509C9800.CZCE
2025-06-11 13:52:32.146 | INFO | SimpleStrategy | combined: 收到行情, OI509C9900.CZCE
2025-06-11 13:52:32.146 | INFO | SimpleStrategy | combined: 收到行情, OI509C9900.CZCE
2025-06-11 13:52:32.146 | INFO | SimpleStrategy | combined: 收到行情, OI509P10000.CZCE
2025-06-11 13:52:32.146 | INFO | SimpleStrategy | combined: 收到行情, OI509P10000.CZCE
2025-06-11 13:52:32.146 | INFO | SimpleStrategy | combined: 收到行情, OI509P10200.CZCE
2025-06-11 13:52:32.146 | INFO | SimpleStrategy | combined: 收到行情, OI509P10200.CZCE
2025-06-11 13:52:32.146 | INFO | SimpleStrategy | combined: 收到行情, OI509P10400.CZCE
2025-06-11 13:52:32.146 | INFO | SimpleStrategy | combined: 收到行情, OI509P10400.CZCE
2025-06-11 13:52:32.146 | INFO | SimpleStrategy | combined: 收到行情, OI509P10600.CZCE
2025-06-11 13:52:32.146 | INFO | SimpleStrategy | combined: 收到行情, OI509P10600.CZCE
2025-06-11 13:52:32.146 | INFO | SimpleStrategy | combined: 收到行情, OI509P10800.CZCE
2025-06-11 13:52:32.147 | INFO | SimpleStrategy | combined: 收到行情, OI509P10800.CZCE
2025-06-11 13:52:32.147 | INFO | SimpleStrategy | combined: 收到行情, OI509P7300.CZCE
2025-06-11 13:52:32.147 | INFO | SimpleStrategy | combined: 收到行情, OI509P7300.CZCE
2025-06-11 13:52:32.147 | INFO | SimpleStrategy | combined: 收到行情, OI509P7400.CZCE
2025-06-11 13:52:32.147 | INFO | SimpleStrategy | combined: 收到行情, OI509P7400.CZCE
2025-06-11 13:52:32.147 | INFO | SimpleStrategy | combined: 收到行情, OI509P7500.CZCE
2025-06-11 13:52:32.147 | INFO | SimpleStrategy | combined: 收到行情, OI509P7500.CZCE
2025-06-11 13:52:32.147 | INFO | SimpleStrategy | combined: 收到行情, OI509P7600.CZCE
2025-06-11 13:52:32.147 | INFO | SimpleStrategy | combined: 收到行情, OI509P7600.CZCE
2025-06-11 13:52:32.147 | INFO | SimpleStrategy | combined: 收到行情, OI509P7700.CZCE
2025-06-11 13:52:32.147 | INFO | SimpleStrategy | combined: 收到行情, OI509P7700.CZCE
2025-06-11 13:52:32.147 | INFO | SimpleStrategy | combined: 收到行情, OI509P7800.CZCE
2025-06-11 13:52:32.147 | INFO | SimpleStrategy | combined: 收到行情, OI509P7800.CZCE
2025-06-11 13:52:32.147 | INFO | SimpleStrategy | combined: 收到行情, OI509P7900.CZCE
2025-06-11 13:52:32.147 | INFO | SimpleStrategy | combined: 收到行情, OI509P7900.CZCE
2025-06-11 13:52:32.147 | INFO | SimpleStrategy | combined: 收到行情, OI509P8000.CZCE
2025-06-11 13:52:32.148 | INFO | SimpleStrategy | combined: 收到行情, OI509P8000.CZCE
2025-06-11 13:52:32.148 | INFO | SimpleStrategy | combined: 收到行情, OI509P8100.CZCE
2025-06-11 13:52:32.148 | INFO | SimpleStrategy | combined: 收到行情, OI509P8100.CZCE
2025-06-11 13:52:32.148 | INFO | SimpleStrategy | combined: 收到行情, OI509P8200.CZCE
2025-06-11 13:52:32.148 | INFO | SimpleStrategy | combined: 收到行情, OI509P8200.CZCE
2025-06-11 13:52:32.148 | INFO | SimpleStrategy | combined: 收到行情, OI509P8300.CZCE
2025-06-11 13:52:32.148 | INFO | SimpleStrategy | combined: 收到行情, OI509P8300.CZCE
2025-06-11 13:52:32.148 | INFO | SimpleStrategy | combined: 收到行情, OI509P8400.CZCE
2025-06-11 13:52:32.148 | INFO | SimpleStrategy | combined: 收到行情, OI509P8400.CZCE
2025-06-11 13:52:32.148 | INFO | SimpleStrategy | combined: 收到行情, OI509P8500.CZCE
2025-06-11 13:52:32.148 | INFO | SimpleStrategy | combined: 收到行情, OI509P8500.CZCE
2025-06-11 13:52:32.148 | INFO | SimpleStrategy | combined: 收到行情, OI509P8600.CZCE
2025-06-11 13:52:32.148 | INFO | SimpleStrategy | combined: 收到行情, OI509P8600.CZCE
2025-06-11 13:52:32.148 | INFO | SimpleStrategy | combined: 收到行情, OI509P8700.CZCE
2025-06-11 13:52:32.148 | INFO | SimpleStrategy | combined: 收到行情, OI509P8700.CZCE
2025-06-11 13:52:32.148 | INFO | SimpleStrategy | combined: 收到行情, OI509P8800.CZCE
2025-06-11 13:52:32.148 | INFO | SimpleStrategy | combined: 收到行情, OI509P8800.CZCE
2025-06-11 13:52:32.148 | INFO | SimpleStrategy | combined: 收到行情, OI509P8900.CZCE
2025-06-11 13:52:32.148 | INFO | SimpleStrategy | combined: 收到行情, OI509P8900.CZCE
2025-06-11 13:52:32.148 | INFO | SimpleStrategy | combined: 收到行情, OI509P9000.CZCE
2025-06-11 13:52:32.148 | INFO | SimpleStrategy | combined: 收到行情, OI509P9000.CZCE
2025-06-11 13:52:32.148 | INFO | SimpleStrategy | combined: 收到行情, OI509P9100.CZCE
2025-06-11 13:52:32.148 | INFO | SimpleStrategy | combined: 收到行情, OI509P9100.CZCE
2025-06-11 13:52:32.148 | INFO | SimpleStrategy | combined: 收到行情, OI509P9200.CZCE
2025-06-11 13:52:32.149 | INFO | SimpleStrategy | combined: 收到行情, OI509P9200.CZCE
2025-06-11 13:52:32.149 | INFO | SimpleStrategy | combined: 收到行情, OI509P9300.CZCE
2025-06-11 13:52:32.149 | INFO | SimpleStrategy | combined: 收到行情, OI509P9300.CZCE
2025-06-11 13:52:32.149 | INFO | SimpleStrategy | combined: 收到行情, OI509P9400.CZCE
2025-06-11 13:52:32.149 | INFO | SimpleStrategy | combined: 收到行情, OI509P9400.CZCE
2025-06-11 13:52:32.149 | INFO | SimpleStrategy | combined: 收到行情, OI509P9500.CZCE
2025-06-11 13:52:32.149 | INFO | SimpleStrategy | combined: 收到行情, OI509P9500.CZCE
2025-06-11 13:52:32.149 | INFO | SimpleStrategy | combined: 收到行情, OI509P9600.CZCE
2025-06-11 13:52:32.149 | INFO | SimpleStrategy | combined: 收到行情, OI509P9600.CZCE
2025-06-11 13:52:32.149 | INFO | SimpleStrategy | combined: 收到行情, OI509P9700.CZCE
2025-06-11 13:52:32.149 | INFO | SimpleStrategy | combined: 收到行情, OI509P9700.CZCE
2025-06-11 13:52:32.149 | INFO | SimpleStrategy | combined: 收到行情, OI509P9800.CZCE
2025-06-11 13:52:32.150 | INFO | SimpleStrategy | combined: 收到行情, OI509P9800.CZCE
2025-06-11 13:52:32.150 | INFO | SimpleStrategy | combined: 收到行情, OI509P9900.CZCE
2025-06-11 13:52:32.150 | INFO | SimpleStrategy | combined: 收到行情, OI509P9900.CZCE
2025-06-11 13:52:32.150 | INFO | SimpleStrategy | combined: 收到行情, PF507C5200.CZCE
2025-06-11 13:52:32.150 | INFO | SimpleStrategy | combined: 收到行情, PF507C5200.CZCE
2025-06-11 13:52:32.150 | INFO | SimpleStrategy | combined: 收到行情, PF507C5300.CZCE
2025-06-11 13:52:32.150 | INFO | SimpleStrategy | combined: 收到行情, PF507C5300.CZCE
2025-06-11 13:52:32.150 | INFO | SimpleStrategy | combined: 收到行情, PF507C5400.CZCE
2025-06-11 13:52:32.150 | INFO | SimpleStrategy | combined: 收到行情, PF507C5400.CZCE
2025-06-11 13:52:32.151 | INFO | SimpleStrategy | combined: 收到行情, PF507C5500.CZCE
2025-06-11 13:52:32.151 | INFO | SimpleStrategy | combined: 收到行情, PF507C5500.CZCE
2025-06-11 13:52:32.151 | INFO | SimpleStrategy | combined: 收到行情, PF507C5600.CZCE
2025-06-11 13:52:32.151 | INFO | SimpleStrategy | combined: 收到行情, PF507C5600.CZCE
2025-06-11 13:52:32.151 | INFO | SimpleStrategy | combined: 收到行情, PF507C5700.CZCE
2025-06-11 13:52:32.151 | INFO | SimpleStrategy | combined: 收到行情, PF507C5700.CZCE
2025-06-11 13:52:32.151 | INFO | SimpleStrategy | combined: 收到行情, PF507C5800.CZCE
2025-06-11 13:52:32.151 | INFO | SimpleStrategy | combined: 收到行情, PF507C5800.CZCE
2025-06-11 13:52:32.152 | INFO | SimpleStrategy | combined: 收到行情, PF507C5900.CZCE
2025-06-11 13:52:32.152 | INFO | SimpleStrategy | combined: 收到行情, PF507C5900.CZCE
2025-06-11 13:52:32.152 | INFO | SimpleStrategy | combined: 收到行情, PF507C6000.CZCE
2025-06-11 13:52:32.152 | INFO | SimpleStrategy | combined: 收到行情, PF507C6000.CZCE
2025-06-11 13:52:32.152 | INFO | SimpleStrategy | combined: 收到行情, PF507C6100.CZCE
2025-06-11 13:52:32.152 | INFO | SimpleStrategy | combined: 收到行情, PF507C6100.CZCE
2025-06-11 13:52:32.152 | INFO | SimpleStrategy | combined: 收到行情, PF507C6200.CZCE
2025-06-11 13:52:32.152 | INFO | SimpleStrategy | combined: 收到行情, PF507C6200.CZCE
2025-06-11 13:52:32.152 | INFO | SimpleStrategy | combined: 收到行情, PF507C6300.CZCE
2025-06-11 13:52:32.152 | INFO | SimpleStrategy | combined: 收到行情, PF507C6300.CZCE
2025-06-11 13:52:32.152 | INFO | SimpleStrategy | combined: 收到行情, PF507C6400.CZCE
2025-06-11 13:52:32.152 | INFO | SimpleStrategy | combined: 收到行情, PF507C6400.CZCE
2025-06-11 13:52:32.152 | INFO | SimpleStrategy | combined: 收到行情, PF507C6500.CZCE
2025-06-11 13:52:32.152 | INFO | SimpleStrategy | combined: 收到行情, PF507C6500.CZCE
2025-06-11 13:52:32.153 | INFO | SimpleStrategy | combined: 收到行情, PF507C6600.CZCE
2025-06-11 13:52:32.153 | INFO | SimpleStrategy | combined: 收到行情, PF507C6600.CZCE
2025-06-11 13:52:32.153 | INFO | SimpleStrategy | combined: 收到行情, PF507C6700.CZCE
2025-06-11 13:52:32.153 | INFO | SimpleStrategy | combined: 收到行情, PF507C6700.CZCE
2025-06-11 13:52:32.153 | INFO | SimpleStrategy | combined: 收到行情, PF507C6800.CZCE
2025-06-11 13:52:32.153 | INFO | SimpleStrategy | combined: 收到行情, PF507C6800.CZCE
2025-06-11 13:52:32.153 | INFO | SimpleStrategy | combined: 收到行情, PF507C6900.CZCE
2025-06-11 13:52:32.153 | INFO | SimpleStrategy | combined: 收到行情, PF507C6900.CZCE
2025-06-11 13:52:32.153 | INFO | SimpleStrategy | combined: 收到行情, PF507C7000.CZCE
2025-06-11 13:52:32.153 | INFO | SimpleStrategy | combined: 收到行情, PF507C7000.CZCE
2025-06-11 13:52:32.153 | INFO | SimpleStrategy | combined: 收到行情, PF507C7100.CZCE
2025-06-11 13:52:32.153 | INFO | SimpleStrategy | combined: 收到行情, PF507C7100.CZCE
2025-06-11 13:52:32.153 | INFO | SimpleStrategy | combined: 收到行情, PF507C7200.CZCE
2025-06-11 13:52:32.154 | INFO | SimpleStrategy | combined: 收到行情, PF507C7200.CZCE
2025-06-11 13:52:32.154 | INFO | SimpleStrategy | combined: 收到行情, PF507C7300.CZCE
2025-06-11 13:52:32.154 | INFO | SimpleStrategy | combined: 收到行情, PF507C7300.CZCE
2025-06-11 13:52:32.154 | INFO | SimpleStrategy | combined: 收到行情, PF507C7400.CZCE
2025-06-11 13:52:32.154 | INFO | SimpleStrategy | combined: 收到行情, PF507C7400.CZCE
2025-06-11 13:52:32.154 | INFO | SimpleStrategy | combined: 收到行情, PF507C7500.CZCE
2025-06-11 13:52:32.154 | INFO | SimpleStrategy | combined: 收到行情, PF507C7500.CZCE
2025-06-11 13:52:32.154 | INFO | SimpleStrategy | combined: 收到行情, PF507P5200.CZCE
2025-06-11 13:52:32.154 | INFO | SimpleStrategy | combined: 收到行情, PF507P5200.CZCE
2025-06-11 13:52:32.154 | INFO | SimpleStrategy | combined: 收到行情, PF507P5300.CZCE
2025-06-11 13:52:32.155 | INFO | SimpleStrategy | combined: 收到行情, PF507P5300.CZCE
2025-06-11 13:52:32.155 | INFO | SimpleStrategy | combined: 收到行情, PF507P5400.CZCE
2025-06-11 13:52:32.155 | INFO | SimpleStrategy | combined: 收到行情, PF507P5400.CZCE
2025-06-11 13:52:32.155 | INFO | SimpleStrategy | combined: 收到行情, PF507P5500.CZCE
2025-06-11 13:52:32.155 | INFO | SimpleStrategy | combined: 收到行情, PF507P5500.CZCE
2025-06-11 13:52:32.155 | INFO | SimpleStrategy | combined: 收到行情, PF507P5600.CZCE
2025-06-11 13:52:32.155 | INFO | SimpleStrategy | combined: 收到行情, PF507P5600.CZCE
2025-06-11 13:52:32.155 | INFO | SimpleStrategy | combined: 收到行情, PF507P5700.CZCE
2025-06-11 13:52:32.155 | INFO | SimpleStrategy | combined: 收到行情, PF507P5700.CZCE
2025-06-11 13:52:32.155 | INFO | SimpleStrategy | combined: 收到行情, PF507P5800.CZCE
2025-06-11 13:52:32.155 | INFO | SimpleStrategy | combined: 收到行情, PF507P5800.CZCE
2025-06-11 13:52:32.155 | INFO | SimpleStrategy | combined: 收到行情, PF507P5900.CZCE
2025-06-11 13:52:32.155 | INFO | SimpleStrategy | combined: 收到行情, PF507P5900.CZCE
2025-06-11 13:52:32.155 | INFO | SimpleStrategy | combined: 收到行情, PF507P6000.CZCE
2025-06-11 13:52:32.156 | INFO | SimpleStrategy | combined: 收到行情, PF507P6000.CZCE
2025-06-11 13:52:32.156 | INFO | SimpleStrategy | combined: 收到行情, PF507P6100.CZCE
2025-06-11 13:52:32.156 | INFO | SimpleStrategy | combined: 收到行情, PF507P6100.CZCE
2025-06-11 13:52:32.156 | INFO | SimpleStrategy | combined: 收到行情, PF507P6200.CZCE
2025-06-11 13:52:32.156 | INFO | SimpleStrategy | combined: 收到行情, PF507P6200.CZCE
2025-06-11 13:52:32.156 | INFO | SimpleStrategy | combined: 收到行情, PF507P6300.CZCE
2025-06-11 13:52:32.156 | INFO | SimpleStrategy | combined: 收到行情, PF507P6300.CZCE
2025-06-11 13:52:32.156 | INFO | SimpleStrategy | combined: 收到行情, PF507P6400.CZCE
2025-06-11 13:52:32.156 | INFO | SimpleStrategy | combined: 收到行情, PF507P6400.CZCE
2025-06-11 13:52:32.156 | INFO | SimpleStrategy | combined: 收到行情, PF507P6500.CZCE
2025-06-11 13:52:32.156 | INFO | SimpleStrategy | combined: 收到行情, PF507P6500.CZCE
2025-06-11 13:52:32.156 | INFO | SimpleStrategy | combined: 收到行情, PF507P6600.CZCE
2025-06-11 13:52:32.157 | INFO | SimpleStrategy | combined: 收到行情, PF507P6600.CZCE
2025-06-11 13:52:32.157 | INFO | SimpleStrategy | combined: 收到行情, PF507P6700.CZCE
2025-06-11 13:52:32.157 | INFO | SimpleStrategy | combined: 收到行情, PF507P6700.CZCE
2025-06-11 13:52:32.157 | INFO | SimpleStrategy | combined: 收到行情, PF507P6800.CZCE
2025-06-11 13:52:32.157 | INFO | SimpleStrategy | combined: 收到行情, PF507P6800.CZCE
2025-06-11 13:52:32.157 | INFO | SimpleStrategy | combined: 收到行情, PF507P6900.CZCE
2025-06-11 13:52:32.157 | INFO | SimpleStrategy | combined: 收到行情, PF507P6900.CZCE
2025-06-11 13:52:32.157 | INFO | SimpleStrategy | combined: 收到行情, PF507P7000.CZCE
2025-06-11 13:52:32.157 | INFO | SimpleStrategy | combined: 收到行情, PF507P7000.CZCE
2025-06-11 13:52:32.157 | INFO | SimpleStrategy | combined: 收到行情, PF507P7100.CZCE
2025-06-11 13:52:32.157 | INFO | SimpleStrategy | combined: 收到行情, PF507P7100.CZCE
2025-06-11 13:52:32.157 | INFO | SimpleStrategy | combined: 收到行情, PF507P7200.CZCE
2025-06-11 13:52:32.157 | INFO | SimpleStrategy | combined: 收到行情, PF507P7200.CZCE
2025-06-11 13:52:32.158 | INFO | SimpleStrategy | combined: 收到行情, PF507P7300.CZCE
2025-06-11 13:52:32.158 | INFO | SimpleStrategy | combined: 收到行情, PF507P7300.CZCE
2025-06-11 13:52:32.158 | INFO | SimpleStrategy | combined: 收到行情, PF507P7400.CZCE
2025-06-11 13:52:32.158 | INFO | SimpleStrategy | combined: 收到行情, PF507P7400.CZCE
2025-06-11 13:52:32.158 | INFO | SimpleStrategy | combined: 收到行情, PF507P7500.CZCE
2025-06-11 13:52:32.158 | INFO | SimpleStrategy | combined: 收到行情, PF507P7500.CZCE
2025-06-11 13:52:32.158 | INFO | SimpleStrategy | combined: 收到行情, PF508C5500.CZCE
2025-06-11 13:52:32.158 | INFO | SimpleStrategy | combined: 收到行情, PF508C5500.CZCE
2025-06-11 13:52:32.158 | INFO | SimpleStrategy | combined: 收到行情, PF508C5600.CZCE
2025-06-11 13:52:32.158 | INFO | SimpleStrategy | combined: 收到行情, PF508C5600.CZCE
2025-06-11 13:52:32.158 | INFO | SimpleStrategy | combined: 收到行情, PF508C5700.CZCE
2025-06-11 13:52:32.158 | INFO | SimpleStrategy | combined: 收到行情, PF508C5700.CZCE
2025-06-11 13:52:32.158 | INFO | SimpleStrategy | combined: 收到行情, PF508C5800.CZCE
2025-06-11 13:52:32.158 | INFO | SimpleStrategy | combined: 收到行情, PF508C5800.CZCE
2025-06-11 13:52:32.158 | INFO | SimpleStrategy | combined: 收到行情, PF508C5900.CZCE
2025-06-11 13:52:32.158 | INFO | SimpleStrategy | combined: 收到行情, PF508C5900.CZCE
2025-06-11 13:52:32.159 | INFO | SimpleStrategy | combined: 收到行情, PF508C6000.CZCE
2025-06-11 13:52:32.159 | INFO | SimpleStrategy | combined: 收到行情, PF508C6000.CZCE
2025-06-11 13:52:32.159 | INFO | SimpleStrategy | combined: 收到行情, PF508C6100.CZCE
2025-06-11 13:52:32.159 | INFO | SimpleStrategy | combined: 收到行情, PF508C6100.CZCE
2025-06-11 13:52:32.159 | INFO | SimpleStrategy | combined: 收到行情, PF508C6200.CZCE
2025-06-11 13:52:32.159 | INFO | SimpleStrategy | combined: 收到行情, PF508C6200.CZCE
2025-06-11 13:52:32.159 | INFO | SimpleStrategy | combined: 收到行情, PF508C6300.CZCE
2025-06-11 13:52:32.159 | INFO | SimpleStrategy | combined: 收到行情, PF508C6300.CZCE
2025-06-11 13:52:32.159 | INFO | SimpleStrategy | combined: 收到行情, PF508C6400.CZCE
2025-06-11 13:52:32.159 | INFO | SimpleStrategy | combined: 收到行情, PF508C6400.CZCE
2025-06-11 13:52:32.159 | INFO | SimpleStrategy | combined: 收到行情, PF508C6500.CZCE
2025-06-11 13:52:32.159 | INFO | SimpleStrategy | combined: 收到行情, PF508C6500.CZCE
2025-06-11 13:52:32.159 | INFO | SimpleStrategy | combined: 收到行情, PF508C6600.CZCE
2025-06-11 13:52:32.159 | INFO | SimpleStrategy | combined: 收到行情, PF508C6600.CZCE
2025-06-11 13:52:32.160 | INFO | SimpleStrategy | combined: 收到行情, PF508C6700.CZCE
2025-06-11 13:52:32.160 | INFO | SimpleStrategy | combined: 收到行情, PF508C6700.CZCE
2025-06-11 13:52:32.160 | INFO | SimpleStrategy | combined: 收到行情, PF508C6800.CZCE
2025-06-11 13:52:32.160 | INFO | SimpleStrategy | combined: 收到行情, PF508C6800.CZCE
2025-06-11 13:52:32.160 | INFO | SimpleStrategy | combined: 收到行情, PF508C6900.CZCE
2025-06-11 13:52:32.160 | INFO | SimpleStrategy | combined: 收到行情, PF508C6900.CZCE
2025-06-11 13:52:32.160 | INFO | SimpleStrategy | combined: 收到行情, PF508C7000.CZCE
2025-06-11 13:52:32.160 | INFO | SimpleStrategy | combined: 收到行情, PF508C7000.CZCE
2025-06-11 13:52:32.160 | INFO | SimpleStrategy | combined: 收到行情, PF508C7100.CZCE
2025-06-11 13:52:32.160 | INFO | SimpleStrategy | combined: 收到行情, PF508C7100.CZCE
2025-06-11 13:52:32.160 | INFO | SimpleStrategy | combined: 收到行情, PF508C7200.CZCE
2025-06-11 13:52:32.160 | INFO | SimpleStrategy | combined: 收到行情, PF508C7200.CZCE
2025-06-11 13:52:32.160 | INFO | SimpleStrategy | combined: 收到行情, PF508P5500.CZCE
2025-06-11 13:52:32.160 | INFO | SimpleStrategy | combined: 收到行情, PF508P5500.CZCE
2025-06-11 13:52:32.160 | INFO | SimpleStrategy | combined: 收到行情, PF508P5600.CZCE
2025-06-11 13:52:32.161 | INFO | SimpleStrategy | combined: 收到行情, PF508P5600.CZCE
2025-06-11 13:52:32.161 | INFO | SimpleStrategy | combined: 收到行情, PF508P5700.CZCE
2025-06-11 13:52:32.161 | INFO | SimpleStrategy | combined: 收到行情, PF508P5700.CZCE
2025-06-11 13:52:32.161 | INFO | SimpleStrategy | combined: 收到行情, PF508P5800.CZCE
2025-06-11 13:52:32.161 | INFO | SimpleStrategy | combined: 收到行情, PF508P5800.CZCE
2025-06-11 13:52:32.161 | INFO | SimpleStrategy | combined: 收到行情, PF508P5900.CZCE
2025-06-11 13:52:32.161 | INFO | SimpleStrategy | combined: 收到行情, PF508P5900.CZCE
2025-06-11 13:52:32.161 | INFO | SimpleStrategy | combined: 收到行情, PF508P6000.CZCE
2025-06-11 13:52:32.161 | INFO | SimpleStrategy | combined: 收到行情, PF508P6000.CZCE
2025-06-11 13:52:32.161 | INFO | SimpleStrategy | combined: 收到行情, PF508P6100.CZCE
2025-06-11 13:52:32.161 | INFO | SimpleStrategy | combined: 收到行情, PF508P6100.CZCE
2025-06-11 13:52:32.161 | INFO | SimpleStrategy | combined: 收到行情, PF508P6200.CZCE
2025-06-11 13:52:32.161 | INFO | SimpleStrategy | combined: 收到行情, PF508P6200.CZCE
2025-06-11 13:52:32.161 | INFO | SimpleStrategy | combined: 收到行情, PF508P6300.CZCE
2025-06-11 13:52:32.162 | INFO | SimpleStrategy | combined: 收到行情, PF508P6300.CZCE
2025-06-11 13:52:32.162 | INFO | SimpleStrategy | combined: 收到行情, PF508P6400.CZCE
2025-06-11 13:52:32.162 | INFO | SimpleStrategy | combined: 收到行情, PF508P6400.CZCE
2025-06-11 13:52:32.162 | INFO | SimpleStrategy | combined: 收到行情, PF508P6500.CZCE
2025-06-11 13:52:32.162 | INFO | SimpleStrategy | combined: 收到行情, PF508P6500.CZCE
2025-06-11 13:52:32.162 | INFO | SimpleStrategy | combined: 收到行情, PF508P6600.CZCE
2025-06-11 13:52:32.162 | INFO | SimpleStrategy | combined: 收到行情, PF508P6600.CZCE
2025-06-11 13:52:32.162 | INFO | SimpleStrategy | combined: 收到行情, PF508P6700.CZCE
2025-06-11 13:52:32.162 | INFO | SimpleStrategy | combined: 收到行情, PF508P6700.CZCE
2025-06-11 13:52:32.162 | INFO | SimpleStrategy | combined: 收到行情, PF508P6800.CZCE
2025-06-11 13:52:32.162 | INFO | SimpleStrategy | combined: 收到行情, PF508P6800.CZCE
2025-06-11 13:52:32.162 | INFO | SimpleStrategy | combined: 收到行情, PF508P6900.CZCE
2025-06-11 13:52:32.162 | INFO | SimpleStrategy | combined: 收到行情, PF508P6900.CZCE
2025-06-11 13:52:32.162 | INFO | SimpleStrategy | combined: 收到行情, PF508P7000.CZCE
2025-06-11 13:52:32.162 | INFO | SimpleStrategy | combined: 收到行情, PF508P7000.CZCE
2025-06-11 13:52:32.162 | INFO | SimpleStrategy | combined: 收到行情, PF508P7100.CZCE
2025-06-11 13:52:32.163 | INFO | SimpleStrategy | combined: 收到行情, PF508P7100.CZCE
2025-06-11 13:52:32.163 | INFO | SimpleStrategy | combined: 收到行情, PF508P7200.CZCE
2025-06-11 13:52:32.163 | INFO | SimpleStrategy | combined: 收到行情, PF508P7200.CZCE
2025-06-11 13:52:32.163 | INFO | SimpleStrategy | combined: 收到行情, PK510C6900.CZCE
2025-06-11 13:52:32.163 | INFO | SimpleStrategy | combined: 收到行情, PK510C6900.CZCE
2025-06-11 13:52:32.163 | INFO | SimpleStrategy | combined: 收到行情, PK510C7000.CZCE
2025-06-11 13:52:32.163 | INFO | SimpleStrategy | combined: 收到行情, PK510C7000.CZCE
2025-06-11 13:52:32.163 | INFO | SimpleStrategy | combined: 收到行情, PK510C7100.CZCE
2025-06-11 13:52:32.163 | INFO | SimpleStrategy | combined: 收到行情, PK510C7100.CZCE
2025-06-11 13:52:32.163 | INFO | SimpleStrategy | combined: 收到行情, PK510C7200.CZCE
2025-06-11 13:52:32.163 | INFO | SimpleStrategy | combined: 收到行情, PK510C7200.CZCE
2025-06-11 13:52:32.163 | INFO | SimpleStrategy | combined: 收到行情, PK510C7300.CZCE
2025-06-11 13:52:32.163 | INFO | SimpleStrategy | combined: 收到行情, PK510C7300.CZCE
2025-06-11 13:52:32.163 | INFO | SimpleStrategy | combined: 收到行情, PK510C7400.CZCE
2025-06-11 13:52:32.163 | INFO | SimpleStrategy | combined: 收到行情, PK510C7400.CZCE
2025-06-11 13:52:32.163 | INFO | SimpleStrategy | combined: 收到行情, PK510C7500.CZCE
2025-06-11 13:52:32.164 | INFO | SimpleStrategy | combined: 收到行情, PK510C7500.CZCE
2025-06-11 13:52:32.164 | INFO | SimpleStrategy | combined: 收到行情, PK510C7600.CZCE
2025-06-11 13:52:32.164 | INFO | SimpleStrategy | combined: 收到行情, PK510C7600.CZCE
2025-06-11 13:52:32.164 | INFO | SimpleStrategy | combined: 收到行情, PK510C7700.CZCE
2025-06-11 13:52:32.164 | INFO | SimpleStrategy | combined: 收到行情, PK510C7700.CZCE
2025-06-11 13:52:32.164 | INFO | SimpleStrategy | combined: 收到行情, PK510C7800.CZCE
2025-06-11 13:52:32.164 | INFO | SimpleStrategy | combined: 收到行情, PK510C7800.CZCE
2025-06-11 13:52:32.164 | INFO | SimpleStrategy | combined: 收到行情, PK510C7900.CZCE
2025-06-11 13:52:32.164 | INFO | SimpleStrategy | combined: 收到行情, PK510C7900.CZCE
2025-06-11 13:52:32.164 | INFO | SimpleStrategy | combined: 收到行情, PK510C8000.CZCE
2025-06-11 13:52:32.164 | INFO | SimpleStrategy | combined: 收到行情, PK510C8000.CZCE
2025-06-11 13:52:32.164 | INFO | SimpleStrategy | combined: 收到行情, PK510C8100.CZCE
2025-06-11 13:52:32.164 | INFO | SimpleStrategy | combined: 收到行情, PK510C8100.CZCE
2025-06-11 13:52:32.165 | INFO | SimpleStrategy | combined: 收到行情, PK510C8200.CZCE
2025-06-11 13:52:32.165 | INFO | SimpleStrategy | combined: 收到行情, PK510C8200.CZCE
2025-06-11 13:52:32.165 | INFO | SimpleStrategy | combined: 收到行情, PK510C8300.CZCE
2025-06-11 13:52:32.165 | INFO | SimpleStrategy | combined: 收到行情, PK510C8300.CZCE
2025-06-11 13:52:32.165 | INFO | SimpleStrategy | combined: 收到行情, PK510C8400.CZCE
2025-06-11 13:52:32.165 | INFO | SimpleStrategy | combined: 收到行情, PK510C8400.CZCE
2025-06-11 13:52:32.165 | INFO | SimpleStrategy | combined: 收到行情, PK510C8500.CZCE
2025-06-11 13:52:32.165 | INFO | SimpleStrategy | combined: 收到行情, PK510C8500.CZCE
2025-06-11 13:52:32.165 | INFO | SimpleStrategy | combined: 收到行情, PK510C8600.CZCE
2025-06-11 13:52:32.165 | INFO | SimpleStrategy | combined: 收到行情, PK510C8600.CZCE
2025-06-11 13:52:32.165 | INFO | SimpleStrategy | combined: 收到行情, PK510C8700.CZCE
2025-06-11 13:52:32.166 | INFO | SimpleStrategy | combined: 收到行情, PK510C8700.CZCE
2025-06-11 13:52:32.166 | INFO | SimpleStrategy | combined: 收到行情, PK510C8800.CZCE
2025-06-11 13:52:32.166 | INFO | SimpleStrategy | combined: 收到行情, PK510C8800.CZCE
2025-06-11 13:52:32.166 | INFO | SimpleStrategy | combined: 收到行情, PK510C8900.CZCE
2025-06-11 13:52:32.167 | INFO | SimpleStrategy | combined: 收到行情, PK510C8900.CZCE
2025-06-11 13:52:32.167 | INFO | SimpleStrategy | combined: 收到行情, PK510C9000.CZCE
2025-06-11 13:52:32.168 | INFO | SimpleStrategy | combined: 收到行情, PK510C9000.CZCE
2025-06-11 13:52:32.168 | INFO | SimpleStrategy | combined: 收到行情, PK510C9100.CZCE
2025-06-11 13:52:32.168 | INFO | SimpleStrategy | combined: 收到行情, PK510C9100.CZCE
2025-06-11 13:52:32.168 | INFO | SimpleStrategy | combined: 收到行情, PK510C9200.CZCE
2025-06-11 13:52:32.168 | INFO | SimpleStrategy | combined: 收到行情, PK510C9200.CZCE
2025-06-11 13:52:32.168 | INFO | SimpleStrategy | combined: 收到行情, PK510C9300.CZCE
2025-06-11 13:52:32.169 | INFO | SimpleStrategy | combined: 收到行情, PK510C9300.CZCE
2025-06-11 13:52:32.169 | INFO | SimpleStrategy | combined: 收到行情, PK510C9400.CZCE
2025-06-11 13:52:32.170 | INFO | SimpleStrategy | combined: 收到行情, PK510C9400.CZCE
2025-06-11 13:52:32.170 | INFO | SimpleStrategy | combined: 收到行情, PK510P6900.CZCE
2025-06-11 13:52:32.170 | INFO | SimpleStrategy | combined: 收到行情, PK510P6900.CZCE
2025-06-11 13:52:32.170 | INFO | SimpleStrategy | combined: 收到行情, PK510P7000.CZCE
2025-06-11 13:52:32.170 | INFO | SimpleStrategy | combined: 收到行情, PK510P7000.CZCE
2025-06-11 13:52:32.170 | INFO | SimpleStrategy | combined: 收到行情, PK510P7100.CZCE
2025-06-11 13:52:32.170 | INFO | SimpleStrategy | combined: 收到行情, PK510P7100.CZCE
2025-06-11 13:52:32.170 | INFO | SimpleStrategy | combined: 收到行情, PK510P7200.CZCE
2025-06-11 13:52:32.171 | INFO | SimpleStrategy | combined: 收到行情, PK510P7200.CZCE
2025-06-11 13:52:32.171 | INFO | SimpleStrategy | combined: 收到行情, PK510P7300.CZCE
2025-06-11 13:52:32.171 | INFO | SimpleStrategy | combined: 收到行情, PK510P7300.CZCE
2025-06-11 13:52:32.172 | INFO | SimpleStrategy | combined: 收到行情, PK510P7400.CZCE
2025-06-11 13:52:32.172 | INFO | SimpleStrategy | combined: 收到行情, PK510P7400.CZCE
2025-06-11 13:52:32.172 | INFO | SimpleStrategy | combined: 收到行情, PK510P7500.CZCE
2025-06-11 13:52:32.173 | INFO | SimpleStrategy | combined: 收到行情, PK510P7500.CZCE
2025-06-11 13:52:32.173 | INFO | SimpleStrategy | combined: 收到行情, PK510P7600.CZCE
2025-06-11 13:52:32.173 | INFO | SimpleStrategy | combined: 收到行情, PK510P7600.CZCE
2025-06-11 13:52:32.173 | INFO | SimpleStrategy | combined: 收到行情, PK510P7700.CZCE
2025-06-11 13:52:32.173 | INFO | SimpleStrategy | combined: 收到行情, PK510P7700.CZCE
2025-06-11 13:52:32.173 | INFO | SimpleStrategy | combined: 收到行情, PK510P7800.CZCE
2025-06-11 13:52:32.173 | INFO | SimpleStrategy | combined: 收到行情, PK510P7800.CZCE
2025-06-11 13:52:32.174 | INFO | SimpleStrategy | combined: 收到行情, PK510P7900.CZCE
2025-06-11 13:52:32.174 | INFO | SimpleStrategy | combined: 收到行情, PK510P7900.CZCE
2025-06-11 13:52:32.174 | INFO | SimpleStrategy | combined: 收到行情, PK510P8000.CZCE
2025-06-11 13:52:32.174 | INFO | SimpleStrategy | combined: 收到行情, PK510P8000.CZCE
2025-06-11 13:52:32.174 | INFO | SimpleStrategy | combined: 收到行情, PK510P8100.CZCE
2025-06-11 13:52:32.174 | INFO | SimpleStrategy | combined: 收到行情, PK510P8100.CZCE
2025-06-11 13:52:32.174 | INFO | SimpleStrategy | combined: 收到行情, PK510P8200.CZCE
2025-06-11 13:52:32.174 | INFO | SimpleStrategy | combined: 收到行情, PK510P8200.CZCE
2025-06-11 13:52:32.174 | INFO | SimpleStrategy | combined: 收到行情, PK510P8300.CZCE
2025-06-11 13:52:32.174 | INFO | SimpleStrategy | combined: 收到行情, PK510P8300.CZCE
2025-06-11 13:52:32.175 | INFO | SimpleStrategy | combined: 收到行情, PK510P8400.CZCE
2025-06-11 13:52:32.175 | INFO | SimpleStrategy | combined: 收到行情, PK510P8400.CZCE
2025-06-11 13:52:32.175 | INFO | SimpleStrategy | combined: 收到行情, PK510P8500.CZCE
2025-06-11 13:52:32.175 | INFO | SimpleStrategy | combined: 收到行情, PK510P8500.CZCE
2025-06-11 13:52:32.175 | INFO | SimpleStrategy | combined: 收到行情, PK510P8600.CZCE
2025-06-11 13:52:32.175 | INFO | SimpleStrategy | combined: 收到行情, PK510P8600.CZCE
2025-06-11 13:52:32.175 | INFO | SimpleStrategy | combined: 收到行情, PK510P8700.CZCE
2025-06-11 13:52:32.176 | INFO | SimpleStrategy | combined: 收到行情, PK510P8700.CZCE
2025-06-11 13:52:32.176 | INFO | SimpleStrategy | combined: 收到行情, PK510P8800.CZCE
2025-06-11 13:52:32.176 | INFO | SimpleStrategy | combined: 收到行情, PK510P8800.CZCE
2025-06-11 13:52:32.176 | INFO | SimpleStrategy | combined: 收到行情, PK510P8900.CZCE
2025-06-11 13:52:32.176 | INFO | SimpleStrategy | combined: 收到行情, PK510P8900.CZCE
2025-06-11 13:52:32.176 | INFO | SimpleStrategy | combined: 收到行情, PK510P9000.CZCE
2025-06-11 13:52:32.176 | INFO | SimpleStrategy | combined: 收到行情, PK510P9000.CZCE
2025-06-11 13:52:32.177 | INFO | SimpleStrategy | combined: 收到行情, PK510P9100.CZCE
2025-06-11 13:52:32.177 | INFO | SimpleStrategy | combined: 收到行情, PK510P9100.CZCE
2025-06-11 13:52:32.177 | INFO | SimpleStrategy | combined: 收到行情, PK510P9200.CZCE
2025-06-11 13:52:32.177 | INFO | SimpleStrategy | combined: 收到行情, PK510P9200.CZCE
2025-06-11 13:52:32.177 | INFO | SimpleStrategy | combined: 收到行情, PK510P9300.CZCE
2025-06-11 13:52:32.177 | INFO | SimpleStrategy | combined: 收到行情, PK510P9300.CZCE
2025-06-11 13:52:32.177 | INFO | SimpleStrategy | combined: 收到行情, PK510P9400.CZCE
2025-06-11 13:52:32.177 | INFO | SimpleStrategy | combined: 收到行情, PK510P9400.CZCE
2025-06-11 13:52:32.177 | INFO | SimpleStrategy | combined: 收到行情, PK511C6900.CZCE
2025-06-11 13:52:32.178 | INFO | SimpleStrategy | combined: 收到行情, PK511C6900.CZCE
2025-06-11 13:52:32.178 | INFO | SimpleStrategy | combined: 收到行情, PK511C7000.CZCE
2025-06-11 13:52:32.178 | INFO | SimpleStrategy | combined: 收到行情, PK511C7000.CZCE
2025-06-11 13:52:32.178 | INFO | SimpleStrategy | combined: 收到行情, PK511C7100.CZCE
2025-06-11 13:52:32.179 | INFO | SimpleStrategy | combined: 收到行情, PK511C7100.CZCE
2025-06-11 13:52:32.179 | INFO | SimpleStrategy | combined: 收到行情, PK511C7200.CZCE
2025-06-11 13:52:32.179 | INFO | SimpleStrategy | combined: 收到行情, PK511C7200.CZCE
2025-06-11 13:52:32.179 | INFO | SimpleStrategy | combined: 收到行情, PK511C7300.CZCE
2025-06-11 13:52:32.179 | INFO | SimpleStrategy | combined: 收到行情, PK511C7300.CZCE
2025-06-11 13:52:32.179 | INFO | SimpleStrategy | combined: 收到行情, PK511C7400.CZCE
2025-06-11 13:52:32.179 | INFO | SimpleStrategy | combined: 收到行情, PK511C7400.CZCE
2025-06-11 13:52:32.179 | INFO | SimpleStrategy | combined: 收到行情, PK511C7500.CZCE
2025-06-11 13:52:32.179 | INFO | SimpleStrategy | combined: 收到行情, PK511C7500.CZCE
2025-06-11 13:52:32.180 | INFO | SimpleStrategy | combined: 收到行情, PK511C7600.CZCE
2025-06-11 13:52:32.180 | INFO | SimpleStrategy | combined: 收到行情, PK511C7600.CZCE
2025-06-11 13:52:32.180 | INFO | SimpleStrategy | combined: 收到行情, PK511C7700.CZCE
2025-06-11 13:52:32.180 | INFO | SimpleStrategy | combined: 收到行情, PK511C7700.CZCE
2025-06-11 13:52:32.180 | INFO | SimpleStrategy | combined: 收到行情, PK511C7800.CZCE
2025-06-11 13:52:32.180 | INFO | SimpleStrategy | combined: 收到行情, PK511C7800.CZCE
2025-06-11 13:52:32.180 | INFO | SimpleStrategy | combined: 收到行情, PK511C7900.CZCE
2025-06-11 13:52:32.180 | INFO | SimpleStrategy | combined: 收到行情, PK511C7900.CZCE
2025-06-11 13:52:32.181 | INFO | SimpleStrategy | combined: 收到行情, PK511C8000.CZCE
2025-06-11 13:52:32.181 | INFO | SimpleStrategy | combined: 收到行情, PK511C8000.CZCE
2025-06-11 13:52:32.181 | INFO | SimpleStrategy | combined: 收到行情, PK511C8100.CZCE
2025-06-11 13:52:32.181 | INFO | SimpleStrategy | combined: 收到行情, PK511C8100.CZCE
2025-06-11 13:52:32.181 | INFO | SimpleStrategy | combined: 收到行情, PK511C8200.CZCE
2025-06-11 13:52:32.181 | INFO | SimpleStrategy | combined: 收到行情, PK511C8200.CZCE
2025-06-11 13:52:32.182 | INFO | SimpleStrategy | combined: 收到行情, PK511C8300.CZCE
2025-06-11 13:52:32.182 | INFO | SimpleStrategy | combined: 收到行情, PK511C8300.CZCE
2025-06-11 13:52:32.182 | INFO | SimpleStrategy | combined: 收到行情, PK511C8400.CZCE
2025-06-11 13:52:32.183 | INFO | SimpleStrategy | combined: 收到行情, PK511C8400.CZCE
2025-06-11 13:52:32.183 | INFO | SimpleStrategy | combined: 收到行情, PK511C8500.CZCE
2025-06-11 13:52:32.183 | INFO | SimpleStrategy | combined: 收到行情, PK511C8500.CZCE
2025-06-11 13:52:32.183 | INFO | SimpleStrategy | combined: 收到行情, PK511C8600.CZCE
2025-06-11 13:52:32.183 | INFO | SimpleStrategy | combined: 收到行情, PK511C8600.CZCE
2025-06-11 13:52:32.183 | INFO | SimpleStrategy | combined: 收到行情, PK511C8700.CZCE
2025-06-11 13:52:32.183 | INFO | SimpleStrategy | combined: 收到行情, PK511C8700.CZCE
2025-06-11 13:52:32.183 | INFO | SimpleStrategy | combined: 收到行情, PK511C8800.CZCE
2025-06-11 13:52:32.184 | INFO | SimpleStrategy | combined: 收到行情, PK511C8800.CZCE
2025-06-11 13:52:32.184 | INFO | SimpleStrategy | combined: 收到行情, PK511C8900.CZCE
2025-06-11 13:52:32.184 | INFO | SimpleStrategy | combined: 收到行情, PK511C8900.CZCE
2025-06-11 13:52:32.184 | INFO | SimpleStrategy | combined: 收到行情, PK511C9000.CZCE
2025-06-11 13:52:32.184 | INFO | SimpleStrategy | combined: 收到行情, PK511C9000.CZCE
2025-06-11 13:52:32.184 | INFO | SimpleStrategy | combined: 收到行情, PK511C9100.CZCE
2025-06-11 13:52:32.185 | INFO | SimpleStrategy | combined: 收到行情, PK511C9100.CZCE
2025-06-11 13:52:32.185 | INFO | SimpleStrategy | combined: 收到行情, PK511C9200.CZCE
2025-06-11 13:52:32.186 | INFO | SimpleStrategy | combined: 收到行情, PK511C9200.CZCE
2025-06-11 13:52:32.186 | INFO | SimpleStrategy | combined: 收到行情, PK511P6900.CZCE
2025-06-11 13:52:32.187 | INFO | SimpleStrategy | combined: 收到行情, PK511P6900.CZCE
2025-06-11 13:52:32.187 | INFO | SimpleStrategy | combined: 收到行情, PK511P7000.CZCE
2025-06-11 13:52:32.187 | INFO | SimpleStrategy | combined: 收到行情, PK511P7000.CZCE
2025-06-11 13:52:32.187 | INFO | SimpleStrategy | combined: 收到行情, PK511P7100.CZCE
2025-06-11 13:52:32.188 | INFO | SimpleStrategy | combined: 收到行情, PK511P7100.CZCE
2025-06-11 13:52:32.188 | INFO | SimpleStrategy | combined: 收到行情, PK511P7200.CZCE
2025-06-11 13:52:32.188 | INFO | SimpleStrategy | combined: 收到行情, PK511P7200.CZCE
2025-06-11 13:52:32.188 | INFO | SimpleStrategy | combined: 收到行情, PK511P7300.CZCE
2025-06-11 13:52:32.188 | INFO | SimpleStrategy | combined: 收到行情, PK511P7300.CZCE
2025-06-11 13:52:32.189 | INFO | SimpleStrategy | combined: 收到行情, PK511P7400.CZCE
2025-06-11 13:52:32.189 | INFO | SimpleStrategy | combined: 收到行情, PK511P7400.CZCE
2025-06-11 13:52:32.189 | INFO | SimpleStrategy | combined: 收到行情, PK511P7500.CZCE
2025-06-11 13:52:32.189 | INFO | SimpleStrategy | combined: 收到行情, PK511P7500.CZCE
2025-06-11 13:52:32.189 | INFO | SimpleStrategy | combined: 收到行情, PK511P7600.CZCE
2025-06-11 13:52:32.189 | INFO | SimpleStrategy | combined: 收到行情, PK511P7600.CZCE
2025-06-11 13:52:32.189 | INFO | SimpleStrategy | combined: 收到行情, PK511P7700.CZCE
2025-06-11 13:52:32.189 | INFO | SimpleStrategy | combined: 收到行情, PK511P7700.CZCE
2025-06-11 13:52:32.190 | INFO | SimpleStrategy | combined: 收到行情, PK511P7800.CZCE
2025-06-11 13:52:32.190 | INFO | SimpleStrategy | combined: 收到行情, PK511P7800.CZCE
2025-06-11 13:52:32.190 | INFO | SimpleStrategy | combined: 收到行情, PK511P7900.CZCE
2025-06-11 13:52:32.190 | INFO | SimpleStrategy | combined: 收到行情, PK511P7900.CZCE
2025-06-11 13:52:32.190 | INFO | SimpleStrategy | combined: 收到行情, PK511P8000.CZCE
2025-06-11 13:52:32.190 | INFO | SimpleStrategy | combined: 收到行情, PK511P8000.CZCE
2025-06-11 13:52:32.190 | INFO | SimpleStrategy | combined: 收到行情, PK511P8100.CZCE
2025-06-11 13:52:32.191 | INFO | SimpleStrategy | combined: 收到行情, PK511P8100.CZCE
2025-06-11 13:52:32.191 | INFO | SimpleStrategy | combined: 收到行情, PK511P8200.CZCE
2025-06-11 13:52:32.191 | INFO | SimpleStrategy | combined: 收到行情, PK511P8200.CZCE
2025-06-11 13:52:32.191 | INFO | SimpleStrategy | combined: 收到行情, PK511P8300.CZCE
2025-06-11 13:52:32.191 | INFO | SimpleStrategy | combined: 收到行情, PK511P8300.CZCE
2025-06-11 13:52:32.191 | INFO | SimpleStrategy | combined: 收到行情, PK511P8400.CZCE
2025-06-11 13:52:32.191 | INFO | SimpleStrategy | combined: 收到行情, PK511P8400.CZCE
2025-06-11 13:52:32.192 | INFO | SimpleStrategy | combined: 收到行情, PK511P8500.CZCE
2025-06-11 13:52:32.192 | INFO | SimpleStrategy | combined: 收到行情, PK511P8500.CZCE
2025-06-11 13:52:32.192 | INFO | SimpleStrategy | combined: 收到行情, PK511P8600.CZCE
2025-06-11 13:52:32.192 | INFO | SimpleStrategy | combined: 收到行情, PK511P8600.CZCE
2025-06-11 13:52:32.192 | INFO | SimpleStrategy | combined: 收到行情, PK511P8700.CZCE
2025-06-11 13:52:32.192 | INFO | SimpleStrategy | combined: 收到行情, PK511P8700.CZCE
2025-06-11 13:52:32.192 | INFO | SimpleStrategy | combined: 收到行情, PK511P8800.CZCE
2025-06-11 13:52:32.192 | INFO | SimpleStrategy | combined: 收到行情, PK511P8800.CZCE
2025-06-11 13:52:32.192 | INFO | SimpleStrategy | combined: 收到行情, PK511P8900.CZCE
2025-06-11 13:52:32.192 | INFO | SimpleStrategy | combined: 收到行情, PK511P8900.CZCE
2025-06-11 13:52:32.192 | INFO | SimpleStrategy | combined: 收到行情, PK511P9000.CZCE
2025-06-11 13:52:32.192 | INFO | SimpleStrategy | combined: 收到行情, PK511P9000.CZCE
2025-06-11 13:52:32.192 | INFO | SimpleStrategy | combined: 收到行情, PK511P9100.CZCE
2025-06-11 13:52:32.192 | INFO | SimpleStrategy | combined: 收到行情, PK511P9100.CZCE
2025-06-11 13:52:32.193 | INFO | SimpleStrategy | combined: 收到行情, PK511P9200.CZCE
2025-06-11 13:52:32.193 | INFO | SimpleStrategy | combined: 收到行情, PK511P9200.CZCE
2025-06-11 13:52:32.193 | INFO | SimpleStrategy | combined: 收到行情, PR507C4900.CZCE
2025-06-11 13:52:32.193 | INFO | SimpleStrategy | combined: 收到行情, PR507C4900.CZCE
2025-06-11 13:52:32.193 | INFO | SimpleStrategy | combined: 收到行情, PR507C4950.CZCE
2025-06-11 13:52:32.193 | INFO | SimpleStrategy | combined: 收到行情, PR507C4950.CZCE
2025-06-11 13:52:32.193 | INFO | SimpleStrategy | combined: 收到行情, PR507C5000.CZCE
2025-06-11 13:52:32.193 | INFO | SimpleStrategy | combined: 收到行情, PR507C5000.CZCE
2025-06-11 13:52:32.193 | INFO | SimpleStrategy | combined: 收到行情, PR507C5100.CZCE
2025-06-11 13:52:32.193 | INFO | SimpleStrategy | combined: 收到行情, PR507C5100.CZCE
2025-06-11 13:52:32.193 | INFO | SimpleStrategy | combined: 收到行情, PR507C5200.CZCE
2025-06-11 13:52:32.193 | INFO | SimpleStrategy | combined: 收到行情, PR507C5200.CZCE
2025-06-11 13:52:32.193 | INFO | SimpleStrategy | combined: 收到行情, PR507C5300.CZCE
2025-06-11 13:52:32.193 | INFO | SimpleStrategy | combined: 收到行情, PR507C5300.CZCE
2025-06-11 13:52:32.193 | INFO | SimpleStrategy | combined: 收到行情, PR507C5400.CZCE
2025-06-11 13:52:32.194 | INFO | SimpleStrategy | combined: 收到行情, PR507C5400.CZCE
2025-06-11 13:52:32.194 | INFO | SimpleStrategy | combined: 收到行情, PR507C5500.CZCE
2025-06-11 13:52:32.194 | INFO | SimpleStrategy | combined: 收到行情, PR507C5500.CZCE
2025-06-11 13:52:32.194 | INFO | SimpleStrategy | combined: 收到行情, PR507C5600.CZCE
2025-06-11 13:52:32.194 | INFO | SimpleStrategy | combined: 收到行情, PR507C5600.CZCE
2025-06-11 13:52:32.194 | INFO | SimpleStrategy | combined: 收到行情, PR507C5700.CZCE
2025-06-11 13:52:32.194 | INFO | SimpleStrategy | combined: 收到行情, PR507C5700.CZCE
2025-06-11 13:52:32.194 | INFO | SimpleStrategy | combined: 收到行情, PR507C5800.CZCE
2025-06-11 13:52:32.194 | INFO | SimpleStrategy | combined: 收到行情, PR507C5800.CZCE
2025-06-11 13:52:32.194 | INFO | SimpleStrategy | combined: 收到行情, PR507C5900.CZCE
2025-06-11 13:52:32.194 | INFO | SimpleStrategy | combined: 收到行情, PR507C5900.CZCE
2025-06-11 13:52:32.194 | INFO | SimpleStrategy | combined: 收到行情, PR507C6000.CZCE
2025-06-11 13:52:32.194 | INFO | SimpleStrategy | combined: 收到行情, PR507C6000.CZCE
2025-06-11 13:52:32.195 | INFO | SimpleStrategy | combined: 收到行情, PR507C6100.CZCE
2025-06-11 13:52:32.195 | INFO | SimpleStrategy | combined: 收到行情, PR507C6100.CZCE
2025-06-11 13:52:32.195 | INFO | SimpleStrategy | combined: 收到行情, PR507C6200.CZCE
2025-06-11 13:52:32.195 | INFO | SimpleStrategy | combined: 收到行情, PR507C6200.CZCE
2025-06-11 13:52:32.195 | INFO | SimpleStrategy | combined: 收到行情, PR507C6300.CZCE
2025-06-11 13:52:32.195 | INFO | SimpleStrategy | combined: 收到行情, PR507C6300.CZCE
2025-06-11 13:52:32.195 | INFO | SimpleStrategy | combined: 收到行情, PR507C6400.CZCE
2025-06-11 13:52:32.195 | INFO | SimpleStrategy | combined: 收到行情, PR507C6400.CZCE
2025-06-11 13:52:32.195 | INFO | SimpleStrategy | combined: 收到行情, PR507C6500.CZCE
2025-06-11 13:52:32.195 | INFO | SimpleStrategy | combined: 收到行情, PR507C6500.CZCE
2025-06-11 13:52:32.195 | INFO | SimpleStrategy | combined: 收到行情, PR507C6600.CZCE
2025-06-11 13:52:32.195 | INFO | SimpleStrategy | combined: 收到行情, PR507C6600.CZCE
2025-06-11 13:52:32.196 | INFO | SimpleStrategy | combined: 收到行情, PR507C6700.CZCE
2025-06-11 13:52:32.196 | INFO | SimpleStrategy | combined: 收到行情, PR507C6700.CZCE
2025-06-11 13:52:32.196 | INFO | SimpleStrategy | combined: 收到行情, PR507C6800.CZCE
2025-06-11 13:52:32.196 | INFO | SimpleStrategy | combined: 收到行情, PR507C6800.CZCE
2025-06-11 13:52:32.196 | INFO | SimpleStrategy | combined: 收到行情, PR507P4900.CZCE
2025-06-11 13:52:32.196 | INFO | SimpleStrategy | combined: 收到行情, PR507P4900.CZCE
2025-06-11 13:52:32.196 | INFO | SimpleStrategy | combined: 收到行情, PR507P4950.CZCE
2025-06-11 13:52:32.196 | INFO | SimpleStrategy | combined: 收到行情, PR507P4950.CZCE
2025-06-11 13:52:32.197 | INFO | SimpleStrategy | combined: 收到行情, PR507P5000.CZCE
2025-06-11 13:52:32.197 | INFO | SimpleStrategy | combined: 收到行情, PR507P5000.CZCE
2025-06-11 13:52:32.197 | INFO | SimpleStrategy | combined: 收到行情, PR507P5100.CZCE
2025-06-11 13:52:32.197 | INFO | SimpleStrategy | combined: 收到行情, PR507P5100.CZCE
2025-06-11 13:52:32.197 | INFO | SimpleStrategy | combined: 收到行情, PR507P5200.CZCE
2025-06-11 13:52:32.197 | INFO | SimpleStrategy | combined: 收到行情, PR507P5200.CZCE
2025-06-11 13:52:32.197 | INFO | SimpleStrategy | combined: 收到行情, PR507P5300.CZCE
2025-06-11 13:52:32.198 | INFO | SimpleStrategy | combined: 收到行情, PR507P5300.CZCE
2025-06-11 13:52:32.198 | INFO | SimpleStrategy | combined: 收到行情, PR507P5400.CZCE
2025-06-11 13:52:32.198 | INFO | SimpleStrategy | combined: 收到行情, PR507P5400.CZCE
2025-06-11 13:52:32.198 | INFO | SimpleStrategy | combined: 收到行情, PR507P5500.CZCE
2025-06-11 13:52:32.199 | INFO | SimpleStrategy | combined: 收到行情, PR507P5500.CZCE
2025-06-11 13:52:32.199 | INFO | SimpleStrategy | combined: 收到行情, PR507P5600.CZCE
2025-06-11 13:52:32.199 | INFO | SimpleStrategy | combined: 收到行情, PR507P5600.CZCE
2025-06-11 13:52:32.199 | INFO | SimpleStrategy | combined: 收到行情, PR507P5700.CZCE
2025-06-11 13:52:32.199 | INFO | SimpleStrategy | combined: 收到行情, PR507P5700.CZCE
2025-06-11 13:52:32.199 | INFO | SimpleStrategy | combined: 收到行情, PR507P5800.CZCE
2025-06-11 13:52:32.199 | INFO | SimpleStrategy | combined: 收到行情, PR507P5800.CZCE
2025-06-11 13:52:32.199 | INFO | SimpleStrategy | combined: 收到行情, PR507P5900.CZCE
2025-06-11 13:52:32.199 | INFO | SimpleStrategy | combined: 收到行情, PR507P5900.CZCE
2025-06-11 13:52:32.200 | INFO | SimpleStrategy | combined: 收到行情, PR507P6000.CZCE
2025-06-11 13:52:32.200 | INFO | SimpleStrategy | combined: 收到行情, PR507P6000.CZCE
2025-06-11 13:52:32.200 | INFO | SimpleStrategy | combined: 收到行情, PR507P6100.CZCE
2025-06-11 13:52:32.200 | INFO | SimpleStrategy | combined: 收到行情, PR507P6100.CZCE
2025-06-11 13:52:32.200 | INFO | SimpleStrategy | combined: 收到行情, PR507P6200.CZCE
2025-06-11 13:52:32.200 | INFO | SimpleStrategy | combined: 收到行情, PR507P6200.CZCE
2025-06-11 13:52:32.200 | INFO | SimpleStrategy | combined: 收到行情, PR507P6300.CZCE
2025-06-11 13:52:32.200 | INFO | SimpleStrategy | combined: 收到行情, PR507P6300.CZCE
2025-06-11 13:52:32.201 | INFO | SimpleStrategy | combined: 收到行情, PR507P6400.CZCE
2025-06-11 13:52:32.201 | INFO | SimpleStrategy | combined: 收到行情, PR507P6400.CZCE
2025-06-11 13:52:32.201 | INFO | SimpleStrategy | combined: 收到行情, PR507P6500.CZCE
2025-06-11 13:52:32.201 | INFO | SimpleStrategy | combined: 收到行情, PR507P6500.CZCE
2025-06-11 13:52:32.201 | INFO | SimpleStrategy | combined: 收到行情, PR507P6600.CZCE
2025-06-11 13:52:32.201 | INFO | SimpleStrategy | combined: 收到行情, PR507P6600.CZCE
2025-06-11 13:52:32.201 | INFO | SimpleStrategy | combined: 收到行情, PR507P6700.CZCE
2025-06-11 13:52:32.201 | INFO | SimpleStrategy | combined: 收到行情, PR507P6700.CZCE
2025-06-11 13:52:32.202 | INFO | SimpleStrategy | combined: 收到行情, PR507P6800.CZCE
2025-06-11 13:52:32.202 | INFO | SimpleStrategy | combined: 收到行情, PR507P6800.CZCE
2025-06-11 13:52:32.202 | INFO | SimpleStrategy | combined: 收到行情, PR508C5100.CZCE
2025-06-11 13:52:32.202 | INFO | SimpleStrategy | combined: 收到行情, PR508C5100.CZCE
2025-06-11 13:52:32.202 | INFO | SimpleStrategy | combined: 收到行情, PR508C5200.CZCE
2025-06-11 13:52:32.202 | INFO | SimpleStrategy | combined: 收到行情, PR508C5200.CZCE
2025-06-11 13:52:32.202 | INFO | SimpleStrategy | combined: 收到行情, PR508C5300.CZCE
2025-06-11 13:52:32.202 | INFO | SimpleStrategy | combined: 收到行情, PR508C5300.CZCE
2025-06-11 13:52:32.202 | INFO | SimpleStrategy | combined: 收到行情, PR508C5400.CZCE
2025-06-11 13:52:32.203 | INFO | SimpleStrategy | combined: 收到行情, PR508C5400.CZCE
2025-06-11 13:52:32.203 | INFO | SimpleStrategy | combined: 收到行情, PR508C5500.CZCE
2025-06-11 13:52:32.203 | INFO | SimpleStrategy | combined: 收到行情, PR508C5500.CZCE
2025-06-11 13:52:32.203 | INFO | SimpleStrategy | combined: 收到行情, PR508C5600.CZCE
2025-06-11 13:52:32.203 | INFO | SimpleStrategy | combined: 收到行情, PR508C5600.CZCE
2025-06-11 13:52:32.203 | INFO | SimpleStrategy | combined: 收到行情, PR508C5700.CZCE
2025-06-11 13:52:32.203 | INFO | SimpleStrategy | combined: 收到行情, PR508C5700.CZCE
2025-06-11 13:52:32.203 | INFO | SimpleStrategy | combined: 收到行情, PR508C5800.CZCE
2025-06-11 13:52:32.203 | INFO | SimpleStrategy | combined: 收到行情, PR508C5800.CZCE
2025-06-11 13:52:32.204 | INFO | SimpleStrategy | combined: 收到行情, PR508C5900.CZCE
2025-06-11 13:52:32.204 | INFO | SimpleStrategy | combined: 收到行情, PR508C5900.CZCE
2025-06-11 13:52:32.204 | INFO | SimpleStrategy | combined: 收到行情, PR508C6000.CZCE
2025-06-11 13:52:32.204 | INFO | SimpleStrategy | combined: 收到行情, PR508C6000.CZCE
2025-06-11 13:52:32.204 | INFO | SimpleStrategy | combined: 收到行情, PR508C6100.CZCE
2025-06-11 13:52:32.204 | INFO | SimpleStrategy | combined: 收到行情, PR508C6100.CZCE
2025-06-11 13:52:32.204 | INFO | SimpleStrategy | combined: 收到行情, PR508C6200.CZCE
2025-06-11 13:52:32.204 | INFO | SimpleStrategy | combined: 收到行情, PR508C6200.CZCE
2025-06-11 13:52:32.204 | INFO | SimpleStrategy | combined: 收到行情, PR508C6300.CZCE
2025-06-11 13:52:32.204 | INFO | SimpleStrategy | combined: 收到行情, PR508C6300.CZCE
2025-06-11 13:52:32.204 | INFO | SimpleStrategy | combined: 收到行情, PR508C6400.CZCE
2025-06-11 13:52:32.204 | INFO | SimpleStrategy | combined: 收到行情, PR508C6400.CZCE
2025-06-11 13:52:32.205 | INFO | SimpleStrategy | combined: 收到行情, PR508C6500.CZCE
2025-06-11 13:52:32.205 | INFO | SimpleStrategy | combined: 收到行情, PR508C6500.CZCE
2025-06-11 13:52:32.205 | INFO | SimpleStrategy | combined: 收到行情, PR508C6600.CZCE
2025-06-11 13:52:32.205 | INFO | SimpleStrategy | combined: 收到行情, PR508C6600.CZCE
2025-06-11 13:52:32.205 | INFO | SimpleStrategy | combined: 收到行情, PR508C6700.CZCE
2025-06-11 13:52:32.205 | INFO | SimpleStrategy | combined: 收到行情, PR508C6700.CZCE
2025-06-11 13:52:32.205 | INFO | SimpleStrategy | combined: 收到行情, PR508P5100.CZCE
2025-06-11 13:52:32.205 | INFO | SimpleStrategy | combined: 收到行情, PR508P5100.CZCE
2025-06-11 13:52:32.206 | INFO | SimpleStrategy | combined: 收到行情, PR508P5200.CZCE
2025-06-11 13:52:32.206 | INFO | SimpleStrategy | combined: 收到行情, PR508P5200.CZCE
2025-06-11 13:52:32.206 | INFO | SimpleStrategy | combined: 收到行情, PR508P5300.CZCE
2025-06-11 13:52:32.206 | INFO | SimpleStrategy | combined: 收到行情, PR508P5300.CZCE
2025-06-11 13:52:32.206 | INFO | SimpleStrategy | combined: 收到行情, PR508P5400.CZCE
2025-06-11 13:52:32.206 | INFO | SimpleStrategy | combined: 收到行情, PR508P5400.CZCE
2025-06-11 13:52:32.206 | INFO | SimpleStrategy | combined: 收到行情, PR508P5500.CZCE
2025-06-11 13:52:32.206 | INFO | SimpleStrategy | combined: 收到行情, PR508P5500.CZCE
2025-06-11 13:52:32.206 | INFO | SimpleStrategy | combined: 收到行情, PR508P5600.CZCE
2025-06-11 13:52:32.206 | INFO | SimpleStrategy | combined: 收到行情, PR508P5600.CZCE
2025-06-11 13:52:32.206 | INFO | SimpleStrategy | combined: 收到行情, PR508P5700.CZCE
2025-06-11 13:52:32.206 | INFO | SimpleStrategy | combined: 收到行情, PR508P5700.CZCE
2025-06-11 13:52:32.207 | INFO | SimpleStrategy | combined: 收到行情, PR508P5800.CZCE
2025-06-11 13:52:32.207 | INFO | SimpleStrategy | combined: 收到行情, PR508P5800.CZCE
2025-06-11 13:52:32.207 | INFO | SimpleStrategy | combined: 收到行情, PR508P5900.CZCE
2025-06-11 13:52:32.207 | INFO | SimpleStrategy | combined: 收到行情, PR508P5900.CZCE
2025-06-11 13:52:32.207 | INFO | SimpleStrategy | combined: 收到行情, PR508P6000.CZCE
2025-06-11 13:52:32.207 | INFO | SimpleStrategy | combined: 收到行情, PR508P6000.CZCE
2025-06-11 13:52:32.207 | INFO | SimpleStrategy | combined: 收到行情, PR508P6100.CZCE
2025-06-11 13:52:32.207 | INFO | SimpleStrategy | combined: 收到行情, PR508P6100.CZCE
2025-06-11 13:52:32.207 | INFO | SimpleStrategy | combined: 收到行情, PR508P6200.CZCE
2025-06-11 13:52:32.207 | INFO | SimpleStrategy | combined: 收到行情, PR508P6200.CZCE
2025-06-11 13:52:32.207 | INFO | SimpleStrategy | combined: 收到行情, PR508P6300.CZCE
2025-06-11 13:52:32.207 | INFO | SimpleStrategy | combined: 收到行情, PR508P6300.CZCE
2025-06-11 13:52:32.207 | INFO | SimpleStrategy | combined: 收到行情, PR508P6400.CZCE
2025-06-11 13:52:32.207 | INFO | SimpleStrategy | combined: 收到行情, PR508P6400.CZCE
2025-06-11 13:52:32.207 | INFO | SimpleStrategy | combined: 收到行情, PR508P6500.CZCE
2025-06-11 13:52:32.208 | INFO | SimpleStrategy | combined: 收到行情, PR508P6500.CZCE
2025-06-11 13:52:32.208 | INFO | SimpleStrategy | combined: 收到行情, PR508P6600.CZCE
2025-06-11 13:52:32.208 | INFO | SimpleStrategy | combined: 收到行情, PR508P6600.CZCE
2025-06-11 13:52:32.208 | INFO | SimpleStrategy | combined: 收到行情, PR508P6700.CZCE
2025-06-11 13:52:32.208 | INFO | SimpleStrategy | combined: 收到行情, PR508P6700.CZCE
2025-06-11 13:52:32.208 | INFO | SimpleStrategy | combined: 收到行情, PX508C5300.CZCE
2025-06-11 13:52:32.208 | INFO | SimpleStrategy | combined: 收到行情, PX508C5300.CZCE
2025-06-11 13:52:32.208 | INFO | SimpleStrategy | combined: 收到行情, PX508C5400.CZCE
2025-06-11 13:52:32.208 | INFO | SimpleStrategy | combined: 收到行情, PX508C5400.CZCE
2025-06-11 13:52:32.208 | INFO | SimpleStrategy | combined: 收到行情, PX508C5500.CZCE
2025-06-11 13:52:32.208 | INFO | SimpleStrategy | combined: 收到行情, PX508C5500.CZCE
2025-06-11 13:52:32.208 | INFO | SimpleStrategy | combined: 收到行情, PX508C5600.CZCE
2025-06-11 13:52:32.208 | INFO | SimpleStrategy | combined: 收到行情, PX508C5600.CZCE
2025-06-11 13:52:32.208 | INFO | SimpleStrategy | combined: 收到行情, PX508C5700.CZCE
2025-06-11 13:52:32.209 | INFO | SimpleStrategy | combined: 收到行情, PX508C5700.CZCE
2025-06-11 13:52:32.209 | INFO | SimpleStrategy | combined: 收到行情, PX508C5800.CZCE
2025-06-11 13:52:32.209 | INFO | SimpleStrategy | combined: 收到行情, PX508C5800.CZCE
2025-06-11 13:52:32.209 | INFO | SimpleStrategy | combined: 收到行情, PX508C5900.CZCE
2025-06-11 13:52:32.209 | INFO | SimpleStrategy | combined: 收到行情, PX508C5900.CZCE
2025-06-11 13:52:32.209 | INFO | SimpleStrategy | combined: 收到行情, PX508C6000.CZCE
2025-06-11 13:52:32.209 | INFO | SimpleStrategy | combined: 收到行情, PX508C6000.CZCE
2025-06-11 13:52:32.209 | INFO | SimpleStrategy | combined: 收到行情, PX508C6100.CZCE
2025-06-11 13:52:32.209 | INFO | SimpleStrategy | combined: 收到行情, PX508C6100.CZCE
2025-06-11 13:52:32.209 | INFO | SimpleStrategy | combined: 收到行情, PX508C6200.CZCE
2025-06-11 13:52:32.209 | INFO | SimpleStrategy | combined: 收到行情, PX508C6200.CZCE
2025-06-11 13:52:32.209 | INFO | SimpleStrategy | combined: 收到行情, PX508C6300.CZCE
2025-06-11 13:52:32.209 | INFO | SimpleStrategy | combined: 收到行情, PX508C6300.CZCE
2025-06-11 13:52:32.209 | INFO | SimpleStrategy | combined: 收到行情, PX508C6400.CZCE
2025-06-11 13:52:32.210 | INFO | SimpleStrategy | combined: 收到行情, PX508C6400.CZCE
2025-06-11 13:52:32.210 | INFO | SimpleStrategy | combined: 收到行情, PX508C6500.CZCE
2025-06-11 13:52:32.210 | INFO | SimpleStrategy | combined: 收到行情, PX508C6500.CZCE
2025-06-11 13:52:32.210 | INFO | SimpleStrategy | combined: 收到行情, PX508C6600.CZCE
2025-06-11 13:52:32.210 | INFO | SimpleStrategy | combined: 收到行情, PX508C6600.CZCE
2025-06-11 13:52:32.210 | INFO | SimpleStrategy | combined: 收到行情, PX508C6700.CZCE
2025-06-11 13:52:32.210 | INFO | SimpleStrategy | combined: 收到行情, PX508C6700.CZCE
2025-06-11 13:52:32.210 | INFO | SimpleStrategy | combined: 收到行情, PX508C6800.CZCE
2025-06-11 13:52:32.210 | INFO | SimpleStrategy | combined: 收到行情, PX508C6800.CZCE
2025-06-11 13:52:32.210 | INFO | SimpleStrategy | combined: 收到行情, PX508C6900.CZCE
2025-06-11 13:52:32.211 | INFO | SimpleStrategy | combined: 收到行情, PX508C6900.CZCE
2025-06-11 13:52:32.211 | INFO | SimpleStrategy | combined: 收到行情, PX508C7000.CZCE
2025-06-11 13:52:32.211 | INFO | SimpleStrategy | combined: 收到行情, PX508C7000.CZCE
2025-06-11 13:52:32.211 | INFO | SimpleStrategy | combined: 收到行情, PX508C7100.CZCE
2025-06-11 13:52:32.211 | INFO | SimpleStrategy | combined: 收到行情, PX508C7100.CZCE
2025-06-11 13:52:32.211 | INFO | SimpleStrategy | combined: 收到行情, PX508C7200.CZCE
2025-06-11 13:52:32.211 | INFO | SimpleStrategy | combined: 收到行情, PX508C7200.CZCE
2025-06-11 13:52:32.211 | INFO | SimpleStrategy | combined: 收到行情, PX508C7300.CZCE
2025-06-11 13:52:32.211 | INFO | SimpleStrategy | combined: 收到行情, PX508C7300.CZCE
2025-06-11 13:52:32.211 | INFO | SimpleStrategy | combined: 收到行情, PX508C7400.CZCE
2025-06-11 13:52:32.211 | INFO | SimpleStrategy | combined: 收到行情, PX508C7400.CZCE
2025-06-11 13:52:32.211 | INFO | SimpleStrategy | combined: 收到行情, PX508C7500.CZCE
2025-06-11 13:52:32.211 | INFO | SimpleStrategy | combined: 收到行情, PX508C7500.CZCE
2025-06-11 13:52:32.211 | INFO | SimpleStrategy | combined: 收到行情, PX508C7600.CZCE
2025-06-11 13:52:32.212 | INFO | SimpleStrategy | combined: 收到行情, PX508C7600.CZCE
2025-06-11 13:52:32.212 | INFO | SimpleStrategy | combined: 收到行情, PX508C7700.CZCE
2025-06-11 13:52:32.212 | INFO | SimpleStrategy | combined: 收到行情, PX508C7700.CZCE
2025-06-11 13:52:32.212 | INFO | SimpleStrategy | combined: 收到行情, PX508C7800.CZCE
2025-06-11 13:52:32.212 | INFO | SimpleStrategy | combined: 收到行情, PX508C7800.CZCE
2025-06-11 13:52:32.212 | INFO | SimpleStrategy | combined: 收到行情, PX508C7900.CZCE
2025-06-11 13:52:32.212 | INFO | SimpleStrategy | combined: 收到行情, PX508C7900.CZCE
2025-06-11 13:52:32.212 | INFO | SimpleStrategy | combined: 收到行情, PX508P5300.CZCE
2025-06-11 13:52:32.212 | INFO | SimpleStrategy | combined: 收到行情, PX508P5300.CZCE
2025-06-11 13:52:32.212 | INFO | SimpleStrategy | combined: 收到行情, PX508P5400.CZCE
2025-06-11 13:52:32.212 | INFO | SimpleStrategy | combined: 收到行情, PX508P5400.CZCE
2025-06-11 13:52:32.212 | INFO | SimpleStrategy | combined: 收到行情, PX508P5500.CZCE
2025-06-11 13:52:32.212 | INFO | SimpleStrategy | combined: 收到行情, PX508P5500.CZCE
2025-06-11 13:52:32.212 | INFO | SimpleStrategy | combined: 收到行情, PX508P5600.CZCE
2025-06-11 13:52:32.212 | INFO | SimpleStrategy | combined: 收到行情, PX508P5600.CZCE
2025-06-11 13:52:32.212 | INFO | SimpleStrategy | combined: 收到行情, PX508P5700.CZCE
2025-06-11 13:52:32.213 | INFO | SimpleStrategy | combined: 收到行情, PX508P5700.CZCE
2025-06-11 13:52:32.213 | INFO | SimpleStrategy | combined: 收到行情, PX508P5800.CZCE
2025-06-11 13:52:32.213 | INFO | SimpleStrategy | combined: 收到行情, PX508P5800.CZCE
2025-06-11 13:52:32.213 | INFO | SimpleStrategy | combined: 收到行情, PX508P5900.CZCE
2025-06-11 13:52:32.213 | INFO | SimpleStrategy | combined: 收到行情, PX508P5900.CZCE
2025-06-11 13:52:32.213 | INFO | SimpleStrategy | combined: 收到行情, PX508P6000.CZCE
2025-06-11 13:52:32.213 | INFO | SimpleStrategy | combined: 收到行情, PX508P6000.CZCE
2025-06-11 13:52:32.213 | INFO | SimpleStrategy | combined: 收到行情, PX508P6100.CZCE
2025-06-11 13:52:32.213 | INFO | SimpleStrategy | combined: 收到行情, PX508P6100.CZCE
2025-06-11 13:52:32.213 | INFO | SimpleStrategy | combined: 收到行情, PX508P6200.CZCE
2025-06-11 13:52:32.213 | INFO | SimpleStrategy | combined: 收到行情, PX508P6200.CZCE
2025-06-11 13:52:32.214 | INFO | SimpleStrategy | combined: 收到行情, PX508P6300.CZCE
2025-06-11 13:52:32.214 | INFO | SimpleStrategy | combined: 收到行情, PX508P6300.CZCE
2025-06-11 13:52:32.214 | INFO | SimpleStrategy | combined: 收到行情, PX508P6400.CZCE
2025-06-11 13:52:32.214 | INFO | SimpleStrategy | combined: 收到行情, PX508P6400.CZCE
2025-06-11 13:52:32.214 | INFO | SimpleStrategy | combined: 收到行情, PX508P6500.CZCE
2025-06-11 13:52:32.214 | INFO | SimpleStrategy | combined: 收到行情, PX508P6500.CZCE
2025-06-11 13:52:32.214 | INFO | SimpleStrategy | combined: 收到行情, PX508P6600.CZCE
2025-06-11 13:52:32.214 | INFO | SimpleStrategy | combined: 收到行情, PX508P6600.CZCE
2025-06-11 13:52:32.215 | INFO | SimpleStrategy | combined: 收到行情, PX508P6700.CZCE
2025-06-11 13:52:32.215 | INFO | SimpleStrategy | combined: 收到行情, PX508P6700.CZCE
2025-06-11 13:52:32.215 | INFO | SimpleStrategy | combined: 收到行情, PX508P6800.CZCE
2025-06-11 13:52:32.215 | INFO | SimpleStrategy | combined: 收到行情, PX508P6800.CZCE
2025-06-11 13:52:32.215 | INFO | SimpleStrategy | combined: 收到行情, PX508P6900.CZCE
2025-06-11 13:52:32.215 | INFO | SimpleStrategy | combined: 收到行情, PX508P6900.CZCE
2025-06-11 13:52:32.215 | INFO | SimpleStrategy | combined: 收到行情, PX508P7000.CZCE
2025-06-11 13:52:32.215 | INFO | SimpleStrategy | combined: 收到行情, PX508P7000.CZCE
2025-06-11 13:52:32.215 | INFO | SimpleStrategy | combined: 收到行情, PX508P7100.CZCE
2025-06-11 13:52:32.215 | INFO | SimpleStrategy | combined: 收到行情, PX508P7100.CZCE
2025-06-11 13:52:32.215 | INFO | SimpleStrategy | combined: 收到行情, PX508P7200.CZCE
2025-06-11 13:52:32.215 | INFO | SimpleStrategy | combined: 收到行情, PX508P7200.CZCE
2025-06-11 13:52:32.216 | INFO | SimpleStrategy | combined: 收到行情, PX508P7300.CZCE
2025-06-11 13:52:32.216 | INFO | SimpleStrategy | combined: 收到行情, PX508P7300.CZCE
2025-06-11 13:52:32.216 | INFO | SimpleStrategy | combined: 收到行情, PX508P7400.CZCE
2025-06-11 13:52:32.216 | INFO | SimpleStrategy | combined: 收到行情, PX508P7400.CZCE
2025-06-11 13:52:32.216 | INFO | SimpleStrategy | combined: 收到行情, PX508P7500.CZCE
2025-06-11 13:52:32.216 | INFO | SimpleStrategy | combined: 收到行情, PX508P7500.CZCE
2025-06-11 13:52:32.216 | INFO | SimpleStrategy | combined: 收到行情, PX508P7600.CZCE
2025-06-11 13:52:32.216 | INFO | SimpleStrategy | combined: 收到行情, PX508P7600.CZCE
2025-06-11 13:52:32.216 | INFO | SimpleStrategy | combined: 收到行情, PX508P7700.CZCE
2025-06-11 13:52:32.216 | INFO | SimpleStrategy | combined: 收到行情, PX508P7700.CZCE
2025-06-11 13:52:32.216 | INFO | SimpleStrategy | combined: 收到行情, PX508P7800.CZCE
2025-06-11 13:52:32.216 | INFO | SimpleStrategy | combined: 收到行情, PX508P7800.CZCE
2025-06-11 13:52:32.216 | INFO | SimpleStrategy | combined: 收到行情, PX508P7900.CZCE
2025-06-11 13:52:32.216 | INFO | SimpleStrategy | combined: 收到行情, PX508P7900.CZCE
2025-06-11 13:52:32.216 | INFO | SimpleStrategy | combined: 收到行情, PX509C5200.CZCE
2025-06-11 13:52:32.216 | INFO | SimpleStrategy | combined: 收到行情, PX509C5200.CZCE
2025-06-11 13:52:32.217 | INFO | SimpleStrategy | combined: 收到行情, PX509C5300.CZCE
2025-06-11 13:52:32.217 | INFO | SimpleStrategy | combined: 收到行情, PX509C5300.CZCE
2025-06-11 13:52:32.217 | INFO | SimpleStrategy | combined: 收到行情, PX509C5400.CZCE
2025-06-11 13:52:32.217 | INFO | SimpleStrategy | combined: 收到行情, PX509C5400.CZCE
2025-06-11 13:52:32.217 | INFO | SimpleStrategy | combined: 收到行情, PX509C5500.CZCE
2025-06-11 13:52:32.217 | INFO | SimpleStrategy | combined: 收到行情, PX509C5500.CZCE
2025-06-11 13:52:32.217 | INFO | SimpleStrategy | combined: 收到行情, PX509C5600.CZCE
2025-06-11 13:52:32.217 | INFO | SimpleStrategy | combined: 收到行情, PX509C5600.CZCE
2025-06-11 13:52:32.217 | INFO | SimpleStrategy | combined: 收到行情, PX509C5700.CZCE
2025-06-11 13:52:32.217 | INFO | SimpleStrategy | combined: 收到行情, PX509C5700.CZCE
2025-06-11 13:52:32.217 | INFO | SimpleStrategy | combined: 收到行情, PX509C5800.CZCE
2025-06-11 13:52:32.217 | INFO | SimpleStrategy | combined: 收到行情, PX509C5800.CZCE
2025-06-11 13:52:32.217 | INFO | SimpleStrategy | combined: 收到行情, PX509C5900.CZCE
2025-06-11 13:52:32.217 | INFO | SimpleStrategy | combined: 收到行情, PX509C5900.CZCE
2025-06-11 13:52:32.217 | INFO | SimpleStrategy | combined: 收到行情, PX509C6000.CZCE
2025-06-11 13:52:32.217 | INFO | SimpleStrategy | combined: 收到行情, PX509C6000.CZCE
2025-06-11 13:52:32.217 | INFO | SimpleStrategy | combined: 收到行情, PX509C6100.CZCE
2025-06-11 13:52:32.217 | INFO | SimpleStrategy | combined: 收到行情, PX509C6100.CZCE
2025-06-11 13:52:32.217 | INFO | SimpleStrategy | combined: 收到行情, PX509C6200.CZCE
2025-06-11 13:52:32.217 | INFO | SimpleStrategy | combined: 收到行情, PX509C6200.CZCE
2025-06-11 13:52:32.218 | INFO | SimpleStrategy | combined: 收到行情, PX509C6300.CZCE
2025-06-11 13:52:32.218 | INFO | SimpleStrategy | combined: 收到行情, PX509C6300.CZCE
2025-06-11 13:52:32.218 | INFO | SimpleStrategy | combined: 收到行情, PX509C6400.CZCE
2025-06-11 13:52:32.218 | INFO | SimpleStrategy | combined: 收到行情, PX509C6400.CZCE
2025-06-11 13:52:32.218 | INFO | SimpleStrategy | combined: 收到行情, PX509C6500.CZCE
2025-06-11 13:52:32.218 | INFO | SimpleStrategy | combined: 收到行情, PX509C6500.CZCE
2025-06-11 13:52:32.218 | INFO | SimpleStrategy | combined: 收到行情, PX509C6600.CZCE
2025-06-11 13:52:32.218 | INFO | SimpleStrategy | combined: 收到行情, PX509C6600.CZCE
2025-06-11 13:52:32.218 | INFO | SimpleStrategy | combined: 收到行情, PX509C6700.CZCE
2025-06-11 13:52:32.218 | INFO | SimpleStrategy | combined: 收到行情, PX509C6700.CZCE
2025-06-11 13:52:32.219 | INFO | SimpleStrategy | combined: 收到行情, PX509C6800.CZCE
2025-06-11 13:52:32.219 | INFO | SimpleStrategy | combined: 收到行情, PX509C6800.CZCE
2025-06-11 13:52:32.219 | INFO | SimpleStrategy | combined: 收到行情, PX509C6900.CZCE
2025-06-11 13:52:32.219 | INFO | SimpleStrategy | combined: 收到行情, PX509C6900.CZCE
2025-06-11 13:52:32.219 | INFO | SimpleStrategy | combined: 收到行情, PX509C7000.CZCE
2025-06-11 13:52:32.219 | INFO | SimpleStrategy | combined: 收到行情, PX509C7000.CZCE
2025-06-11 13:52:32.219 | INFO | SimpleStrategy | combined: 收到行情, PX509C7100.CZCE
2025-06-11 13:52:32.219 | INFO | SimpleStrategy | combined: 收到行情, PX509C7100.CZCE
2025-06-11 13:52:32.219 | INFO | SimpleStrategy | combined: 收到行情, PX509C7200.CZCE
2025-06-11 13:52:32.219 | INFO | SimpleStrategy | combined: 收到行情, PX509C7200.CZCE
2025-06-11 13:52:32.219 | INFO | SimpleStrategy | combined: 收到行情, PX509C7300.CZCE
2025-06-11 13:52:32.219 | INFO | SimpleStrategy | combined: 收到行情, PX509C7300.CZCE
2025-06-11 13:52:32.219 | INFO | SimpleStrategy | combined: 收到行情, PX509C7400.CZCE
2025-06-11 13:52:32.219 | INFO | SimpleStrategy | combined: 收到行情, PX509C7400.CZCE
2025-06-11 13:52:32.219 | INFO | SimpleStrategy | combined: 收到行情, PX509C7500.CZCE
2025-06-11 13:52:32.219 | INFO | SimpleStrategy | combined: 收到行情, PX509C7500.CZCE
2025-06-11 13:52:32.220 | INFO | SimpleStrategy | combined: 收到行情, PX509C7600.CZCE
2025-06-11 13:52:32.220 | INFO | SimpleStrategy | combined: 收到行情, PX509C7600.CZCE
2025-06-11 13:52:32.220 | INFO | SimpleStrategy | combined: 收到行情, PX509C7700.CZCE
2025-06-11 13:52:32.220 | INFO | SimpleStrategy | combined: 收到行情, PX509C7700.CZCE
2025-06-11 13:52:32.220 | INFO | SimpleStrategy | combined: 收到行情, PX509C7800.CZCE
2025-06-11 13:52:32.220 | INFO | SimpleStrategy | combined: 收到行情, PX509C7800.CZCE
2025-06-11 13:52:32.220 | INFO | SimpleStrategy | combined: 收到行情, PX509C7900.CZCE
2025-06-11 13:52:32.220 | INFO | SimpleStrategy | combined: 收到行情, PX509C7900.CZCE
2025-06-11 13:52:32.220 | INFO | SimpleStrategy | combined: 收到行情, PX509C8000.CZCE
2025-06-11 13:52:32.220 | INFO | SimpleStrategy | combined: 收到行情, PX509C8000.CZCE
2025-06-11 13:52:32.220 | INFO | SimpleStrategy | combined: 收到行情, PX509C8100.CZCE
2025-06-11 13:52:32.220 | INFO | SimpleStrategy | combined: 收到行情, PX509C8100.CZCE
2025-06-11 13:52:32.220 | INFO | SimpleStrategy | combined: 收到行情, PX509C8200.CZCE
2025-06-11 13:52:32.221 | INFO | SimpleStrategy | combined: 收到行情, PX509C8200.CZCE
2025-06-11 13:52:32.221 | INFO | SimpleStrategy | combined: 收到行情, PX509C8300.CZCE
2025-06-11 13:52:32.221 | INFO | SimpleStrategy | combined: 收到行情, PX509C8300.CZCE
2025-06-11 13:52:32.221 | INFO | SimpleStrategy | combined: 收到行情, PX509C8400.CZCE
2025-06-11 13:52:32.221 | INFO | SimpleStrategy | combined: 收到行情, PX509C8400.CZCE
2025-06-11 13:52:32.221 | INFO | SimpleStrategy | combined: 收到行情, PX509P5200.CZCE
2025-06-11 13:52:32.221 | INFO | SimpleStrategy | combined: 收到行情, PX509P5200.CZCE
2025-06-11 13:52:32.221 | INFO | SimpleStrategy | combined: 收到行情, PX509P5300.CZCE
2025-06-11 13:52:32.221 | INFO | SimpleStrategy | combined: 收到行情, PX509P5300.CZCE
2025-06-11 13:52:32.222 | INFO | SimpleStrategy | combined: 收到行情, PX509P5400.CZCE
2025-06-11 13:52:32.222 | INFO | SimpleStrategy | combined: 收到行情, PX509P5400.CZCE
2025-06-11 13:52:32.222 | INFO | SimpleStrategy | combined: 收到行情, PX509P5500.CZCE
2025-06-11 13:52:32.222 | INFO | SimpleStrategy | combined: 收到行情, PX509P5500.CZCE
2025-06-11 13:52:32.222 | INFO | SimpleStrategy | combined: 收到行情, PX509P5600.CZCE
2025-06-11 13:52:32.222 | INFO | SimpleStrategy | combined: 收到行情, PX509P5600.CZCE
2025-06-11 13:52:32.222 | INFO | SimpleStrategy | combined: 收到行情, PX509P5700.CZCE
2025-06-11 13:52:32.222 | INFO | SimpleStrategy | combined: 收到行情, PX509P5700.CZCE
2025-06-11 13:52:32.222 | INFO | SimpleStrategy | combined: 收到行情, PX509P5800.CZCE
2025-06-11 13:52:32.222 | INFO | SimpleStrategy | combined: 收到行情, PX509P5800.CZCE
2025-06-11 13:52:32.223 | INFO | SimpleStrategy | combined: 收到行情, PX509P5900.CZCE
2025-06-11 13:52:32.223 | INFO | SimpleStrategy | combined: 收到行情, PX509P5900.CZCE
2025-06-11 13:52:32.223 | INFO | SimpleStrategy | combined: 收到行情, PX509P6000.CZCE
2025-06-11 13:52:32.223 | INFO | SimpleStrategy | combined: 收到行情, PX509P6000.CZCE
2025-06-11 13:52:32.223 | INFO | SimpleStrategy | combined: 收到行情, PX509P6100.CZCE
2025-06-11 13:52:32.223 | INFO | SimpleStrategy | combined: 收到行情, PX509P6100.CZCE
2025-06-11 13:52:32.223 | INFO | SimpleStrategy | combined: 收到行情, PX509P6200.CZCE
2025-06-11 13:52:32.223 | INFO | SimpleStrategy | combined: 收到行情, PX509P6200.CZCE
2025-06-11 13:52:32.223 | INFO | SimpleStrategy | combined: 收到行情, PX509P6300.CZCE
2025-06-11 13:52:32.223 | INFO | SimpleStrategy | combined: 收到行情, PX509P6300.CZCE
2025-06-11 13:52:32.223 | INFO | SimpleStrategy | combined: 收到行情, PX509P6400.CZCE
2025-06-11 13:52:32.223 | INFO | SimpleStrategy | combined: 收到行情, PX509P6400.CZCE
2025-06-11 13:52:32.223 | INFO | SimpleStrategy | combined: 收到行情, PX509P6500.CZCE
2025-06-11 13:52:32.223 | INFO | SimpleStrategy | combined: 收到行情, PX509P6500.CZCE
2025-06-11 13:52:32.224 | INFO | SimpleStrategy | combined: 收到行情, PX509P6600.CZCE
2025-06-11 13:52:32.224 | INFO | SimpleStrategy | combined: 收到行情, PX509P6600.CZCE
2025-06-11 13:52:32.224 | INFO | SimpleStrategy | combined: 收到行情, PX509P6700.CZCE
2025-06-11 13:52:32.224 | INFO | SimpleStrategy | combined: 收到行情, PX509P6700.CZCE
2025-06-11 13:52:32.224 | INFO | SimpleStrategy | combined: 收到行情, PX509P6800.CZCE
2025-06-11 13:52:32.224 | INFO | SimpleStrategy | combined: 收到行情, PX509P6800.CZCE
2025-06-11 13:52:32.224 | INFO | SimpleStrategy | combined: 收到行情, PX509P6900.CZCE
2025-06-11 13:52:32.224 | INFO | SimpleStrategy | combined: 收到行情, PX509P6900.CZCE
2025-06-11 13:52:32.224 | INFO | SimpleStrategy | combined: 收到行情, PX509P7000.CZCE
2025-06-11 13:52:32.224 | INFO | SimpleStrategy | combined: 收到行情, PX509P7000.CZCE
2025-06-11 13:52:32.224 | INFO | SimpleStrategy | combined: 收到行情, PX509P7100.CZCE
2025-06-11 13:52:32.224 | INFO | SimpleStrategy | combined: 收到行情, PX509P7100.CZCE
2025-06-11 13:52:32.224 | INFO | SimpleStrategy | combined: 收到行情, PX509P7200.CZCE
2025-06-11 13:52:32.224 | INFO | SimpleStrategy | combined: 收到行情, PX509P7200.CZCE
2025-06-11 13:52:32.224 | INFO | SimpleStrategy | combined: 收到行情, PX509P7300.CZCE
2025-06-11 13:52:32.224 | INFO | SimpleStrategy | combined: 收到行情, PX509P7300.CZCE
2025-06-11 13:52:32.225 | INFO | SimpleStrategy | combined: 收到行情, PX509P7400.CZCE
2025-06-11 13:52:32.225 | INFO | SimpleStrategy | combined: 收到行情, PX509P7400.CZCE
2025-06-11 13:52:32.225 | INFO | SimpleStrategy | combined: 收到行情, PX509P7500.CZCE
2025-06-11 13:52:32.225 | INFO | SimpleStrategy | combined: 收到行情, PX509P7500.CZCE
2025-06-11 13:52:32.225 | INFO | SimpleStrategy | combined: 收到行情, PX509P7600.CZCE
2025-06-11 13:52:32.225 | INFO | SimpleStrategy | combined: 收到行情, PX509P7600.CZCE
2025-06-11 13:52:32.225 | INFO | SimpleStrategy | combined: 收到行情, PX509P7700.CZCE
2025-06-11 13:52:32.225 | INFO | SimpleStrategy | combined: 收到行情, PX509P7700.CZCE
2025-06-11 13:52:32.225 | INFO | SimpleStrategy | combined: 收到行情, PX509P7800.CZCE
2025-06-11 13:52:32.225 | INFO | SimpleStrategy | combined: 收到行情, PX509P7800.CZCE
2025-06-11 13:52:32.225 | INFO | SimpleStrategy | combined: 收到行情, PX509P7900.CZCE
2025-06-11 13:52:32.226 | INFO | SimpleStrategy | combined: 收到行情, PX509P7900.CZCE
2025-06-11 13:52:32.226 | INFO | SimpleStrategy | combined: 收到行情, PX509P8000.CZCE
2025-06-11 13:52:32.226 | INFO | SimpleStrategy | combined: 收到行情, PX509P8000.CZCE
2025-06-11 13:52:32.226 | INFO | SimpleStrategy | combined: 收到行情, PX509P8100.CZCE
2025-06-11 13:52:32.226 | INFO | SimpleStrategy | combined: 收到行情, PX509P8100.CZCE
2025-06-11 13:52:32.226 | INFO | SimpleStrategy | combined: 收到行情, PX509P8200.CZCE
2025-06-11 13:52:32.226 | INFO | SimpleStrategy | combined: 收到行情, PX509P8200.CZCE
2025-06-11 13:52:32.226 | INFO | SimpleStrategy | combined: 收到行情, PX509P8300.CZCE
2025-06-11 13:52:32.226 | INFO | SimpleStrategy | combined: 收到行情, PX509P8300.CZCE
2025-06-11 13:52:32.226 | INFO | SimpleStrategy | combined: 收到行情, PX509P8400.CZCE
2025-06-11 13:52:32.226 | INFO | SimpleStrategy | combined: 收到行情, PX509P8400.CZCE
2025-06-11 13:52:32.226 | INFO | SimpleStrategy | combined: 收到行情, RM507C2000.CZCE
2025-06-11 13:52:32.226 | INFO | SimpleStrategy | combined: 收到行情, RM507C2000.CZCE
2025-06-11 13:52:32.226 | INFO | SimpleStrategy | combined: 收到行情, RM507C2025.CZCE
2025-06-11 13:52:32.226 | INFO | SimpleStrategy | combined: 收到行情, RM507C2025.CZCE
2025-06-11 13:52:32.226 | INFO | SimpleStrategy | combined: 收到行情, RM507C2050.CZCE
2025-06-11 13:52:32.227 | INFO | SimpleStrategy | combined: 收到行情, RM507C2050.CZCE
2025-06-11 13:52:32.227 | INFO | SimpleStrategy | combined: 收到行情, RM507C2075.CZCE
2025-06-11 13:52:32.227 | INFO | SimpleStrategy | combined: 收到行情, RM507C2075.CZCE
2025-06-11 13:52:32.227 | INFO | SimpleStrategy | combined: 收到行情, RM507C2100.CZCE
2025-06-11 13:52:32.227 | INFO | SimpleStrategy | combined: 收到行情, RM507C2100.CZCE
2025-06-11 13:52:32.227 | INFO | SimpleStrategy | combined: 收到行情, RM507C2125.CZCE
2025-06-11 13:52:32.227 | INFO | SimpleStrategy | combined: 收到行情, RM507C2125.CZCE
2025-06-11 13:52:32.227 | INFO | SimpleStrategy | combined: 收到行情, RM507C2150.CZCE
2025-06-11 13:52:32.227 | INFO | SimpleStrategy | combined: 收到行情, RM507C2150.CZCE
2025-06-11 13:52:32.227 | INFO | SimpleStrategy | combined: 收到行情, RM507C2175.CZCE
2025-06-11 13:52:32.227 | INFO | SimpleStrategy | combined: 收到行情, RM507C2175.CZCE
2025-06-11 13:52:32.227 | INFO | SimpleStrategy | combined: 收到行情, RM507C2200.CZCE
2025-06-11 13:52:32.227 | INFO | SimpleStrategy | combined: 收到行情, RM507C2200.CZCE
2025-06-11 13:52:32.227 | INFO | SimpleStrategy | combined: 收到行情, RM507C2225.CZCE
2025-06-11 13:52:32.227 | INFO | SimpleStrategy | combined: 收到行情, RM507C2225.CZCE
2025-06-11 13:52:32.227 | INFO | SimpleStrategy | combined: 收到行情, RM507C2250.CZCE
2025-06-11 13:52:32.228 | INFO | SimpleStrategy | combined: 收到行情, RM507C2250.CZCE
2025-06-11 13:52:32.228 | INFO | SimpleStrategy | combined: 收到行情, RM507C2275.CZCE
2025-06-11 13:52:32.228 | INFO | SimpleStrategy | combined: 收到行情, RM507C2275.CZCE
2025-06-11 13:52:32.228 | INFO | SimpleStrategy | combined: 收到行情, RM507C2300.CZCE
2025-06-11 13:52:32.228 | INFO | SimpleStrategy | combined: 收到行情, RM507C2300.CZCE
2025-06-11 13:52:32.228 | INFO | SimpleStrategy | combined: 收到行情, RM507C2325.CZCE
2025-06-11 13:52:32.228 | INFO | SimpleStrategy | combined: 收到行情, RM507C2325.CZCE
2025-06-11 13:52:32.228 | INFO | SimpleStrategy | combined: 收到行情, RM507C2350.CZCE
2025-06-11 13:52:32.228 | INFO | SimpleStrategy | combined: 收到行情, RM507C2350.CZCE
2025-06-11 13:52:32.228 | INFO | SimpleStrategy | combined: 收到行情, RM507C2375.CZCE
2025-06-11 13:52:32.228 | INFO | SimpleStrategy | combined: 收到行情, RM507C2375.CZCE
2025-06-11 13:52:32.228 | INFO | SimpleStrategy | combined: 收到行情, RM507C2400.CZCE
2025-06-11 13:52:32.228 | INFO | SimpleStrategy | combined: 收到行情, RM507C2400.CZCE
2025-06-11 13:52:32.228 | INFO | SimpleStrategy | combined: 收到行情, RM507C2425.CZCE
2025-06-11 13:52:32.228 | INFO | SimpleStrategy | combined: 收到行情, RM507C2425.CZCE
2025-06-11 13:52:32.228 | INFO | SimpleStrategy | combined: 收到行情, RM507C2450.CZCE
2025-06-11 13:52:32.229 | INFO | SimpleStrategy | combined: 收到行情, RM507C2450.CZCE
2025-06-11 13:52:32.229 | INFO | SimpleStrategy | combined: 收到行情, RM507C2475.CZCE
2025-06-11 13:52:32.229 | INFO | SimpleStrategy | combined: 收到行情, RM507C2475.CZCE
2025-06-11 13:52:32.229 | INFO | SimpleStrategy | combined: 收到行情, RM507C2500.CZCE
2025-06-11 13:52:32.229 | INFO | SimpleStrategy | combined: 收到行情, RM507C2500.CZCE
2025-06-11 13:52:32.229 | INFO | SimpleStrategy | combined: 收到行情, RM507C2550.CZCE
2025-06-11 13:52:32.229 | INFO | SimpleStrategy | combined: 收到行情, RM507C2550.CZCE
2025-06-11 13:52:32.229 | INFO | SimpleStrategy | combined: 收到行情, RM507C2600.CZCE
2025-06-11 13:52:32.229 | INFO | SimpleStrategy | combined: 收到行情, RM507C2600.CZCE
2025-06-11 13:52:32.229 | INFO | SimpleStrategy | combined: 收到行情, RM507C2650.CZCE
2025-06-11 13:52:32.229 | INFO | SimpleStrategy | combined: 收到行情, RM507C2650.CZCE
2025-06-11 13:52:32.229 | INFO | SimpleStrategy | combined: 收到行情, RM507C2700.CZCE
2025-06-11 13:52:32.229 | INFO | SimpleStrategy | combined: 收到行情, RM507C2700.CZCE
2025-06-11 13:52:32.229 | INFO | SimpleStrategy | combined: 收到行情, RM507C2750.CZCE
2025-06-11 13:52:32.229 | INFO | SimpleStrategy | combined: 收到行情, RM507C2750.CZCE
2025-06-11 13:52:32.229 | INFO | SimpleStrategy | combined: 收到行情, RM507C2800.CZCE
2025-06-11 13:52:32.229 | INFO | SimpleStrategy | combined: 收到行情, RM507C2800.CZCE
2025-06-11 13:52:32.229 | INFO | SimpleStrategy | combined: 收到行情, RM507C2850.CZCE
2025-06-11 13:52:32.230 | INFO | SimpleStrategy | combined: 收到行情, RM507C2850.CZCE
2025-06-11 13:52:32.230 | INFO | SimpleStrategy | combined: 收到行情, RM507C2900.CZCE
2025-06-11 13:52:32.230 | INFO | SimpleStrategy | combined: 收到行情, RM507C2900.CZCE
2025-06-11 13:52:32.230 | INFO | SimpleStrategy | combined: 收到行情, RM507C2950.CZCE
2025-06-11 13:52:32.230 | INFO | SimpleStrategy | combined: 收到行情, RM507C2950.CZCE
2025-06-11 13:52:32.230 | INFO | SimpleStrategy | combined: 收到行情, RM507C3000.CZCE
2025-06-11 13:52:32.230 | INFO | SimpleStrategy | combined: 收到行情, RM507C3000.CZCE
2025-06-11 13:52:32.230 | INFO | SimpleStrategy | combined: 收到行情, RM507P2000.CZCE
2025-06-11 13:52:32.230 | INFO | SimpleStrategy | combined: 收到行情, RM507P2000.CZCE
2025-06-11 13:52:32.230 | INFO | SimpleStrategy | combined: 收到行情, RM507P2025.CZCE
2025-06-11 13:52:32.230 | INFO | SimpleStrategy | combined: 收到行情, RM507P2025.CZCE
2025-06-11 13:52:32.230 | INFO | SimpleStrategy | combined: 收到行情, RM507P2050.CZCE
2025-06-11 13:52:32.230 | INFO | SimpleStrategy | combined: 收到行情, RM507P2050.CZCE
2025-06-11 13:52:32.230 | INFO | SimpleStrategy | combined: 收到行情, RM507P2075.CZCE
2025-06-11 13:52:32.231 | INFO | SimpleStrategy | combined: 收到行情, RM507P2075.CZCE
2025-06-11 13:52:32.231 | INFO | SimpleStrategy | combined: 收到行情, RM507P2100.CZCE
2025-06-11 13:52:32.231 | INFO | SimpleStrategy | combined: 收到行情, RM507P2100.CZCE
2025-06-11 13:52:32.231 | INFO | SimpleStrategy | combined: 收到行情, RM507P2125.CZCE
2025-06-11 13:52:32.231 | INFO | SimpleStrategy | combined: 收到行情, RM507P2125.CZCE
2025-06-11 13:52:32.232 | INFO | SimpleStrategy | combined: 收到行情, RM507P2150.CZCE
2025-06-11 13:52:32.232 | INFO | SimpleStrategy | combined: 收到行情, RM507P2150.CZCE
2025-06-11 13:52:32.232 | INFO | SimpleStrategy | combined: 收到行情, RM507P2175.CZCE
2025-06-11 13:52:32.232 | INFO | SimpleStrategy | combined: 收到行情, RM507P2175.CZCE
2025-06-11 13:52:32.232 | INFO | SimpleStrategy | combined: 收到行情, RM507P2200.CZCE
2025-06-11 13:52:32.232 | INFO | SimpleStrategy | combined: 收到行情, RM507P2200.CZCE
2025-06-11 13:52:32.232 | INFO | SimpleStrategy | combined: 收到行情, RM507P2225.CZCE
2025-06-11 13:52:32.232 | INFO | SimpleStrategy | combined: 收到行情, RM507P2225.CZCE
2025-06-11 13:52:32.232 | INFO | SimpleStrategy | combined: 收到行情, RM507P2250.CZCE
2025-06-11 13:52:32.232 | INFO | SimpleStrategy | combined: 收到行情, RM507P2250.CZCE
2025-06-11 13:52:32.232 | INFO | SimpleStrategy | combined: 收到行情, RM507P2275.CZCE
2025-06-11 13:52:32.232 | INFO | SimpleStrategy | combined: 收到行情, RM507P2275.CZCE
2025-06-11 13:52:32.232 | INFO | SimpleStrategy | combined: 收到行情, RM507P2300.CZCE
2025-06-11 13:52:32.232 | INFO | SimpleStrategy | combined: 收到行情, RM507P2300.CZCE
2025-06-11 13:52:32.233 | INFO | SimpleStrategy | combined: 收到行情, RM507P2325.CZCE
2025-06-11 13:52:32.233 | INFO | SimpleStrategy | combined: 收到行情, RM507P2325.CZCE
2025-06-11 13:52:32.233 | INFO | SimpleStrategy | combined: 收到行情, RM507P2350.CZCE
2025-06-11 13:52:32.233 | INFO | SimpleStrategy | combined: 收到行情, RM507P2350.CZCE
2025-06-11 13:52:32.233 | INFO | SimpleStrategy | combined: 收到行情, RM507P2375.CZCE
2025-06-11 13:52:32.233 | INFO | SimpleStrategy | combined: 收到行情, RM507P2375.CZCE
2025-06-11 13:52:32.233 | INFO | SimpleStrategy | combined: 收到行情, RM507P2400.CZCE
2025-06-11 13:52:32.233 | INFO | SimpleStrategy | combined: 收到行情, RM507P2400.CZCE
2025-06-11 13:52:32.233 | INFO | SimpleStrategy | combined: 收到行情, RM507P2425.CZCE
2025-06-11 13:52:32.233 | INFO | SimpleStrategy | combined: 收到行情, RM507P2425.CZCE
2025-06-11 13:52:32.233 | INFO | SimpleStrategy | combined: 收到行情, RM507P2450.CZCE
2025-06-11 13:52:32.233 | INFO | SimpleStrategy | combined: 收到行情, RM507P2450.CZCE
2025-06-11 13:52:32.233 | INFO | SimpleStrategy | combined: 收到行情, RM507P2475.CZCE
2025-06-11 13:52:32.233 | INFO | SimpleStrategy | combined: 收到行情, RM507P2475.CZCE
2025-06-11 13:52:32.233 | INFO | SimpleStrategy | combined: 收到行情, RM507P2500.CZCE
2025-06-11 13:52:32.234 | INFO | SimpleStrategy | combined: 收到行情, RM507P2500.CZCE
2025-06-11 13:52:32.234 | INFO | SimpleStrategy | combined: 收到行情, RM507P2550.CZCE
2025-06-11 13:52:32.234 | INFO | SimpleStrategy | combined: 收到行情, RM507P2550.CZCE
2025-06-11 13:52:32.234 | INFO | SimpleStrategy | combined: 收到行情, RM507P2600.CZCE
2025-06-11 13:52:32.234 | INFO | SimpleStrategy | combined: 收到行情, RM507P2600.CZCE
2025-06-11 13:52:32.234 | INFO | SimpleStrategy | combined: 收到行情, RM507P2650.CZCE
2025-06-11 13:52:32.234 | INFO | SimpleStrategy | combined: 收到行情, RM507P2650.CZCE
2025-06-11 13:52:32.234 | INFO | SimpleStrategy | combined: 收到行情, RM507P2700.CZCE
2025-06-11 13:52:32.234 | INFO | SimpleStrategy | combined: 收到行情, RM507P2700.CZCE
2025-06-11 13:52:32.234 | INFO | SimpleStrategy | combined: 收到行情, RM507P2750.CZCE
2025-06-11 13:52:32.234 | INFO | SimpleStrategy | combined: 收到行情, RM507P2750.CZCE
2025-06-11 13:52:32.234 | INFO | SimpleStrategy | combined: 收到行情, RM507P2800.CZCE
2025-06-11 13:52:32.234 | INFO | SimpleStrategy | combined: 收到行情, RM507P2800.CZCE
2025-06-11 13:52:32.234 | INFO | SimpleStrategy | combined: 收到行情, RM507P2850.CZCE
2025-06-11 13:52:32.234 | INFO | SimpleStrategy | combined: 收到行情, RM507P2850.CZCE
2025-06-11 13:52:32.234 | INFO | SimpleStrategy | combined: 收到行情, RM507P2900.CZCE
2025-06-11 13:52:32.235 | INFO | SimpleStrategy | combined: 收到行情, RM507P2900.CZCE
2025-06-11 13:52:32.235 | INFO | SimpleStrategy | combined: 收到行情, RM507P2950.CZCE
2025-06-11 13:52:32.235 | INFO | SimpleStrategy | combined: 收到行情, RM507P2950.CZCE
2025-06-11 13:52:32.235 | INFO | SimpleStrategy | combined: 收到行情, RM507P3000.CZCE
2025-06-11 13:52:32.235 | INFO | SimpleStrategy | combined: 收到行情, RM507P3000.CZCE
2025-06-11 13:52:32.235 | INFO | SimpleStrategy | combined: 收到行情, RM508C2150.CZCE
2025-06-11 13:52:32.235 | INFO | SimpleStrategy | combined: 收到行情, RM508C2150.CZCE
2025-06-11 13:52:32.235 | INFO | SimpleStrategy | combined: 收到行情, RM508C2175.CZCE
2025-06-11 13:52:32.235 | INFO | SimpleStrategy | combined: 收到行情, RM508C2175.CZCE
2025-06-11 13:52:32.235 | INFO | SimpleStrategy | combined: 收到行情, RM508C2200.CZCE
2025-06-11 13:52:32.235 | INFO | SimpleStrategy | combined: 收到行情, RM508C2200.CZCE
2025-06-11 13:52:32.235 | INFO | SimpleStrategy | combined: 收到行情, RM508C2225.CZCE
2025-06-11 13:52:32.235 | INFO | SimpleStrategy | combined: 收到行情, RM508C2225.CZCE
2025-06-11 13:52:32.235 | INFO | SimpleStrategy | combined: 收到行情, RM508C2250.CZCE
2025-06-11 13:52:32.236 | INFO | SimpleStrategy | combined: 收到行情, RM508C2250.CZCE
2025-06-11 13:52:32.236 | INFO | SimpleStrategy | combined: 收到行情, RM508C2275.CZCE
2025-06-11 13:52:32.236 | INFO | SimpleStrategy | combined: 收到行情, RM508C2275.CZCE
2025-06-11 13:52:32.236 | INFO | SimpleStrategy | combined: 收到行情, RM508C2300.CZCE
2025-06-11 13:52:32.236 | INFO | SimpleStrategy | combined: 收到行情, RM508C2300.CZCE
2025-06-11 13:52:32.236 | INFO | SimpleStrategy | combined: 收到行情, RM508C2325.CZCE
2025-06-11 13:52:32.236 | INFO | SimpleStrategy | combined: 收到行情, RM508C2325.CZCE
2025-06-11 13:52:32.236 | INFO | SimpleStrategy | combined: 收到行情, RM508C2350.CZCE
2025-06-11 13:52:32.236 | INFO | SimpleStrategy | combined: 收到行情, RM508C2350.CZCE
2025-06-11 13:52:32.236 | INFO | SimpleStrategy | combined: 收到行情, RM508C2375.CZCE
2025-06-11 13:52:32.236 | INFO | SimpleStrategy | combined: 收到行情, RM508C2375.CZCE
2025-06-11 13:52:32.236 | INFO | SimpleStrategy | combined: 收到行情, RM508C2400.CZCE
2025-06-11 13:52:32.236 | INFO | SimpleStrategy | combined: 收到行情, RM508C2400.CZCE
2025-06-11 13:52:32.236 | INFO | SimpleStrategy | combined: 收到行情, RM508C2425.CZCE
2025-06-11 13:52:32.236 | INFO | SimpleStrategy | combined: 收到行情, RM508C2425.CZCE
2025-06-11 13:52:32.237 | INFO | SimpleStrategy | combined: 收到行情, RM508C2450.CZCE
2025-06-11 13:52:32.237 | INFO | SimpleStrategy | combined: 收到行情, RM508C2450.CZCE
2025-06-11 13:52:32.237 | INFO | SimpleStrategy | combined: 收到行情, RM508C2475.CZCE
2025-06-11 13:52:32.237 | INFO | SimpleStrategy | combined: 收到行情, RM508C2475.CZCE
2025-06-11 13:52:32.237 | INFO | SimpleStrategy | combined: 收到行情, RM508C2500.CZCE
2025-06-11 13:52:32.237 | INFO | SimpleStrategy | combined: 收到行情, RM508C2500.CZCE
2025-06-11 13:52:32.237 | INFO | SimpleStrategy | combined: 收到行情, RM508C2550.CZCE
2025-06-11 13:52:32.237 | INFO | SimpleStrategy | combined: 收到行情, RM508C2550.CZCE
2025-06-11 13:52:32.237 | INFO | SimpleStrategy | combined: 收到行情, RM508C2600.CZCE
2025-06-11 13:52:32.237 | INFO | SimpleStrategy | combined: 收到行情, RM508C2600.CZCE
2025-06-11 13:52:32.237 | INFO | SimpleStrategy | combined: 收到行情, RM508C2650.CZCE
2025-06-11 13:52:32.238 | INFO | SimpleStrategy | combined: 收到行情, RM508C2650.CZCE
2025-06-11 13:52:32.238 | INFO | SimpleStrategy | combined: 收到行情, RM508C2700.CZCE
2025-06-11 13:52:32.238 | INFO | SimpleStrategy | combined: 收到行情, RM508C2700.CZCE
2025-06-11 13:52:32.238 | INFO | SimpleStrategy | combined: 收到行情, RM508C2750.CZCE
2025-06-11 13:52:32.238 | INFO | SimpleStrategy | combined: 收到行情, RM508C2750.CZCE
2025-06-11 13:52:32.238 | INFO | SimpleStrategy | combined: 收到行情, RM508C2800.CZCE
2025-06-11 13:52:32.238 | INFO | SimpleStrategy | combined: 收到行情, RM508C2800.CZCE
2025-06-11 13:52:32.238 | INFO | SimpleStrategy | combined: 收到行情, RM508C2850.CZCE
2025-06-11 13:52:32.238 | INFO | SimpleStrategy | combined: 收到行情, RM508C2850.CZCE
2025-06-11 13:52:32.238 | INFO | SimpleStrategy | combined: 收到行情, RM508C2900.CZCE
2025-06-11 13:52:32.239 | INFO | SimpleStrategy | combined: 收到行情, RM508C2900.CZCE
2025-06-11 13:52:32.239 | INFO | SimpleStrategy | combined: 收到行情, RM508C2950.CZCE
2025-06-11 13:52:32.239 | INFO | SimpleStrategy | combined: 收到行情, RM508C2950.CZCE
2025-06-11 13:52:32.239 | INFO | SimpleStrategy | combined: 收到行情, RM508C3000.CZCE
2025-06-11 13:52:32.239 | INFO | SimpleStrategy | combined: 收到行情, RM508C3000.CZCE
2025-06-11 13:52:32.239 | INFO | SimpleStrategy | combined: 收到行情, RM508C3050.CZCE
2025-06-11 13:52:32.239 | INFO | SimpleStrategy | combined: 收到行情, RM508C3050.CZCE
2025-06-11 13:52:32.239 | INFO | SimpleStrategy | combined: 收到行情, RM508C3100.CZCE
2025-06-11 13:52:32.239 | INFO | SimpleStrategy | combined: 收到行情, RM508C3100.CZCE
2025-06-11 13:52:32.239 | INFO | SimpleStrategy | combined: 收到行情, RM508P2150.CZCE
2025-06-11 13:52:32.239 | INFO | SimpleStrategy | combined: 收到行情, RM508P2150.CZCE
2025-06-11 13:52:32.239 | INFO | SimpleStrategy | combined: 收到行情, RM508P2175.CZCE
2025-06-11 13:52:32.239 | INFO | SimpleStrategy | combined: 收到行情, RM508P2175.CZCE
2025-06-11 13:52:32.239 | INFO | SimpleStrategy | combined: 收到行情, RM508P2200.CZCE
2025-06-11 13:52:32.239 | INFO | SimpleStrategy | combined: 收到行情, RM508P2200.CZCE
2025-06-11 13:52:32.240 | INFO | SimpleStrategy | combined: 收到行情, RM508P2225.CZCE
2025-06-11 13:52:32.240 | INFO | SimpleStrategy | combined: 收到行情, RM508P2225.CZCE
2025-06-11 13:52:32.240 | INFO | SimpleStrategy | combined: 收到行情, RM508P2250.CZCE
2025-06-11 13:52:32.240 | INFO | SimpleStrategy | combined: 收到行情, RM508P2250.CZCE
2025-06-11 13:52:32.240 | INFO | SimpleStrategy | combined: 收到行情, RM508P2275.CZCE
2025-06-11 13:52:32.240 | INFO | SimpleStrategy | combined: 收到行情, RM508P2275.CZCE
2025-06-11 13:52:32.240 | INFO | SimpleStrategy | combined: 收到行情, RM508P2300.CZCE
2025-06-11 13:52:32.240 | INFO | SimpleStrategy | combined: 收到行情, RM508P2300.CZCE
2025-06-11 13:52:32.240 | INFO | SimpleStrategy | combined: 收到行情, RM508P2325.CZCE
2025-06-11 13:52:32.240 | INFO | SimpleStrategy | combined: 收到行情, RM508P2325.CZCE
2025-06-11 13:52:32.240 | INFO | SimpleStrategy | combined: 收到行情, RM508P2350.CZCE
2025-06-11 13:52:32.240 | INFO | SimpleStrategy | combined: 收到行情, RM508P2350.CZCE
2025-06-11 13:52:32.241 | INFO | SimpleStrategy | combined: 收到行情, RM508P2375.CZCE
2025-06-11 13:52:32.241 | INFO | SimpleStrategy | combined: 收到行情, RM508P2375.CZCE
2025-06-11 13:52:32.241 | INFO | SimpleStrategy | combined: 收到行情, RM508P2400.CZCE
2025-06-11 13:52:32.241 | INFO | SimpleStrategy | combined: 收到行情, RM508P2400.CZCE
2025-06-11 13:52:32.241 | INFO | SimpleStrategy | combined: 收到行情, RM508P2425.CZCE
2025-06-11 13:52:32.241 | INFO | SimpleStrategy | combined: 收到行情, RM508P2425.CZCE
2025-06-11 13:52:32.241 | INFO | SimpleStrategy | combined: 收到行情, RM508P2450.CZCE
2025-06-11 13:52:32.241 | INFO | SimpleStrategy | combined: 收到行情, RM508P2450.CZCE
2025-06-11 13:52:32.241 | INFO | SimpleStrategy | combined: 收到行情, RM508P2475.CZCE
2025-06-11 13:52:32.241 | INFO | SimpleStrategy | combined: 收到行情, RM508P2475.CZCE
2025-06-11 13:52:32.241 | INFO | SimpleStrategy | combined: 收到行情, RM508P2500.CZCE
2025-06-11 13:52:32.241 | INFO | SimpleStrategy | combined: 收到行情, RM508P2500.CZCE
2025-06-11 13:52:32.241 | INFO | SimpleStrategy | combined: 收到行情, RM508P2550.CZCE
2025-06-11 13:52:32.241 | INFO | SimpleStrategy | combined: 收到行情, RM508P2550.CZCE
2025-06-11 13:52:32.241 | INFO | SimpleStrategy | combined: 收到行情, RM508P2600.CZCE
2025-06-11 13:52:32.242 | INFO | SimpleStrategy | combined: 收到行情, RM508P2600.CZCE
2025-06-11 13:52:32.242 | INFO | SimpleStrategy | combined: 收到行情, RM508P2650.CZCE
2025-06-11 13:52:32.242 | INFO | SimpleStrategy | combined: 收到行情, RM508P2650.CZCE
2025-06-11 13:52:32.242 | INFO | SimpleStrategy | combined: 收到行情, RM508P2700.CZCE
2025-06-11 13:52:32.242 | INFO | SimpleStrategy | combined: 收到行情, RM508P2700.CZCE
2025-06-11 13:52:32.242 | INFO | SimpleStrategy | combined: 收到行情, RM508P2750.CZCE
2025-06-11 13:52:32.242 | INFO | SimpleStrategy | combined: 收到行情, RM508P2750.CZCE
2025-06-11 13:52:32.242 | INFO | SimpleStrategy | combined: 收到行情, RM508P2800.CZCE
2025-06-11 13:52:32.243 | INFO | SimpleStrategy | combined: 收到行情, RM508P2800.CZCE
2025-06-11 13:52:32.243 | INFO | SimpleStrategy | combined: 收到行情, RM508P2850.CZCE
2025-06-11 13:52:32.243 | INFO | SimpleStrategy | combined: 收到行情, RM508P2850.CZCE
2025-06-11 13:52:32.243 | INFO | SimpleStrategy | combined: 收到行情, RM508P2900.CZCE
2025-06-11 13:52:32.243 | INFO | SimpleStrategy | combined: 收到行情, RM508P2900.CZCE
2025-06-11 13:52:32.243 | INFO | SimpleStrategy | combined: 收到行情, RM508P2950.CZCE
2025-06-11 13:52:32.243 | INFO | SimpleStrategy | combined: 收到行情, RM508P2950.CZCE
2025-06-11 13:52:32.243 | INFO | SimpleStrategy | combined: 收到行情, RM508P3000.CZCE
2025-06-11 13:52:32.243 | INFO | SimpleStrategy | combined: 收到行情, RM508P3000.CZCE
2025-06-11 13:52:32.243 | INFO | SimpleStrategy | combined: 收到行情, RM508P3050.CZCE
2025-06-11 13:52:32.243 | INFO | SimpleStrategy | combined: 收到行情, RM508P3050.CZCE
2025-06-11 13:52:32.243 | INFO | SimpleStrategy | combined: 收到行情, RM508P3100.CZCE
2025-06-11 13:52:32.243 | INFO | SimpleStrategy | combined: 收到行情, RM508P3100.CZCE
2025-06-11 13:52:32.243 | INFO | SimpleStrategy | combined: 收到行情, SA507C1060.CZCE
2025-06-11 13:52:32.243 | INFO | SimpleStrategy | combined: 收到行情, SA507C1060.CZCE
2025-06-11 13:52:32.243 | INFO | SimpleStrategy | combined: 收到行情, SA507C1080.CZCE
2025-06-11 13:52:32.243 | INFO | SimpleStrategy | combined: 收到行情, SA507C1080.CZCE
2025-06-11 13:52:32.243 | INFO | SimpleStrategy | combined: 收到行情, SA507C1100.CZCE
2025-06-11 13:52:32.243 | INFO | SimpleStrategy | combined: 收到行情, SA507C1100.CZCE
2025-06-11 13:52:32.243 | INFO | SimpleStrategy | combined: 收到行情, SA507C1120.CZCE
2025-06-11 13:52:32.243 | INFO | SimpleStrategy | combined: 收到行情, SA507C1120.CZCE
2025-06-11 13:52:32.243 | INFO | SimpleStrategy | combined: 收到行情, SA507C1140.CZCE
2025-06-11 13:52:32.243 | INFO | SimpleStrategy | combined: 收到行情, SA507C1140.CZCE
2025-06-11 13:52:32.243 | INFO | SimpleStrategy | combined: 收到行情, SA507C1160.CZCE
2025-06-11 13:52:32.244 | INFO | SimpleStrategy | combined: 收到行情, SA507C1160.CZCE
2025-06-11 13:52:32.244 | INFO | SimpleStrategy | combined: 收到行情, SA507C1180.CZCE
2025-06-11 13:52:32.244 | INFO | SimpleStrategy | combined: 收到行情, SA507C1180.CZCE
2025-06-11 13:52:32.244 | INFO | SimpleStrategy | combined: 收到行情, SA507C1200.CZCE
2025-06-11 13:52:32.244 | INFO | SimpleStrategy | combined: 收到行情, SA507C1200.CZCE
2025-06-11 13:52:32.244 | INFO | SimpleStrategy | combined: 收到行情, SA507C1220.CZCE
2025-06-11 13:52:32.244 | INFO | SimpleStrategy | combined: 收到行情, SA507C1220.CZCE
2025-06-11 13:52:32.244 | INFO | SimpleStrategy | combined: 收到行情, SA507C1240.CZCE
2025-06-11 13:52:32.244 | INFO | SimpleStrategy | combined: 收到行情, SA507C1240.CZCE
2025-06-11 13:52:32.244 | INFO | SimpleStrategy | combined: 收到行情, SA507C1260.CZCE
2025-06-11 13:52:32.244 | INFO | SimpleStrategy | combined: 收到行情, SA507C1260.CZCE
2025-06-11 13:52:32.244 | INFO | SimpleStrategy | combined: 收到行情, SA507C1280.CZCE
2025-06-11 13:52:32.244 | INFO | SimpleStrategy | combined: 收到行情, SA507C1280.CZCE
2025-06-11 13:52:32.351 | INFO | SimpleStrategy | combined: 收到行情, SA507C1300.CZCE
2025-06-11 13:52:32.351 | INFO | SimpleStrategy | combined: 收到行情, SA507C1300.CZCE
2025-06-11 13:52:32.352 | INFO | SimpleStrategy | combined: 收到行情, SA507C1320.CZCE
2025-06-11 13:52:32.352 | INFO | SimpleStrategy | combined: 收到行情, SA507C1320.CZCE
2025-06-11 13:52:32.352 | INFO | SimpleStrategy | combined: 收到行情, SA507C1340.CZCE
2025-06-11 13:52:32.352 | INFO | SimpleStrategy | combined: 收到行情, SA507C1340.CZCE
2025-06-11 13:52:32.352 | INFO | SimpleStrategy | combined: 收到行情, SA507C1360.CZCE
2025-06-11 13:52:32.352 | INFO | SimpleStrategy | combined: 收到行情, SA507C1360.CZCE
2025-06-11 13:52:32.352 | INFO | SimpleStrategy | combined: 收到行情, SA507C1380.CZCE
2025-06-11 13:52:32.353 | INFO | SimpleStrategy | combined: 收到行情, SA507C1380.CZCE
2025-06-11 13:52:32.353 | INFO | SimpleStrategy | combined: 收到行情, SA507C1400.CZCE
2025-06-11 13:52:32.353 | INFO | SimpleStrategy | combined: 收到行情, SA507C1400.CZCE
2025-06-11 13:52:32.353 | INFO | SimpleStrategy | combined: 收到行情, SA507C1420.CZCE
2025-06-11 13:52:32.353 | INFO | SimpleStrategy | combined: 收到行情, SA507C1420.CZCE
2025-06-11 13:52:32.353 | INFO | SimpleStrategy | combined: 收到行情, SA507C1440.CZCE
2025-06-11 13:52:32.353 | INFO | SimpleStrategy | combined: 收到行情, SA507C1440.CZCE
2025-06-11 13:52:32.693 | INFO | SimpleStrategy | combined: 收到行情, SA507C1460.CZCE
2025-06-11 13:52:32.694 | INFO | SimpleStrategy | combined: 收到行情, SA507C1460.CZCE
2025-06-11 13:52:32.779 | INFO | SimpleStrategy | combined: 收到行情, SA507C1480.CZCE
2025-06-11 13:52:32.779 | INFO | SimpleStrategy | combined: 收到行情, SA507C1480.CZCE
2025-06-11 13:52:33.132 | INFO | SimpleStrategy | combined: 收到行情, SA507C1500.CZCE
2025-06-11 13:52:33.132 | INFO | SimpleStrategy | combined: 收到行情, SA507C1500.CZCE
2025-06-11 13:52:33.132 | INFO | SimpleStrategy | combined: 收到行情, SA507C1520.CZCE
2025-06-11 13:52:33.132 | INFO | SimpleStrategy | combined: 收到行情, SA507C1520.CZCE
2025-06-11 13:52:33.132 | INFO | SimpleStrategy | combined: 收到行情, SA507C1540.CZCE
2025-06-11 13:52:33.132 | INFO | SimpleStrategy | combined: 收到行情, SA507C1540.CZCE
2025-06-11 13:52:33.133 | INFO | SimpleStrategy | combined: 收到行情, SA507C1560.CZCE
2025-06-11 13:52:33.133 | INFO | SimpleStrategy | combined: 收到行情, SA507C1560.CZCE
2025-06-11 13:52:33.133 | INFO | SimpleStrategy | combined: 收到行情, SA507C1580.CZCE
2025-06-11 13:52:33.133 | INFO | SimpleStrategy | combined: 收到行情, SA507C1580.CZCE
2025-06-11 13:52:33.133 | INFO | SimpleStrategy | combined: 收到行情, SA507C1600.CZCE
2025-06-11 13:52:33.133 | INFO | SimpleStrategy | combined: 收到行情, SA507C1600.CZCE
2025-06-11 13:52:33.133 | INFO | SimpleStrategy | combined: 收到行情, SA507C1620.CZCE
2025-06-11 13:52:33.133 | INFO | SimpleStrategy | combined: 收到行情, SA507C1620.CZCE
2025-06-11 13:52:33.217 | INFO | SimpleStrategy | combined: 收到行情, SA507C1640.CZCE
2025-06-11 13:52:33.217 | INFO | SimpleStrategy | combined: 收到行情, SA507C1640.CZCE
2025-06-11 13:52:33.217 | INFO | SimpleStrategy | combined: 收到行情, SA507C1660.CZCE
2025-06-11 13:52:33.217 | INFO | SimpleStrategy | combined: 收到行情, SA507C1660.CZCE
2025-06-11 13:52:33.217 | INFO | SimpleStrategy | combined: 收到行情, SA507C1680.CZCE
2025-06-11 13:52:33.217 | INFO | SimpleStrategy | combined: 收到行情, SA507C1680.CZCE
2025-06-11 13:52:33.261 | INFO | SimpleStrategy | combined: 收到行情, SA507C1700.CZCE
2025-06-11 13:52:33.261 | INFO | SimpleStrategy | combined: 收到行情, SA507C1700.CZCE
2025-06-11 13:52:33.261 | INFO | SimpleStrategy | combined: 收到行情, SA507C1720.CZCE
2025-06-11 13:52:33.261 | INFO | SimpleStrategy | combined: 收到行情, SA507C1720.CZCE
2025-06-11 13:52:33.261 | INFO | SimpleStrategy | combined: 收到行情, SA507C1740.CZCE
2025-06-11 13:52:33.261 | INFO | SimpleStrategy | combined: 收到行情, SA507C1740.CZCE
2025-06-11 13:52:33.261 | INFO | SimpleStrategy | combined: 收到行情, SA507C1760.CZCE
2025-06-11 13:52:33.261 | INFO | SimpleStrategy | combined: 收到行情, SA507C1760.CZCE
2025-06-11 13:52:33.261 | INFO | SimpleStrategy | combined: 收到行情, SA507C1780.CZCE
2025-06-11 13:52:33.262 | INFO | SimpleStrategy | combined: 收到行情, SA507C1780.CZCE
2025-06-11 13:52:33.262 | INFO | SimpleStrategy | combined: 收到行情, SA507C1800.CZCE
2025-06-11 13:52:33.262 | INFO | SimpleStrategy | combined: 收到行情, SA507C1800.CZCE
2025-06-11 13:52:33.262 | INFO | SimpleStrategy | combined: 收到行情, SA507C1820.CZCE
2025-06-11 13:52:33.262 | INFO | SimpleStrategy | combined: 收到行情, SA507C1820.CZCE
2025-06-11 13:52:33.262 | INFO | SimpleStrategy | combined: 收到行情, SA507P1060.CZCE
2025-06-11 13:52:33.262 | INFO | SimpleStrategy | combined: 收到行情, SA507P1060.CZCE
2025-06-11 13:52:33.304 | INFO | SimpleStrategy | combined: 收到行情, SA507P1080.CZCE
2025-06-11 13:52:33.304 | INFO | SimpleStrategy | combined: 收到行情, SA507P1080.CZCE
2025-06-11 13:52:33.304 | INFO | SimpleStrategy | combined: 收到行情, SA507P1100.CZCE
2025-06-11 13:52:33.304 | INFO | SimpleStrategy | combined: 收到行情, SA507P1100.CZCE
2025-06-11 13:52:33.304 | INFO | SimpleStrategy | combined: 收到行情, SA507P1120.CZCE
2025-06-11 13:52:33.304 | INFO | SimpleStrategy | combined: 收到行情, SA507P1120.CZCE
2025-06-11 13:52:33.304 | INFO | SimpleStrategy | combined: 收到行情, SA507P1140.CZCE
2025-06-11 13:52:33.304 | INFO | SimpleStrategy | combined: 收到行情, SA507P1140.CZCE
2025-06-11 13:52:33.305 | INFO | SimpleStrategy | combined: 收到行情, SA507P1160.CZCE
2025-06-11 13:52:33.305 | INFO | SimpleStrategy | combined: 收到行情, SA507P1160.CZCE
2025-06-11 13:52:33.305 | INFO | SimpleStrategy | combined: 收到行情, SA507P1180.CZCE
2025-06-11 13:52:33.305 | INFO | SimpleStrategy | combined: 收到行情, SA507P1180.CZCE
2025-06-11 13:52:33.305 | INFO | SimpleStrategy | combined: 收到行情, SA507P1200.CZCE
2025-06-11 13:52:33.305 | INFO | SimpleStrategy | combined: 收到行情, SA507P1200.CZCE
2025-06-11 13:52:33.305 | INFO | SimpleStrategy | combined: 收到行情, SA507P1220.CZCE
2025-06-11 13:52:33.305 | INFO | SimpleStrategy | combined: 收到行情, SA507P1220.CZCE
2025-06-11 13:52:33.305 | INFO | SimpleStrategy | combined: 收到行情, SA507P1240.CZCE
2025-06-11 13:52:33.305 | INFO | SimpleStrategy | combined: 收到行情, SA507P1240.CZCE
2025-06-11 13:52:33.350 | INFO | SimpleStrategy | combined: 收到行情, SA507P1260.CZCE
2025-06-11 13:52:33.350 | INFO | SimpleStrategy | combined: 收到行情, SA507P1260.CZCE
2025-06-11 13:52:33.351 | INFO | SimpleStrategy | combined: 收到行情, SA507P1280.CZCE
2025-06-11 13:52:33.351 | INFO | SimpleStrategy | combined: 收到行情, SA507P1280.CZCE
2025-06-11 13:52:33.351 | INFO | SimpleStrategy | combined: 收到行情, SA507P1300.CZCE
2025-06-11 13:52:33.351 | INFO | SimpleStrategy | combined: 收到行情, SA507P1300.CZCE
2025-06-11 13:52:33.351 | INFO | SimpleStrategy | combined: 收到行情, SA507P1320.CZCE
2025-06-11 13:52:33.351 | INFO | SimpleStrategy | combined: 收到行情, SA507P1320.CZCE
2025-06-11 13:52:33.352 | INFO | SimpleStrategy | combined: 收到行情, SA507P1340.CZCE
2025-06-11 13:52:33.352 | INFO | SimpleStrategy | combined: 收到行情, SA507P1340.CZCE
2025-06-11 13:52:33.352 | INFO | SimpleStrategy | combined: 收到行情, SA507P1360.CZCE
2025-06-11 13:52:33.352 | INFO | SimpleStrategy | combined: 收到行情, SA507P1360.CZCE
2025-06-11 13:52:33.352 | INFO | SimpleStrategy | combined: 收到行情, SA507P1380.CZCE
2025-06-11 13:52:33.352 | INFO | SimpleStrategy | combined: 收到行情, SA507P1380.CZCE
2025-06-11 13:52:33.352 | INFO | SimpleStrategy | combined: 收到行情, SA507P1400.CZCE
2025-06-11 13:52:33.352 | INFO | SimpleStrategy | combined: 收到行情, SA507P1400.CZCE
2025-06-11 13:52:33.352 | INFO | SimpleStrategy | combined: 收到行情, SA507P1420.CZCE
2025-06-11 13:52:33.352 | INFO | SimpleStrategy | combined: 收到行情, SA507P1420.CZCE
2025-06-11 13:52:33.352 | INFO | SimpleStrategy | combined: 收到行情, SA507P1440.CZCE
2025-06-11 13:52:33.353 | INFO | SimpleStrategy | combined: 收到行情, SA507P1440.CZCE
2025-06-11 13:52:33.353 | INFO | SimpleStrategy | combined: 收到行情, SA507P1460.CZCE
2025-06-11 13:52:33.353 | INFO | SimpleStrategy | combined: 收到行情, SA507P1460.CZCE
2025-06-11 13:52:33.353 | INFO | SimpleStrategy | combined: 收到行情, SA507P1480.CZCE
2025-06-11 13:52:33.353 | INFO | SimpleStrategy | combined: 收到行情, SA507P1480.CZCE
2025-06-11 13:52:33.353 | INFO | SimpleStrategy | combined: 收到行情, SA507P1500.CZCE
2025-06-11 13:52:33.353 | INFO | SimpleStrategy | combined: 收到行情, SA507P1500.CZCE
2025-06-11 13:52:33.353 | INFO | SimpleStrategy | combined: 收到行情, SA507P1520.CZCE
2025-06-11 13:52:33.353 | INFO | SimpleStrategy | combined: 收到行情, SA507P1520.CZCE
2025-06-11 13:52:33.353 | INFO | SimpleStrategy | combined: 收到行情, SA507P1540.CZCE
2025-06-11 13:52:33.353 | INFO | SimpleStrategy | combined: 收到行情, SA507P1540.CZCE
2025-06-11 13:52:33.353 | INFO | SimpleStrategy | combined: 收到行情, SA507P1560.CZCE
2025-06-11 13:52:33.353 | INFO | SimpleStrategy | combined: 收到行情, SA507P1560.CZCE
2025-06-11 13:52:33.353 | INFO | SimpleStrategy | combined: 收到行情, SA507P1580.CZCE
2025-06-11 13:52:33.354 | INFO | SimpleStrategy | combined: 收到行情, SA507P1580.CZCE
2025-06-11 13:52:33.354 | INFO | SimpleStrategy | combined: 收到行情, SA507P1600.CZCE
2025-06-11 13:52:33.354 | INFO | SimpleStrategy | combined: 收到行情, SA507P1600.CZCE
2025-06-11 13:52:33.354 | INFO | SimpleStrategy | combined: 收到行情, SA507P1620.CZCE
2025-06-11 13:52:33.354 | INFO | SimpleStrategy | combined: 收到行情, SA507P1620.CZCE
2025-06-11 13:52:33.354 | INFO | SimpleStrategy | combined: 收到行情, SA507P1640.CZCE
2025-06-11 13:52:33.354 | INFO | SimpleStrategy | combined: 收到行情, SA507P1640.CZCE
2025-06-11 13:52:33.354 | INFO | SimpleStrategy | combined: 收到行情, SA507P1660.CZCE
2025-06-11 13:52:33.354 | INFO | SimpleStrategy | combined: 收到行情, SA507P1660.CZCE
2025-06-11 13:52:33.354 | INFO | SimpleStrategy | combined: 收到行情, SA507P1680.CZCE
2025-06-11 13:52:33.354 | INFO | SimpleStrategy | combined: 收到行情, SA507P1680.CZCE
2025-06-11 13:52:33.354 | INFO | SimpleStrategy | combined: 收到行情, SA507P1700.CZCE
2025-06-11 13:52:33.355 | INFO | SimpleStrategy | combined: 收到行情, SA507P1700.CZCE
2025-06-11 13:52:33.390 | INFO | SimpleStrategy | combined: 收到行情, SA507P1720.CZCE
2025-06-11 13:52:33.395 | INFO | SimpleStrategy | combined: 收到行情, SA507P1720.CZCE
2025-06-11 13:52:33.395 | INFO | SimpleStrategy | combined: 收到行情, SA507P1740.CZCE
2025-06-11 13:52:33.395 | INFO | SimpleStrategy | combined: 收到行情, SA507P1740.CZCE
2025-06-11 13:52:33.395 | INFO | SimpleStrategy | combined: 收到行情, SA507P1760.CZCE
2025-06-11 13:52:33.395 | INFO | SimpleStrategy | combined: 收到行情, SA507P1760.CZCE
2025-06-11 13:52:33.396 | INFO | SimpleStrategy | combined: 收到行情, SA507P1780.CZCE
2025-06-11 13:52:33.396 | INFO | SimpleStrategy | combined: 收到行情, SA507P1780.CZCE
2025-06-11 13:52:33.396 | INFO | SimpleStrategy | combined: 收到行情, SA507P1800.CZCE
2025-06-11 13:52:33.396 | INFO | SimpleStrategy | combined: 收到行情, SA507P1800.CZCE
2025-06-11 13:52:33.396 | INFO | SimpleStrategy | combined: 收到行情, SA507P1820.CZCE
2025-06-11 13:52:33.396 | INFO | SimpleStrategy | combined: 收到行情, SA507P1820.CZCE
2025-06-11 13:52:33.396 | INFO | SimpleStrategy | combined: 收到行情, SA508C1060.CZCE
2025-06-11 13:52:33.396 | INFO | SimpleStrategy | combined: 收到行情, SA508C1060.CZCE
2025-06-11 13:52:33.396 | INFO | SimpleStrategy | combined: 收到行情, SA508C1080.CZCE
2025-06-11 13:52:33.396 | INFO | SimpleStrategy | combined: 收到行情, SA508C1080.CZCE
2025-06-11 13:52:33.396 | INFO | SimpleStrategy | combined: 收到行情, SA508C1100.CZCE
2025-06-11 13:52:33.397 | INFO | SimpleStrategy | combined: 收到行情, SA508C1100.CZCE
2025-06-11 13:52:33.397 | INFO | SimpleStrategy | combined: 收到行情, SA508C1120.CZCE
2025-06-11 13:52:33.397 | INFO | SimpleStrategy | combined: 收到行情, SA508C1120.CZCE
2025-06-11 13:52:33.397 | INFO | SimpleStrategy | combined: 收到行情, SA508C1140.CZCE
2025-06-11 13:52:33.397 | INFO | SimpleStrategy | combined: 收到行情, SA508C1140.CZCE
2025-06-11 13:52:33.397 | INFO | SimpleStrategy | combined: 收到行情, SA508C1160.CZCE
2025-06-11 13:52:33.397 | INFO | SimpleStrategy | combined: 收到行情, SA508C1160.CZCE
2025-06-11 13:52:33.397 | INFO | SimpleStrategy | combined: 收到行情, SA508C1180.CZCE
2025-06-11 13:52:33.397 | INFO | SimpleStrategy | combined: 收到行情, SA508C1180.CZCE
2025-06-11 13:52:33.397 | INFO | SimpleStrategy | combined: 收到行情, SA508C1200.CZCE
2025-06-11 13:52:33.397 | INFO | SimpleStrategy | combined: 收到行情, SA508C1200.CZCE
2025-06-11 13:52:33.398 | INFO | SimpleStrategy | combined: 收到行情, SA508C1220.CZCE
2025-06-11 13:52:33.398 | INFO | SimpleStrategy | combined: 收到行情, SA508C1220.CZCE
2025-06-11 13:52:33.398 | INFO | SimpleStrategy | combined: 收到行情, SA508C1240.CZCE
2025-06-11 13:52:33.398 | INFO | SimpleStrategy | combined: 收到行情, SA508C1240.CZCE
2025-06-11 13:52:33.398 | INFO | SimpleStrategy | combined: 收到行情, SA508C1260.CZCE
2025-06-11 13:52:33.398 | INFO | SimpleStrategy | combined: 收到行情, SA508C1260.CZCE
2025-06-11 13:52:33.398 | INFO | SimpleStrategy | combined: 收到行情, SA508C1280.CZCE
2025-06-11 13:52:33.398 | INFO | SimpleStrategy | combined: 收到行情, SA508C1280.CZCE
2025-06-11 13:52:33.398 | INFO | SimpleStrategy | combined: 收到行情, SA508C1300.CZCE
2025-06-11 13:52:33.398 | INFO | SimpleStrategy | combined: 收到行情, SA508C1300.CZCE
2025-06-11 13:52:33.398 | INFO | SimpleStrategy | combined: 收到行情, SA508C1320.CZCE
2025-06-11 13:52:33.398 | INFO | SimpleStrategy | combined: 收到行情, SA508C1320.CZCE
2025-06-11 13:52:33.398 | INFO | SimpleStrategy | combined: 收到行情, SA508C1340.CZCE
2025-06-11 13:52:33.399 | INFO | SimpleStrategy | combined: 收到行情, SA508C1340.CZCE
2025-06-11 13:52:33.399 | INFO | SimpleStrategy | combined: 收到行情, SA508C1360.CZCE
2025-06-11 13:52:33.399 | INFO | SimpleStrategy | combined: 收到行情, SA508C1360.CZCE
2025-06-11 13:52:33.399 | INFO | SimpleStrategy | combined: 收到行情, SA508C1380.CZCE
2025-06-11 13:52:33.399 | INFO | SimpleStrategy | combined: 收到行情, SA508C1380.CZCE
2025-06-11 13:52:33.399 | INFO | SimpleStrategy | combined: 收到行情, SA508C1400.CZCE
2025-06-11 13:52:33.399 | INFO | SimpleStrategy | combined: 收到行情, SA508C1400.CZCE
2025-06-11 13:52:33.399 | INFO | SimpleStrategy | combined: 收到行情, SA508C1420.CZCE
2025-06-11 13:52:33.399 | INFO | SimpleStrategy | combined: 收到行情, SA508C1420.CZCE
2025-06-11 13:52:33.399 | INFO | SimpleStrategy | combined: 收到行情, SA508C1440.CZCE
2025-06-11 13:52:33.399 | INFO | SimpleStrategy | combined: 收到行情, SA508C1440.CZCE
2025-06-11 13:52:33.399 | INFO | SimpleStrategy | combined: 收到行情, SA508C1460.CZCE
2025-06-11 13:52:33.399 | INFO | SimpleStrategy | combined: 收到行情, SA508C1460.CZCE
2025-06-11 13:52:33.437 | INFO | SimpleStrategy | combined: 收到行情, SA508C1480.CZCE
2025-06-11 13:52:33.448 | INFO | SimpleStrategy | combined: 收到行情, SA508C1480.CZCE
2025-06-11 13:52:33.448 | INFO | SimpleStrategy | combined: 收到行情, SA508C1500.CZCE
2025-06-11 13:52:33.448 | INFO | SimpleStrategy | combined: 收到行情, SA508C1500.CZCE
2025-06-11 13:52:33.448 | INFO | SimpleStrategy | combined: 收到行情, SA508P1060.CZCE
2025-06-11 13:52:33.449 | INFO | SimpleStrategy | combined: 收到行情, SA508P1060.CZCE
2025-06-11 13:52:33.449 | INFO | SimpleStrategy | combined: 收到行情, SA508P1080.CZCE
2025-06-11 13:52:33.449 | INFO | SimpleStrategy | combined: 收到行情, SA508P1080.CZCE
2025-06-11 13:52:33.449 | INFO | SimpleStrategy | combined: 收到行情, SA508P1100.CZCE
2025-06-11 13:52:33.449 | INFO | SimpleStrategy | combined: 收到行情, SA508P1100.CZCE
2025-06-11 13:52:33.449 | INFO | SimpleStrategy | combined: 收到行情, SA508P1120.CZCE
2025-06-11 13:52:33.449 | INFO | SimpleStrategy | combined: 收到行情, SA508P1120.CZCE
2025-06-11 13:52:33.449 | INFO | SimpleStrategy | combined: 收到行情, SA508P1140.CZCE
2025-06-11 13:52:33.449 | INFO | SimpleStrategy | combined: 收到行情, SA508P1140.CZCE
2025-06-11 13:52:33.449 | INFO | SimpleStrategy | combined: 收到行情, SA508P1160.CZCE
2025-06-11 13:52:33.449 | INFO | SimpleStrategy | combined: 收到行情, SA508P1160.CZCE
2025-06-11 13:52:33.449 | INFO | SimpleStrategy | combined: 收到行情, SA508P1180.CZCE
2025-06-11 13:52:33.449 | INFO | SimpleStrategy | combined: 收到行情, SA508P1180.CZCE
2025-06-11 13:52:33.449 | INFO | SimpleStrategy | combined: 收到行情, SA508P1200.CZCE
2025-06-11 13:52:33.449 | INFO | SimpleStrategy | combined: 收到行情, SA508P1200.CZCE
2025-06-11 13:52:33.449 | INFO | SimpleStrategy | combined: 收到行情, SA508P1220.CZCE
2025-06-11 13:52:33.449 | INFO | SimpleStrategy | combined: 收到行情, SA508P1220.CZCE
2025-06-11 13:52:33.449 | INFO | SimpleStrategy | combined: 收到行情, SA508P1240.CZCE
2025-06-11 13:52:33.450 | INFO | SimpleStrategy | combined: 收到行情, SA508P1240.CZCE
2025-06-11 13:52:33.450 | INFO | SimpleStrategy | combined: 收到行情, SA508P1260.CZCE
2025-06-11 13:52:33.450 | INFO | SimpleStrategy | combined: 收到行情, SA508P1260.CZCE
2025-06-11 13:52:33.450 | INFO | SimpleStrategy | combined: 收到行情, SA508P1280.CZCE
2025-06-11 13:52:33.450 | INFO | SimpleStrategy | combined: 收到行情, SA508P1280.CZCE
2025-06-11 13:52:33.450 | INFO | SimpleStrategy | combined: 收到行情, SA508P1300.CZCE
2025-06-11 13:52:33.450 | INFO | SimpleStrategy | combined: 收到行情, SA508P1300.CZCE
2025-06-11 13:52:33.450 | INFO | SimpleStrategy | combined: 收到行情, SA508P1320.CZCE
2025-06-11 13:52:33.450 | INFO | SimpleStrategy | combined: 收到行情, SA508P1320.CZCE
2025-06-11 13:52:33.451 | INFO | SimpleStrategy | combined: 收到行情, SA508P1340.CZCE
2025-06-11 13:52:33.451 | INFO | SimpleStrategy | combined: 收到行情, SA508P1340.CZCE
2025-06-11 13:52:33.451 | INFO | SimpleStrategy | combined: 收到行情, SA508P1360.CZCE
2025-06-11 13:52:33.451 | INFO | SimpleStrategy | combined: 收到行情, SA508P1360.CZCE
2025-06-11 13:52:33.451 | INFO | SimpleStrategy | combined: 收到行情, SA508P1380.CZCE
2025-06-11 13:52:33.451 | INFO | SimpleStrategy | combined: 收到行情, SA508P1380.CZCE
2025-06-11 13:52:33.451 | INFO | SimpleStrategy | combined: 收到行情, SA508P1400.CZCE
2025-06-11 13:52:33.451 | INFO | SimpleStrategy | combined: 收到行情, SA508P1400.CZCE
2025-06-11 13:52:33.451 | INFO | SimpleStrategy | combined: 收到行情, SA508P1420.CZCE
2025-06-11 13:52:33.451 | INFO | SimpleStrategy | combined: 收到行情, SA508P1420.CZCE
2025-06-11 13:52:33.451 | INFO | SimpleStrategy | combined: 收到行情, SA508P1440.CZCE
2025-06-11 13:52:33.451 | INFO | SimpleStrategy | combined: 收到行情, SA508P1440.CZCE
2025-06-11 13:52:33.451 | INFO | SimpleStrategy | combined: 收到行情, SA508P1460.CZCE
2025-06-11 13:52:33.451 | INFO | SimpleStrategy | combined: 收到行情, SA508P1460.CZCE
2025-06-11 13:52:33.451 | INFO | SimpleStrategy | combined: 收到行情, SA508P1480.CZCE
2025-06-11 13:52:33.452 | INFO | SimpleStrategy | combined: 收到行情, SA508P1480.CZCE
2025-06-11 13:52:33.452 | INFO | SimpleStrategy | combined: 收到行情, SA508P1500.CZCE
2025-06-11 13:52:33.452 | INFO | SimpleStrategy | combined: 收到行情, SA508P1500.CZCE
2025-06-11 13:52:33.452 | INFO | SimpleStrategy | combined: 收到行情, SF507C4650.CZCE
2025-06-11 13:52:33.452 | INFO | SimpleStrategy | combined: 收到行情, SF507C4650.CZCE
2025-06-11 13:52:33.452 | INFO | SimpleStrategy | combined: 收到行情, SF507C4700.CZCE
2025-06-11 13:52:33.452 | INFO | SimpleStrategy | combined: 收到行情, SF507C4700.CZCE
2025-06-11 13:52:33.452 | INFO | SimpleStrategy | combined: 收到行情, SF507C4750.CZCE
2025-06-11 13:52:33.452 | INFO | SimpleStrategy | combined: 收到行情, SF507C4750.CZCE
2025-06-11 13:52:33.452 | INFO | SimpleStrategy | combined: 收到行情, SF507C4800.CZCE
2025-06-11 13:52:33.452 | INFO | SimpleStrategy | combined: 收到行情, SF507C4800.CZCE
2025-06-11 13:52:33.452 | INFO | SimpleStrategy | combined: 收到行情, SF507C4850.CZCE
2025-06-11 13:52:33.452 | INFO | SimpleStrategy | combined: 收到行情, SF507C4850.CZCE
2025-06-11 13:52:33.452 | INFO | SimpleStrategy | combined: 收到行情, SF507C4900.CZCE
2025-06-11 13:52:33.453 | INFO | SimpleStrategy | combined: 收到行情, SF507C4900.CZCE
2025-06-11 13:52:33.453 | INFO | SimpleStrategy | combined: 收到行情, SF507C4950.CZCE
2025-06-11 13:52:33.453 | INFO | SimpleStrategy | combined: 收到行情, SF507C4950.CZCE
2025-06-11 13:52:33.453 | INFO | SimpleStrategy | combined: 收到行情, SF507C5000.CZCE
2025-06-11 13:52:33.453 | INFO | SimpleStrategy | combined: 收到行情, SF507C5000.CZCE
2025-06-11 13:52:33.453 | INFO | SimpleStrategy | combined: 收到行情, SF507C5100.CZCE
2025-06-11 13:52:33.453 | INFO | SimpleStrategy | combined: 收到行情, SF507C5100.CZCE
2025-06-11 13:52:33.453 | INFO | SimpleStrategy | combined: 收到行情, SF507C5200.CZCE
2025-06-11 13:52:33.453 | INFO | SimpleStrategy | combined: 收到行情, SF507C5200.CZCE
2025-06-11 13:52:33.453 | INFO | SimpleStrategy | combined: 收到行情, SF507C5300.CZCE
2025-06-11 13:52:33.454 | INFO | SimpleStrategy | combined: 收到行情, SF507C5300.CZCE
2025-06-11 13:52:33.454 | INFO | SimpleStrategy | combined: 收到行情, SF507C5400.CZCE
2025-06-11 13:52:33.454 | INFO | SimpleStrategy | combined: 收到行情, SF507C5400.CZCE
2025-06-11 13:52:33.454 | INFO | SimpleStrategy | combined: 收到行情, SF507C5500.CZCE
2025-06-11 13:52:33.454 | INFO | SimpleStrategy | combined: 收到行情, SF507C5500.CZCE
2025-06-11 13:52:33.454 | INFO | SimpleStrategy | combined: 收到行情, SF507C5600.CZCE
2025-06-11 13:52:33.454 | INFO | SimpleStrategy | combined: 收到行情, SF507C5600.CZCE
2025-06-11 13:52:33.455 | INFO | SimpleStrategy | combined: 收到行情, SF507C5700.CZCE
2025-06-11 13:52:33.455 | INFO | SimpleStrategy | combined: 收到行情, SF507C5700.CZCE
2025-06-11 13:52:33.455 | INFO | SimpleStrategy | combined: 收到行情, SF507C5800.CZCE
2025-06-11 13:52:33.455 | INFO | SimpleStrategy | combined: 收到行情, SF507C5800.CZCE
2025-06-11 13:52:33.455 | INFO | SimpleStrategy | combined: 收到行情, SF507C5900.CZCE
2025-06-11 13:52:33.455 | INFO | SimpleStrategy | combined: 收到行情, SF507C5900.CZCE
2025-06-11 13:52:33.455 | INFO | SimpleStrategy | combined: 收到行情, SF507C6000.CZCE
2025-06-11 13:52:33.455 | INFO | SimpleStrategy | combined: 收到行情, SF507C6000.CZCE
2025-06-11 13:52:33.455 | INFO | SimpleStrategy | combined: 收到行情, SF507C6100.CZCE
2025-06-11 13:52:33.455 | INFO | SimpleStrategy | combined: 收到行情, SF507C6100.CZCE
2025-06-11 13:52:33.455 | INFO | SimpleStrategy | combined: 收到行情, SF507C6200.CZCE
2025-06-11 13:52:33.455 | INFO | SimpleStrategy | combined: 收到行情, SF507C6200.CZCE
2025-06-11 13:52:33.455 | INFO | SimpleStrategy | combined: 收到行情, SF507C6300.CZCE
2025-06-11 13:52:33.455 | INFO | SimpleStrategy | combined: 收到行情, SF507C6300.CZCE
2025-06-11 13:52:33.509 | INFO | SimpleStrategy | combined: 收到行情, SF507C6400.CZCE
2025-06-11 13:52:33.509 | INFO | SimpleStrategy | combined: 收到行情, SF507C6400.CZCE
2025-06-11 13:52:33.510 | INFO | SimpleStrategy | combined: 收到行情, SF507C6500.CZCE
2025-06-11 13:52:33.510 | INFO | SimpleStrategy | combined: 收到行情, SF507C6500.CZCE
2025-06-11 13:52:33.510 | INFO | SimpleStrategy | combined: 收到行情, SF507C6600.CZCE
2025-06-11 13:52:33.510 | INFO | SimpleStrategy | combined: 收到行情, SF507C6600.CZCE
2025-06-11 13:52:33.510 | INFO | SimpleStrategy | combined: 收到行情, SF507C6700.CZCE
2025-06-11 13:52:33.510 | INFO | SimpleStrategy | combined: 收到行情, SF507C6700.CZCE
2025-06-11 13:52:33.510 | INFO | SimpleStrategy | combined: 收到行情, SF507C6800.CZCE
2025-06-11 13:52:33.510 | INFO | SimpleStrategy | combined: 收到行情, SF507C6800.CZCE
2025-06-11 13:52:33.510 | INFO | SimpleStrategy | combined: 收到行情, SF507C6900.CZCE
2025-06-11 13:52:33.510 | INFO | SimpleStrategy | combined: 收到行情, SF507C6900.CZCE
2025-06-11 13:52:33.510 | INFO | SimpleStrategy | combined: 收到行情, SF507C7000.CZCE
2025-06-11 13:52:33.510 | INFO | SimpleStrategy | combined: 收到行情, SF507C7000.CZCE
2025-06-11 13:52:33.510 | INFO | SimpleStrategy | combined: 收到行情, SF507C7100.CZCE
2025-06-11 13:52:33.511 | INFO | SimpleStrategy | combined: 收到行情, SF507C7100.CZCE
2025-06-11 13:52:33.511 | INFO | SimpleStrategy | combined: 收到行情, SF507P4650.CZCE
2025-06-11 13:52:33.511 | INFO | SimpleStrategy | combined: 收到行情, SF507P4650.CZCE
2025-06-11 13:52:33.511 | INFO | SimpleStrategy | combined: 收到行情, SF507P4700.CZCE
2025-06-11 13:52:33.511 | INFO | SimpleStrategy | combined: 收到行情, SF507P4700.CZCE
2025-06-11 13:52:33.511 | INFO | SimpleStrategy | combined: 收到行情, SF507P4750.CZCE
2025-06-11 13:52:33.511 | INFO | SimpleStrategy | combined: 收到行情, SF507P4750.CZCE
2025-06-11 13:52:33.511 | INFO | SimpleStrategy | combined: 收到行情, SF507P4800.CZCE
2025-06-11 13:52:33.511 | INFO | SimpleStrategy | combined: 收到行情, SF507P4800.CZCE
2025-06-11 13:52:33.511 | INFO | SimpleStrategy | combined: 收到行情, SF507P4850.CZCE
2025-06-11 13:52:33.511 | INFO | SimpleStrategy | combined: 收到行情, SF507P4850.CZCE
2025-06-11 13:52:33.511 | INFO | SimpleStrategy | combined: 收到行情, SF507P4900.CZCE
2025-06-11 13:52:33.511 | INFO | SimpleStrategy | combined: 收到行情, SF507P4900.CZCE
2025-06-11 13:52:33.511 | INFO | SimpleStrategy | combined: 收到行情, SF507P4950.CZCE
2025-06-11 13:52:33.511 | INFO | SimpleStrategy | combined: 收到行情, SF507P4950.CZCE
2025-06-11 13:52:33.512 | INFO | SimpleStrategy | combined: 收到行情, SF507P5000.CZCE
2025-06-11 13:52:33.512 | INFO | SimpleStrategy | combined: 收到行情, SF507P5000.CZCE
2025-06-11 13:52:33.512 | INFO | SimpleStrategy | combined: 收到行情, SF507P5100.CZCE
2025-06-11 13:52:33.512 | INFO | SimpleStrategy | combined: 收到行情, SF507P5100.CZCE
2025-06-11 13:52:33.512 | INFO | SimpleStrategy | combined: 收到行情, SF507P5200.CZCE
2025-06-11 13:52:33.512 | INFO | SimpleStrategy | combined: 收到行情, SF507P5200.CZCE
2025-06-11 13:52:33.512 | INFO | SimpleStrategy | combined: 收到行情, SF507P5300.CZCE
2025-06-11 13:52:33.512 | INFO | SimpleStrategy | combined: 收到行情, SF507P5300.CZCE
2025-06-11 13:52:33.512 | INFO | SimpleStrategy | combined: 收到行情, SF507P5400.CZCE
2025-06-11 13:52:33.512 | INFO | SimpleStrategy | combined: 收到行情, SF507P5400.CZCE
2025-06-11 13:52:33.512 | INFO | SimpleStrategy | combined: 收到行情, SF507P5500.CZCE
2025-06-11 13:52:33.512 | INFO | SimpleStrategy | combined: 收到行情, SF507P5500.CZCE
2025-06-11 13:52:33.512 | INFO | SimpleStrategy | combined: 收到行情, SF507P5600.CZCE
2025-06-11 13:52:33.512 | INFO | SimpleStrategy | combined: 收到行情, SF507P5600.CZCE
2025-06-11 13:52:33.513 | INFO | SimpleStrategy | combined: 收到行情, SF507P5700.CZCE
2025-06-11 13:52:33.513 | INFO | SimpleStrategy | combined: 收到行情, SF507P5700.CZCE
2025-06-11 13:52:33.513 | INFO | SimpleStrategy | combined: 收到行情, SF507P5800.CZCE
2025-06-11 13:52:33.513 | INFO | SimpleStrategy | combined: 收到行情, SF507P5800.CZCE
2025-06-11 13:52:33.513 | INFO | SimpleStrategy | combined: 收到行情, SF507P5900.CZCE
2025-06-11 13:52:33.513 | INFO | SimpleStrategy | combined: 收到行情, SF507P5900.CZCE
2025-06-11 13:52:33.513 | INFO | SimpleStrategy | combined: 收到行情, SF507P6000.CZCE
2025-06-11 13:52:33.513 | INFO | SimpleStrategy | combined: 收到行情, SF507P6000.CZCE
2025-06-11 13:52:33.513 | INFO | SimpleStrategy | combined: 收到行情, SF507P6100.CZCE
2025-06-11 13:52:33.513 | INFO | SimpleStrategy | combined: 收到行情, SF507P6100.CZCE
2025-06-11 13:52:33.513 | INFO | SimpleStrategy | combined: 收到行情, SF507P6200.CZCE
2025-06-11 13:52:33.513 | INFO | SimpleStrategy | combined: 收到行情, SF507P6200.CZCE
2025-06-11 13:52:33.513 | INFO | SimpleStrategy | combined: 收到行情, SF507P6300.CZCE
2025-06-11 13:52:33.513 | INFO | SimpleStrategy | combined: 收到行情, SF507P6300.CZCE
2025-06-11 13:52:33.513 | INFO | SimpleStrategy | combined: 收到行情, SF507P6400.CZCE
2025-06-11 13:52:33.513 | INFO | SimpleStrategy | combined: 收到行情, SF507P6400.CZCE
2025-06-11 13:52:33.514 | INFO | SimpleStrategy | combined: 收到行情, SF507P6500.CZCE
2025-06-11 13:52:33.514 | INFO | SimpleStrategy | combined: 收到行情, SF507P6500.CZCE
2025-06-11 13:52:33.514 | INFO | SimpleStrategy | combined: 收到行情, SF507P6600.CZCE
2025-06-11 13:52:33.514 | INFO | SimpleStrategy | combined: 收到行情, SF507P6600.CZCE
2025-06-11 13:52:33.514 | INFO | SimpleStrategy | combined: 收到行情, SF507P6700.CZCE
2025-06-11 13:52:33.514 | INFO | SimpleStrategy | combined: 收到行情, SF507P6700.CZCE
2025-06-11 13:52:33.514 | INFO | SimpleStrategy | combined: 收到行情, SF507P6800.CZCE
2025-06-11 13:52:33.514 | INFO | SimpleStrategy | combined: 收到行情, SF507P6800.CZCE
2025-06-11 13:52:33.514 | INFO | SimpleStrategy | combined: 收到行情, SF507P6900.CZCE
2025-06-11 13:52:33.514 | INFO | SimpleStrategy | combined: 收到行情, SF507P6900.CZCE
2025-06-11 13:52:33.514 | INFO | SimpleStrategy | combined: 收到行情, SF507P7000.CZCE
2025-06-11 13:52:33.514 | INFO | SimpleStrategy | combined: 收到行情, SF507P7000.CZCE
2025-06-11 13:52:33.514 | INFO | SimpleStrategy | combined: 收到行情, SF507P7100.CZCE
2025-06-11 13:52:33.514 | INFO | SimpleStrategy | combined: 收到行情, SF507P7100.CZCE
2025-06-11 13:52:33.514 | INFO | SimpleStrategy | combined: 收到行情, SF508C4550.CZCE
2025-06-11 13:52:33.514 | INFO | SimpleStrategy | combined: 收到行情, SF508C4550.CZCE
2025-06-11 13:52:33.514 | INFO | SimpleStrategy | combined: 收到行情, SF508C4600.CZCE
2025-06-11 13:52:33.514 | INFO | SimpleStrategy | combined: 收到行情, SF508C4600.CZCE
2025-06-11 13:52:33.514 | INFO | SimpleStrategy | combined: 收到行情, SF508C4650.CZCE
2025-06-11 13:52:33.514 | INFO | SimpleStrategy | combined: 收到行情, SF508C4650.CZCE
2025-06-11 13:52:33.514 | INFO | SimpleStrategy | combined: 收到行情, SF508C4700.CZCE
2025-06-11 13:52:33.514 | INFO | SimpleStrategy | combined: 收到行情, SF508C4700.CZCE
2025-06-11 13:52:33.514 | INFO | SimpleStrategy | combined: 收到行情, SF508C4750.CZCE
2025-06-11 13:52:33.515 | INFO | SimpleStrategy | combined: 收到行情, SF508C4750.CZCE
2025-06-11 13:52:33.515 | INFO | SimpleStrategy | combined: 收到行情, SF508C4800.CZCE
2025-06-11 13:52:33.515 | INFO | SimpleStrategy | combined: 收到行情, SF508C4800.CZCE
2025-06-11 13:52:33.515 | INFO | SimpleStrategy | combined: 收到行情, SF508C4850.CZCE
2025-06-11 13:52:33.515 | INFO | SimpleStrategy | combined: 收到行情, SF508C4850.CZCE
2025-06-11 13:52:33.515 | INFO | SimpleStrategy | combined: 收到行情, SF508C4900.CZCE
2025-06-11 13:52:33.515 | INFO | SimpleStrategy | combined: 收到行情, SF508C4900.CZCE
2025-06-11 13:52:33.516 | INFO | SimpleStrategy | combined: 收到行情, SF508C4950.CZCE
2025-06-11 13:52:33.516 | INFO | SimpleStrategy | combined: 收到行情, SF508C4950.CZCE
2025-06-11 13:52:33.516 | INFO | SimpleStrategy | combined: 收到行情, SF508C5000.CZCE
2025-06-11 13:52:33.516 | INFO | SimpleStrategy | combined: 收到行情, SF508C5000.CZCE
2025-06-11 13:52:33.516 | INFO | SimpleStrategy | combined: 收到行情, SF508C5100.CZCE
2025-06-11 13:52:33.516 | INFO | SimpleStrategy | combined: 收到行情, SF508C5100.CZCE
2025-06-11 13:52:33.516 | INFO | SimpleStrategy | combined: 收到行情, SF508C5200.CZCE
2025-06-11 13:52:33.516 | INFO | SimpleStrategy | combined: 收到行情, SF508C5200.CZCE
2025-06-11 13:52:33.516 | INFO | SimpleStrategy | combined: 收到行情, SF508C5300.CZCE
2025-06-11 13:52:33.516 | INFO | SimpleStrategy | combined: 收到行情, SF508C5300.CZCE
2025-06-11 13:52:33.516 | INFO | SimpleStrategy | combined: 收到行情, SF508C5400.CZCE
2025-06-11 13:52:33.516 | INFO | SimpleStrategy | combined: 收到行情, SF508C5400.CZCE
2025-06-11 13:52:33.516 | INFO | SimpleStrategy | combined: 收到行情, SF508C5500.CZCE
2025-06-11 13:52:33.516 | INFO | SimpleStrategy | combined: 收到行情, SF508C5500.CZCE
2025-06-11 13:52:33.517 | INFO | SimpleStrategy | combined: 收到行情, SF508C5600.CZCE
2025-06-11 13:52:33.517 | INFO | SimpleStrategy | combined: 收到行情, SF508C5600.CZCE
2025-06-11 13:52:33.517 | INFO | SimpleStrategy | combined: 收到行情, SF508C5700.CZCE
2025-06-11 13:52:33.517 | INFO | SimpleStrategy | combined: 收到行情, SF508C5700.CZCE
2025-06-11 13:52:33.517 | INFO | SimpleStrategy | combined: 收到行情, SF508C5800.CZCE
2025-06-11 13:52:33.517 | INFO | SimpleStrategy | combined: 收到行情, SF508C5800.CZCE
2025-06-11 13:52:33.517 | INFO | SimpleStrategy | combined: 收到行情, SF508C5900.CZCE
2025-06-11 13:52:33.517 | INFO | SimpleStrategy | combined: 收到行情, SF508C5900.CZCE
2025-06-11 13:52:33.517 | INFO | SimpleStrategy | combined: 收到行情, SF508C6000.CZCE
2025-06-11 13:52:33.517 | INFO | SimpleStrategy | combined: 收到行情, SF508C6000.CZCE
2025-06-11 13:52:33.517 | INFO | SimpleStrategy | combined: 收到行情, SF508C6100.CZCE
2025-06-11 13:52:33.518 | INFO | SimpleStrategy | combined: 收到行情, SF508C6100.CZCE
2025-06-11 13:52:33.518 | INFO | SimpleStrategy | combined: 收到行情, SF508C6200.CZCE
2025-06-11 13:52:33.518 | INFO | SimpleStrategy | combined: 收到行情, SF508C6200.CZCE
2025-06-11 13:52:33.518 | INFO | SimpleStrategy | combined: 收到行情, SF508C6300.CZCE
2025-06-11 13:52:33.518 | INFO | SimpleStrategy | combined: 收到行情, SF508C6300.CZCE
2025-06-11 13:52:33.518 | INFO | SimpleStrategy | combined: 收到行情, SF508P4550.CZCE
2025-06-11 13:52:33.518 | INFO | SimpleStrategy | combined: 收到行情, SF508P4550.CZCE
2025-06-11 13:52:33.518 | INFO | SimpleStrategy | combined: 收到行情, SF508P4600.CZCE
2025-06-11 13:52:33.518 | INFO | SimpleStrategy | combined: 收到行情, SF508P4600.CZCE
2025-06-11 13:52:33.518 | INFO | SimpleStrategy | combined: 收到行情, SF508P4650.CZCE
2025-06-11 13:52:33.518 | INFO | SimpleStrategy | combined: 收到行情, SF508P4650.CZCE
2025-06-11 13:52:33.518 | INFO | SimpleStrategy | combined: 收到行情, SF508P4700.CZCE
2025-06-11 13:52:33.518 | INFO | SimpleStrategy | combined: 收到行情, SF508P4700.CZCE
2025-06-11 13:52:33.518 | INFO | SimpleStrategy | combined: 收到行情, SF508P4750.CZCE
2025-06-11 13:52:33.519 | INFO | SimpleStrategy | combined: 收到行情, SF508P4750.CZCE
2025-06-11 13:52:33.519 | INFO | SimpleStrategy | combined: 收到行情, SF508P4800.CZCE
2025-06-11 13:52:33.519 | INFO | SimpleStrategy | combined: 收到行情, SF508P4800.CZCE
2025-06-11 13:52:33.519 | INFO | SimpleStrategy | combined: 收到行情, SF508P4850.CZCE
2025-06-11 13:52:33.519 | INFO | SimpleStrategy | combined: 收到行情, SF508P4850.CZCE
2025-06-11 13:52:33.519 | INFO | SimpleStrategy | combined: 收到行情, SF508P4900.CZCE
2025-06-11 13:52:33.519 | INFO | SimpleStrategy | combined: 收到行情, SF508P4900.CZCE
2025-06-11 13:52:33.519 | INFO | SimpleStrategy | combined: 收到行情, SF508P4950.CZCE
2025-06-11 13:52:33.519 | INFO | SimpleStrategy | combined: 收到行情, SF508P4950.CZCE
2025-06-11 13:52:33.519 | INFO | SimpleStrategy | combined: 收到行情, SF508P5000.CZCE
2025-06-11 13:52:33.519 | INFO | SimpleStrategy | combined: 收到行情, SF508P5000.CZCE
2025-06-11 13:52:33.519 | INFO | SimpleStrategy | combined: 收到行情, SF508P5100.CZCE
2025-06-11 13:52:33.519 | INFO | SimpleStrategy | combined: 收到行情, SF508P5100.CZCE
2025-06-11 13:52:33.519 | INFO | SimpleStrategy | combined: 收到行情, SF508P5200.CZCE
2025-06-11 13:52:33.520 | INFO | SimpleStrategy | combined: 收到行情, SF508P5200.CZCE
2025-06-11 13:52:33.520 | INFO | SimpleStrategy | combined: 收到行情, SF508P5300.CZCE
2025-06-11 13:52:33.520 | INFO | SimpleStrategy | combined: 收到行情, SF508P5300.CZCE
2025-06-11 13:52:33.520 | INFO | SimpleStrategy | combined: 收到行情, SF508P5400.CZCE
2025-06-11 13:52:33.520 | INFO | SimpleStrategy | combined: 收到行情, SF508P5400.CZCE
2025-06-11 13:52:33.520 | INFO | SimpleStrategy | combined: 收到行情, SF508P5500.CZCE
2025-06-11 13:52:33.520 | INFO | SimpleStrategy | combined: 收到行情, SF508P5500.CZCE
2025-06-11 13:52:33.520 | INFO | SimpleStrategy | combined: 收到行情, SF508P5600.CZCE
2025-06-11 13:52:33.520 | INFO | SimpleStrategy | combined: 收到行情, SF508P5600.CZCE
2025-06-11 13:52:33.520 | INFO | SimpleStrategy | combined: 收到行情, SF508P5700.CZCE
2025-06-11 13:52:33.520 | INFO | SimpleStrategy | combined: 收到行情, SF508P5700.CZCE
2025-06-11 13:52:33.521 | INFO | SimpleStrategy | combined: 收到行情, SF508P5800.CZCE
2025-06-11 13:52:33.521 | INFO | SimpleStrategy | combined: 收到行情, SF508P5800.CZCE
2025-06-11 13:52:33.521 | INFO | SimpleStrategy | combined: 收到行情, SF508P5900.CZCE
2025-06-11 13:52:33.521 | INFO | SimpleStrategy | combined: 收到行情, SF508P5900.CZCE
2025-06-11 13:52:33.521 | INFO | SimpleStrategy | combined: 收到行情, SF508P6000.CZCE
2025-06-11 13:52:33.521 | INFO | SimpleStrategy | combined: 收到行情, SF508P6000.CZCE
2025-06-11 13:52:33.521 | INFO | SimpleStrategy | combined: 收到行情, SF508P6100.CZCE
2025-06-11 13:52:33.521 | INFO | SimpleStrategy | combined: 收到行情, SF508P6100.CZCE
2025-06-11 13:52:33.521 | INFO | SimpleStrategy | combined: 收到行情, SF508P6200.CZCE
2025-06-11 13:52:33.521 | INFO | SimpleStrategy | combined: 收到行情, SF508P6200.CZCE
2025-06-11 13:52:33.521 | INFO | SimpleStrategy | combined: 收到行情, SF508P6300.CZCE
2025-06-11 13:52:33.522 | INFO | SimpleStrategy | combined: 收到行情, SF508P6300.CZCE
2025-06-11 13:52:33.522 | INFO | SimpleStrategy | combined: 收到行情, SH507C2000.CZCE
2025-06-11 13:52:33.522 | INFO | SimpleStrategy | combined: 收到行情, SH507C2000.CZCE
2025-06-11 13:52:33.522 | INFO | SimpleStrategy | combined: 收到行情, SH507C2040.CZCE
2025-06-11 13:52:33.522 | INFO | SimpleStrategy | combined: 收到行情, SH507C2040.CZCE
2025-06-11 13:52:33.522 | INFO | SimpleStrategy | combined: 收到行情, SH507C2080.CZCE
2025-06-11 13:52:33.522 | INFO | SimpleStrategy | combined: 收到行情, SH507C2080.CZCE
2025-06-11 13:52:33.522 | INFO | SimpleStrategy | combined: 收到行情, SH507C2120.CZCE
2025-06-11 13:52:33.523 | INFO | SimpleStrategy | combined: 收到行情, SH507C2120.CZCE
2025-06-11 13:52:33.523 | INFO | SimpleStrategy | combined: 收到行情, SH507C2160.CZCE
2025-06-11 13:52:33.523 | INFO | SimpleStrategy | combined: 收到行情, SH507C2160.CZCE
2025-06-11 13:52:33.523 | INFO | SimpleStrategy | combined: 收到行情, SH507C2200.CZCE
2025-06-11 13:52:33.523 | INFO | SimpleStrategy | combined: 收到行情, SH507C2200.CZCE
2025-06-11 13:52:33.523 | INFO | SimpleStrategy | combined: 收到行情, SH507C2240.CZCE
2025-06-11 13:52:33.523 | INFO | SimpleStrategy | combined: 收到行情, SH507C2240.CZCE
2025-06-11 13:52:33.523 | INFO | SimpleStrategy | combined: 收到行情, SH507C2280.CZCE
2025-06-11 13:52:33.523 | INFO | SimpleStrategy | combined: 收到行情, SH507C2280.CZCE
2025-06-11 13:52:33.523 | INFO | SimpleStrategy | combined: 收到行情, SH507C2320.CZCE
2025-06-11 13:52:33.523 | INFO | SimpleStrategy | combined: 收到行情, SH507C2320.CZCE
2025-06-11 13:52:33.523 | INFO | SimpleStrategy | combined: 收到行情, SH507C2360.CZCE
2025-06-11 13:52:33.523 | INFO | SimpleStrategy | combined: 收到行情, SH507C2360.CZCE
2025-06-11 13:52:33.524 | INFO | SimpleStrategy | combined: 收到行情, SH507C2400.CZCE
2025-06-11 13:52:33.524 | INFO | SimpleStrategy | combined: 收到行情, SH507C2400.CZCE
2025-06-11 13:52:33.524 | INFO | SimpleStrategy | combined: 收到行情, SH507C2440.CZCE
2025-06-11 13:52:33.524 | INFO | SimpleStrategy | combined: 收到行情, SH507C2440.CZCE
2025-06-11 13:52:33.524 | INFO | SimpleStrategy | combined: 收到行情, SH507C2480.CZCE
2025-06-11 13:52:33.524 | INFO | SimpleStrategy | combined: 收到行情, SH507C2480.CZCE
2025-06-11 13:52:33.524 | INFO | SimpleStrategy | combined: 收到行情, SH507C2520.CZCE
2025-06-11 13:52:33.524 | INFO | SimpleStrategy | combined: 收到行情, SH507C2520.CZCE
2025-06-11 13:52:33.524 | INFO | SimpleStrategy | combined: 收到行情, SH507C2560.CZCE
2025-06-11 13:52:33.524 | INFO | SimpleStrategy | combined: 收到行情, SH507C2560.CZCE
2025-06-11 13:52:33.524 | INFO | SimpleStrategy | combined: 收到行情, SH507C2600.CZCE
2025-06-11 13:52:33.524 | INFO | SimpleStrategy | combined: 收到行情, SH507C2600.CZCE
2025-06-11 13:52:33.524 | INFO | SimpleStrategy | combined: 收到行情, SH507C2640.CZCE
2025-06-11 13:52:33.524 | INFO | SimpleStrategy | combined: 收到行情, SH507C2640.CZCE
2025-06-11 13:52:33.524 | INFO | SimpleStrategy | combined: 收到行情, SH507C2680.CZCE
2025-06-11 13:52:33.524 | INFO | SimpleStrategy | combined: 收到行情, SH507C2680.CZCE
2025-06-11 13:52:33.524 | INFO | SimpleStrategy | combined: 收到行情, SH507C2720.CZCE
2025-06-11 13:52:33.525 | INFO | SimpleStrategy | combined: 收到行情, SH507C2720.CZCE
2025-06-11 13:52:33.525 | INFO | SimpleStrategy | combined: 收到行情, SH507C2760.CZCE
2025-06-11 13:52:33.525 | INFO | SimpleStrategy | combined: 收到行情, SH507C2760.CZCE
2025-06-11 13:52:33.525 | INFO | SimpleStrategy | combined: 收到行情, SH507C2800.CZCE
2025-06-11 13:52:33.525 | INFO | SimpleStrategy | combined: 收到行情, SH507C2800.CZCE
2025-06-11 13:52:33.525 | INFO | SimpleStrategy | combined: 收到行情, SH507C2840.CZCE
2025-06-11 13:52:33.525 | INFO | SimpleStrategy | combined: 收到行情, SH507C2840.CZCE
2025-06-11 13:52:33.525 | INFO | SimpleStrategy | combined: 收到行情, SH507C2880.CZCE
2025-06-11 13:52:33.526 | INFO | SimpleStrategy | combined: 收到行情, SH507C2880.CZCE
2025-06-11 13:52:33.526 | INFO | SimpleStrategy | combined: 收到行情, SH507C2920.CZCE
2025-06-11 13:52:33.526 | INFO | SimpleStrategy | combined: 收到行情, SH507C2920.CZCE
2025-06-11 13:52:33.526 | INFO | SimpleStrategy | combined: 收到行情, SH507C2960.CZCE
2025-06-11 13:52:33.526 | INFO | SimpleStrategy | combined: 收到行情, SH507C2960.CZCE
2025-06-11 13:52:33.526 | INFO | SimpleStrategy | combined: 收到行情, SH507C3000.CZCE
2025-06-11 13:52:33.526 | INFO | SimpleStrategy | combined: 收到行情, SH507C3000.CZCE
2025-06-11 13:52:33.526 | INFO | SimpleStrategy | combined: 收到行情, SH507C3040.CZCE
2025-06-11 13:52:33.526 | INFO | SimpleStrategy | combined: 收到行情, SH507C3040.CZCE
2025-06-11 13:52:33.526 | INFO | SimpleStrategy | combined: 收到行情, SH507C3080.CZCE
2025-06-11 13:52:33.526 | INFO | SimpleStrategy | combined: 收到行情, SH507C3080.CZCE
2025-06-11 13:52:33.526 | INFO | SimpleStrategy | combined: 收到行情, SH507P2000.CZCE
2025-06-11 13:52:33.526 | INFO | SimpleStrategy | combined: 收到行情, SH507P2000.CZCE
2025-06-11 13:52:33.526 | INFO | SimpleStrategy | combined: 收到行情, SH507P2040.CZCE
2025-06-11 13:52:33.527 | INFO | SimpleStrategy | combined: 收到行情, SH507P2040.CZCE
2025-06-11 13:52:33.527 | INFO | SimpleStrategy | combined: 收到行情, SH507P2080.CZCE
2025-06-11 13:52:33.527 | INFO | SimpleStrategy | combined: 收到行情, SH507P2080.CZCE
2025-06-11 13:52:33.527 | INFO | SimpleStrategy | combined: 收到行情, SH507P2120.CZCE
2025-06-11 13:52:33.527 | INFO | SimpleStrategy | combined: 收到行情, SH507P2120.CZCE
2025-06-11 13:52:33.527 | INFO | SimpleStrategy | combined: 收到行情, SH507P2160.CZCE
2025-06-11 13:52:33.527 | INFO | SimpleStrategy | combined: 收到行情, SH507P2160.CZCE
2025-06-11 13:52:33.527 | INFO | SimpleStrategy | combined: 收到行情, SH507P2200.CZCE
2025-06-11 13:52:33.527 | INFO | SimpleStrategy | combined: 收到行情, SH507P2200.CZCE
2025-06-11 13:52:33.527 | INFO | SimpleStrategy | combined: 收到行情, SH507P2240.CZCE
2025-06-11 13:52:33.527 | INFO | SimpleStrategy | combined: 收到行情, SH507P2240.CZCE
2025-06-11 13:52:33.527 | INFO | SimpleStrategy | combined: 收到行情, SH507P2280.CZCE
2025-06-11 13:52:33.527 | INFO | SimpleStrategy | combined: 收到行情, SH507P2280.CZCE
2025-06-11 13:52:33.527 | INFO | SimpleStrategy | combined: 收到行情, SH507P2320.CZCE
2025-06-11 13:52:33.528 | INFO | SimpleStrategy | combined: 收到行情, SH507P2320.CZCE
2025-06-11 13:52:33.528 | INFO | SimpleStrategy | combined: 收到行情, SH507P2360.CZCE
2025-06-11 13:52:33.528 | INFO | SimpleStrategy | combined: 收到行情, SH507P2360.CZCE
2025-06-11 13:52:33.528 | INFO | SimpleStrategy | combined: 收到行情, SH507P2400.CZCE
2025-06-11 13:52:33.528 | INFO | SimpleStrategy | combined: 收到行情, SH507P2400.CZCE
2025-06-11 13:52:33.528 | INFO | SimpleStrategy | combined: 收到行情, SH507P2440.CZCE
2025-06-11 13:52:33.528 | INFO | SimpleStrategy | combined: 收到行情, SH507P2440.CZCE
2025-06-11 13:52:33.528 | INFO | SimpleStrategy | combined: 收到行情, SH507P2480.CZCE
2025-06-11 13:52:33.528 | INFO | SimpleStrategy | combined: 收到行情, SH507P2480.CZCE
2025-06-11 13:52:33.528 | INFO | SimpleStrategy | combined: 收到行情, SH507P2520.CZCE
2025-06-11 13:52:33.528 | INFO | SimpleStrategy | combined: 收到行情, SH507P2520.CZCE
2025-06-11 13:52:33.528 | INFO | SimpleStrategy | combined: 收到行情, SH507P2560.CZCE
2025-06-11 13:52:33.528 | INFO | SimpleStrategy | combined: 收到行情, SH507P2560.CZCE
2025-06-11 13:52:33.528 | INFO | SimpleStrategy | combined: 收到行情, SH507P2600.CZCE
2025-06-11 13:52:33.529 | INFO | SimpleStrategy | combined: 收到行情, SH507P2600.CZCE
2025-06-11 13:52:33.529 | INFO | SimpleStrategy | combined: 收到行情, SH507P2640.CZCE
2025-06-11 13:52:33.529 | INFO | SimpleStrategy | combined: 收到行情, SH507P2640.CZCE
2025-06-11 13:52:33.529 | INFO | SimpleStrategy | combined: 收到行情, SH507P2680.CZCE
2025-06-11 13:52:33.529 | INFO | SimpleStrategy | combined: 收到行情, SH507P2680.CZCE
2025-06-11 13:52:33.529 | INFO | SimpleStrategy | combined: 收到行情, SH507P2720.CZCE
2025-06-11 13:52:33.529 | INFO | SimpleStrategy | combined: 收到行情, SH507P2720.CZCE
2025-06-11 13:52:33.529 | INFO | SimpleStrategy | combined: 收到行情, SH507P2760.CZCE
2025-06-11 13:52:33.529 | INFO | SimpleStrategy | combined: 收到行情, SH507P2760.CZCE
2025-06-11 13:52:33.529 | INFO | SimpleStrategy | combined: 收到行情, SH507P2800.CZCE
2025-06-11 13:52:33.529 | INFO | SimpleStrategy | combined: 收到行情, SH507P2800.CZCE
2025-06-11 13:52:33.529 | INFO | SimpleStrategy | combined: 收到行情, SH507P2840.CZCE
2025-06-11 13:52:33.529 | INFO | SimpleStrategy | combined: 收到行情, SH507P2840.CZCE
2025-06-11 13:52:33.529 | INFO | SimpleStrategy | combined: 收到行情, SH507P2880.CZCE
2025-06-11 13:52:33.529 | INFO | SimpleStrategy | combined: 收到行情, SH507P2880.CZCE
2025-06-11 13:52:33.529 | INFO | SimpleStrategy | combined: 收到行情, SH507P2920.CZCE
2025-06-11 13:52:33.530 | INFO | SimpleStrategy | combined: 收到行情, SH507P2920.CZCE
2025-06-11 13:52:33.530 | INFO | SimpleStrategy | combined: 收到行情, SH507P2960.CZCE
2025-06-11 13:52:33.530 | INFO | SimpleStrategy | combined: 收到行情, SH507P2960.CZCE
2025-06-11 13:52:33.530 | INFO | SimpleStrategy | combined: 收到行情, SH507P3000.CZCE
2025-06-11 13:52:33.530 | INFO | SimpleStrategy | combined: 收到行情, SH507P3000.CZCE
2025-06-11 13:52:33.530 | INFO | SimpleStrategy | combined: 收到行情, SH507P3040.CZCE
2025-06-11 13:52:33.530 | INFO | SimpleStrategy | combined: 收到行情, SH507P3040.CZCE
2025-06-11 13:52:33.530 | INFO | SimpleStrategy | combined: 收到行情, SH507P3080.CZCE
2025-06-11 13:52:33.530 | INFO | SimpleStrategy | combined: 收到行情, SH507P3080.CZCE
2025-06-11 13:52:33.530 | INFO | SimpleStrategy | combined: 收到行情, SH508C2080.CZCE
2025-06-11 13:52:33.530 | INFO | SimpleStrategy | combined: 收到行情, SH508C2080.CZCE
2025-06-11 13:52:33.530 | INFO | SimpleStrategy | combined: 收到行情, SH508C2120.CZCE
2025-06-11 13:52:33.530 | INFO | SimpleStrategy | combined: 收到行情, SH508C2120.CZCE
2025-06-11 13:52:33.530 | INFO | SimpleStrategy | combined: 收到行情, SH508C2160.CZCE
2025-06-11 13:52:33.531 | INFO | SimpleStrategy | combined: 收到行情, SH508C2160.CZCE
2025-06-11 13:52:33.531 | INFO | SimpleStrategy | combined: 收到行情, SH508C2200.CZCE
2025-06-11 13:52:33.531 | INFO | SimpleStrategy | combined: 收到行情, SH508C2200.CZCE
2025-06-11 13:52:33.531 | INFO | SimpleStrategy | combined: 收到行情, SH508C2240.CZCE
2025-06-11 13:52:33.531 | INFO | SimpleStrategy | combined: 收到行情, SH508C2240.CZCE
2025-06-11 13:52:33.531 | INFO | SimpleStrategy | combined: 收到行情, SH508C2280.CZCE
2025-06-11 13:52:33.531 | INFO | SimpleStrategy | combined: 收到行情, SH508C2280.CZCE
2025-06-11 13:52:33.531 | INFO | SimpleStrategy | combined: 收到行情, SH508C2320.CZCE
2025-06-11 13:52:33.531 | INFO | SimpleStrategy | combined: 收到行情, SH508C2320.CZCE
2025-06-11 13:52:33.531 | INFO | SimpleStrategy | combined: 收到行情, SH508C2360.CZCE
2025-06-11 13:52:33.531 | INFO | SimpleStrategy | combined: 收到行情, SH508C2360.CZCE
2025-06-11 13:52:33.531 | INFO | SimpleStrategy | combined: 收到行情, SH508C2400.CZCE
2025-06-11 13:52:33.531 | INFO | SimpleStrategy | combined: 收到行情, SH508C2400.CZCE
2025-06-11 13:52:33.531 | INFO | SimpleStrategy | combined: 收到行情, SH508C2440.CZCE
2025-06-11 13:52:33.531 | INFO | SimpleStrategy | combined: 收到行情, SH508C2440.CZCE
2025-06-11 13:52:33.531 | INFO | SimpleStrategy | combined: 收到行情, SH508C2480.CZCE
2025-06-11 13:52:33.532 | INFO | SimpleStrategy | combined: 收到行情, SH508C2480.CZCE
2025-06-11 13:52:33.532 | INFO | SimpleStrategy | combined: 收到行情, SH508C2520.CZCE
2025-06-11 13:52:33.532 | INFO | SimpleStrategy | combined: 收到行情, SH508C2520.CZCE
2025-06-11 13:52:33.532 | INFO | SimpleStrategy | combined: 收到行情, SH508C2560.CZCE
2025-06-11 13:52:33.532 | INFO | SimpleStrategy | combined: 收到行情, SH508C2560.CZCE
2025-06-11 13:52:33.532 | INFO | SimpleStrategy | combined: 收到行情, SH508C2600.CZCE
2025-06-11 13:52:33.532 | INFO | SimpleStrategy | combined: 收到行情, SH508C2600.CZCE
2025-06-11 13:52:33.532 | INFO | SimpleStrategy | combined: 收到行情, SH508C2640.CZCE
2025-06-11 13:52:33.532 | INFO | SimpleStrategy | combined: 收到行情, SH508C2640.CZCE
2025-06-11 13:52:33.532 | INFO | SimpleStrategy | combined: 收到行情, SH508C2680.CZCE
2025-06-11 13:52:33.532 | INFO | SimpleStrategy | combined: 收到行情, SH508C2680.CZCE
2025-06-11 13:52:33.532 | INFO | SimpleStrategy | combined: 收到行情, SH508C2720.CZCE
2025-06-11 13:52:33.532 | INFO | SimpleStrategy | combined: 收到行情, SH508C2720.CZCE
2025-06-11 13:52:33.834 | INFO | SimpleStrategy | combined: 收到行情, SH508C2760.CZCE
2025-06-11 13:52:33.834 | INFO | SimpleStrategy | combined: 收到行情, SH508C2760.CZCE
2025-06-11 13:52:33.834 | INFO | SimpleStrategy | combined: 收到行情, SH508C2800.CZCE
2025-06-11 13:52:33.834 | INFO | SimpleStrategy | combined: 收到行情, SH508C2800.CZCE
2025-06-11 13:55:01.028 | INFO |  | 连接CTP接口
2025-06-11 13:55:01.029 | INFO |  | 等待CTP接口登录
2025-06-11 13:55:01.030 | INFO | TTS | 交易服务器连接成功
2025-06-11 13:55:01.030 | INFO | TTS | 行情服务器连接成功
2025-06-11 13:55:01.156 | INFO | TTS | 行情服务器登录成功
2025-06-11 13:55:01.174 | INFO | TTS | 交易服务器登录成功
2025-06-11 13:55:01.174 | INFO | TTS | 结算信息确认成功
2025-06-11 13:55:02.029 | INFO |  | 等待CTP合约信息初始化
2025-06-11 13:55:03.113 | INFO |  | 等待CTP合约信息初始化
2025-06-11 13:55:04.118 | INFO |  | 等待CTP合约信息初始化
2025-06-11 13:55:05.126 | INFO |  | 等待CTP合约信息初始化
2025-06-11 13:55:06.127 | INFO |  | 等待CTP合约信息初始化
2025-06-11 13:55:07.128 | INFO |  | 等待CTP合约信息初始化
2025-06-11 13:55:08.129 | INFO |  | 等待CTP合约信息初始化
2025-06-11 13:55:09.139 | INFO |  | 等待CTP合约信息初始化
2025-06-11 13:55:10.140 | INFO |  | 等待CTP合约信息初始化
2025-06-11 13:55:11.150 | INFO |  | 等待CTP合约信息初始化
2025-06-11 13:55:12.151 | INFO |  | 等待CTP合约信息初始化
2025-06-11 13:55:13.152 | INFO |  | 等待CTP合约信息初始化
2025-06-11 13:55:14.154 | INFO |  | 等待CTP合约信息初始化
2025-06-11 13:55:15.155 | INFO |  | 等待CTP合约信息初始化
2025-06-11 13:55:16.127 | INFO | TTS | 合约信息查询成功
2025-06-11 13:55:16.156 | INFO |  | 主引擎创建成功
2025-06-11 13:55:16.458 | INFO | SimpleStrategy | 数据服务初始化成功
2025-06-11 13:55:16.458 | INFO | SimpleStrategy | 尝试从 C:\vnpy\udt\udt\strategies 加载策略类
2025-06-11 13:55:16.637 | INFO | SimpleStrategy | 组合策略引擎初始化成功
2025-06-11 13:55:16.639 | INFO | SimpleStrategy | 已加载策略: ['Combined']
2025-06-11 13:55:16.639 | INFO | SimpleStrategy | combined 开始执行初始化
2025-06-11 13:55:18.548 | INFO | SimpleStrategy | combined:    product       exchange      symbol        vt_symbol  price_tick  ... underlying_vt_symbol      option_type remained_trading date_rank product_type
0       AP  Exchange.CZCE  AP510C6400  AP510C6400.CZCE         0.5  ...           AP510.CZCE  OptionType.CALL               55       1.0       AP看涨期权
1       AP  Exchange.CZCE  AP510C6500  AP510C6500.CZCE         0.5  ...           AP510.CZCE  OptionType.CALL               55       1.0       AP看涨期权
2       AP  Exchange.CZCE  AP510C6600  AP510C6600.CZCE         0.5  ...           AP510.CZCE  OptionType.CALL               55       1.0       AP看涨期权
3       AP  Exchange.CZCE  AP510C6700  AP510C6700.CZCE         0.5  ...           AP510.CZCE  OptionType.CALL               55       1.0       AP看涨期权
4       AP  Exchange.CZCE  AP510C6800  AP510C6800.CZCE         0.5  ...           AP510.CZCE  OptionType.CALL               55       1.0       AP看涨期权
5       AP  Exchange.CZCE  AP510C6900  AP510C6900.CZCE         0.5  ...           AP510.CZCE  OptionType.CALL               55       1.0       AP看涨期权
6       AP  Exchange.CZCE  AP510C7000  AP510C7000.CZCE         0.5  ...           AP510.CZCE  OptionType.CALL               55       1.0       AP看涨期权
7       AP  Exchange.CZCE  AP510C7100  AP510C7100.CZCE         0.5  ...           AP510.CZCE  OptionType.CALL               55       1.0       AP看涨期权
8       AP  Exchange.CZCE  AP510C7200  AP510C7200.CZCE         0.5  ...           AP510.CZCE  OptionType.CALL               55       1.0       AP看涨期权
9       AP  Exchange.CZCE  AP510C7300  AP510C7300.CZCE         0.5  ...           AP510.CZCE  OptionType.CALL               55       1.0       AP看涨期权
10      AP  Exchange.CZCE  AP510C7400  AP510C7400.CZCE         0.5  ...           AP510.CZCE  OptionType.CALL               55       1.0       AP看涨期权
11      AP  Exchange.CZCE  AP510C7500  AP510C7500.CZCE         0.5  ...           AP510.CZCE  OptionType.CALL               55       1.0       AP看涨期权
12      AP  Exchange.CZCE  AP510C7600  AP510C7600.CZCE         0.5  ...           AP510.CZCE  OptionType.CALL               55       1.0       AP看涨期权
13      AP  Exchange.CZCE  AP510C7700  AP510C7700.CZCE         0.5  ...           AP510.CZCE  OptionType.CALL               55       1.0       AP看涨期权
14      AP  Exchange.CZCE  AP510C7800  AP510C7800.CZCE         0.5  ...           AP510.CZCE  OptionType.CALL               55       1.0       AP看涨期权
15      AP  Exchange.CZCE  AP510C7900  AP510C7900.CZCE         0.5  ...           AP510.CZCE  OptionType.CALL               55       1.0       AP看涨期权
16      AP  Exchange.CZCE  AP510C8000  AP510C8000.CZCE         0.5  ...           AP510.CZCE  OptionType.CALL               55       1.0       AP看涨期权
17      AP  Exchange.CZCE  AP510C8100  AP510C8100.CZCE         0.5  ...           AP510.CZCE  OptionType.CALL               55       1.0       AP看涨期权
18      AP  Exchange.CZCE  AP510C8200  AP510C8200.CZCE         0.5  ...           AP510.CZCE  OptionType.CALL               55       1.0       AP看涨期权
19      AP  Exchange.CZCE  AP510C8300  AP510C8300.CZCE         0.5  ...           AP510.CZCE  OptionType.CALL               55       1.0       AP看涨期权
20      AP  Exchange.CZCE  AP510C8400  AP510C8400.CZCE         0.5  ...           AP510.CZCE  OptionType.CALL               55       1.0       AP看涨期权
21      AP  Exchange.CZCE  AP510C8500  AP510C8500.CZCE         0.5  ...           AP510.CZCE  OptionType.CALL               55       1.0       AP看涨期权
22      AP  Exchange.CZCE  AP510C8600  AP510C8600.CZCE         0.5  ...           AP510.CZCE  OptionType.CALL               55       1.0       AP看涨期权
23      AP  Exchange.CZCE  AP510C8700  AP510C8700.CZCE         0.5  ...           AP510.CZCE  OptionType.CALL               55       1.0       AP看涨期权
24      AP  Exchange.CZCE  AP510C8800  AP510C8800.CZCE         0.5  ...           AP510.CZCE  OptionType.CALL               55       1.0       AP看涨期权
25      AP  Exchange.CZCE  AP510C8900  AP510C8900.CZCE         0.5  ...           AP510.CZCE  OptionType.CALL               55       1.0       AP看涨期权
26      AP  Exchange.CZCE  AP510C9000  AP510C9000.CZCE         0.5  ...           AP510.CZCE  OptionType.CALL               55       1.0       AP看涨期权
27      AP  Exchange.CZCE  AP510C9100  AP510C9100.CZCE         0.5  ...           AP510.CZCE  OptionType.CALL               55       1.0       AP看涨期权
28      AP  Exchange.CZCE  AP510C9200  AP510C9200.CZCE         0.5  ...           AP510.CZCE  OptionType.CALL               55       1.0       AP看涨期权
29      AP  Exchange.CZCE  AP510P6400  AP510P6400.CZCE         0.5  ...           AP510.CZCE   OptionType.PUT               55       1.0       AP看跌期权

[30 rows x 13 columns]
2025-06-11 13:55:18.549 | INFO | SimpleStrategy | combined: 策略已初始化
2025-06-11 13:55:18.550 | INFO | SimpleStrategy | combined 初始化完成
2025-06-11 13:55:18.550 | INFO | SimpleStrategy | combined: 策略已启动
2025-06-11 13:55:18.550 | INFO |  | 当前账号的所有订单信息:
2025-06-11 13:55:18.550 | INFO |  | 当前账号的所有成交信息:
2025-06-11 13:55:18.550 | INFO |  | 当前账号的所有持仓信息:
2025-06-11 13:55:18.550 | INFO |  | vt_symbol=ao2507C3100.SHFE, volume=18, frozen=0, vt_positionid=TTS.ao2507C3100.SHFE.多 @22.0
2025-06-11 13:55:18.550 | INFO |  | 当前账号的账户信息:
2025-06-11 13:55:18.551 | INFO |  | vt_accountid=TTS.12821, balance=9972058.93, frozen=0.0, available=9964138.93
2025-06-11 13:55:18.589 | INFO | SimpleStrategy | combined: 收到行情, AP510C6400.CZCE
2025-06-11 13:55:18.590 | INFO | SimpleStrategy | combined: 收到行情, AP510C6400.CZCE
2025-06-11 13:55:18.592 | INFO | SimpleStrategy | combined: 收到行情, AP510C6500.CZCE
2025-06-11 13:55:18.592 | INFO | SimpleStrategy | combined: 收到行情, AP510C6500.CZCE
2025-06-11 13:55:18.593 | INFO | SimpleStrategy | combined: 收到行情, AP510C6600.CZCE
2025-06-11 13:55:18.594 | INFO | SimpleStrategy | combined: 收到行情, AP510C6600.CZCE
2025-06-11 13:55:18.594 | INFO | SimpleStrategy | combined: 收到行情, AP510C6700.CZCE
2025-06-11 13:55:18.594 | INFO | SimpleStrategy | combined: 收到行情, AP510C6700.CZCE
2025-06-11 13:55:18.594 | INFO | SimpleStrategy | combined: 收到行情, AP510C6800.CZCE
2025-06-11 13:55:18.594 | INFO | SimpleStrategy | combined: 收到行情, AP510C6800.CZCE
2025-06-11 13:55:18.594 | INFO | SimpleStrategy | combined: 收到行情, AP510C6900.CZCE
2025-06-11 13:55:18.594 | INFO | SimpleStrategy | combined: 收到行情, AP510C6900.CZCE
2025-06-11 13:55:18.594 | INFO | SimpleStrategy | combined: 收到行情, AP510C7000.CZCE
2025-06-11 13:55:18.594 | INFO | SimpleStrategy | combined: 收到行情, AP510C7000.CZCE
2025-06-11 13:55:18.594 | INFO | SimpleStrategy | combined: 收到行情, AP510C7100.CZCE
2025-06-11 13:55:18.594 | INFO | SimpleStrategy | combined: 收到行情, AP510C7100.CZCE
2025-06-11 13:55:18.594 | INFO | SimpleStrategy | combined: 收到行情, AP510C7200.CZCE
2025-06-11 13:55:18.594 | INFO | SimpleStrategy | combined: 收到行情, AP510C7200.CZCE
2025-06-11 13:55:18.594 | INFO | SimpleStrategy | combined: 收到行情, AP510C7300.CZCE
2025-06-11 13:55:18.594 | INFO | SimpleStrategy | combined: 收到行情, AP510C7300.CZCE
2025-06-11 13:55:18.594 | INFO | SimpleStrategy | combined: 收到行情, AP510C7400.CZCE
2025-06-11 13:55:18.594 | INFO | SimpleStrategy | combined: 收到行情, AP510C7400.CZCE
2025-06-11 13:55:18.594 | INFO | SimpleStrategy | combined: 收到行情, AP510C7500.CZCE
2025-06-11 13:55:18.595 | INFO | SimpleStrategy | combined: 收到行情, AP510C7500.CZCE
2025-06-11 13:55:18.632 | INFO | SimpleStrategy | combined: 收到行情, AP510C7600.CZCE
2025-06-11 13:55:18.633 | INFO | SimpleStrategy | combined: 收到行情, AP510C7600.CZCE
2025-06-11 13:55:18.637 | INFO | SimpleStrategy | combined: 收到行情, AP510C7700.CZCE
2025-06-11 13:55:18.637 | INFO | SimpleStrategy | combined: 收到行情, AP510C7700.CZCE
2025-06-11 13:55:18.637 | INFO | SimpleStrategy | combined: 收到行情, AP510C7800.CZCE
2025-06-11 13:55:18.638 | INFO | SimpleStrategy | combined: 收到行情, AP510C7800.CZCE
2025-06-11 13:55:18.638 | INFO | SimpleStrategy | combined: 收到行情, AP510C7900.CZCE
2025-06-11 13:55:18.638 | INFO | SimpleStrategy | combined: 收到行情, AP510C7900.CZCE
2025-06-11 13:55:18.638 | INFO | SimpleStrategy | combined: 收到行情, AP510C8000.CZCE
2025-06-11 13:55:18.638 | INFO | SimpleStrategy | combined: 收到行情, AP510C8000.CZCE
2025-06-11 13:55:18.638 | INFO | SimpleStrategy | combined: 收到行情, AP510C8100.CZCE
2025-06-11 13:55:18.638 | INFO | SimpleStrategy | combined: 收到行情, AP510C8100.CZCE
2025-06-11 13:55:18.639 | INFO | SimpleStrategy | combined: 收到行情, AP510C8200.CZCE
2025-06-11 13:55:18.639 | INFO | SimpleStrategy | combined: 收到行情, AP510C8200.CZCE
2025-06-11 13:55:18.639 | INFO | SimpleStrategy | combined: 收到行情, AP510C8300.CZCE
2025-06-11 13:55:18.639 | INFO | SimpleStrategy | combined: 收到行情, AP510C8300.CZCE
2025-06-11 13:55:18.639 | INFO | SimpleStrategy | combined: 收到行情, AP510C8400.CZCE
2025-06-11 13:55:18.639 | INFO | SimpleStrategy | combined: 收到行情, AP510C8400.CZCE
2025-06-11 13:55:18.639 | INFO | SimpleStrategy | combined: 收到行情, AP510C8500.CZCE
2025-06-11 13:55:18.639 | INFO | SimpleStrategy | combined: 收到行情, AP510C8500.CZCE
2025-06-11 13:55:18.639 | INFO | SimpleStrategy | combined: 收到行情, AP510C8600.CZCE
2025-06-11 13:55:18.640 | INFO | SimpleStrategy | combined: 收到行情, AP510C8600.CZCE
2025-06-11 13:55:18.640 | INFO | SimpleStrategy | combined: 收到行情, AP510C8700.CZCE
2025-06-11 13:55:18.640 | INFO | SimpleStrategy | combined: 收到行情, AP510C8700.CZCE
2025-06-11 13:55:18.640 | INFO | SimpleStrategy | combined: 收到行情, AP510C8800.CZCE
2025-06-11 13:55:18.640 | INFO | SimpleStrategy | combined: 收到行情, AP510C8800.CZCE
2025-06-11 13:55:18.640 | INFO | SimpleStrategy | combined: 收到行情, AP510C8900.CZCE
2025-06-11 13:55:18.640 | INFO | SimpleStrategy | combined: 收到行情, AP510C8900.CZCE
2025-06-11 13:55:18.640 | INFO | SimpleStrategy | combined: 收到行情, AP510C9000.CZCE
2025-06-11 13:55:18.640 | INFO | SimpleStrategy | combined: 收到行情, AP510C9000.CZCE
2025-06-11 13:55:18.640 | INFO | SimpleStrategy | combined: 收到行情, AP510C9100.CZCE
2025-06-11 13:55:18.641 | INFO | SimpleStrategy | combined: 收到行情, AP510C9100.CZCE
2025-06-11 13:55:18.641 | INFO | SimpleStrategy | combined: 收到行情, AP510C9200.CZCE
2025-06-11 13:55:18.641 | INFO | SimpleStrategy | combined: 收到行情, AP510C9200.CZCE
2025-06-11 13:55:18.641 | INFO | SimpleStrategy | combined: 收到行情, AP510P6400.CZCE
2025-06-11 13:55:18.641 | INFO | SimpleStrategy | combined: 收到行情, AP510P6400.CZCE
2025-06-11 13:55:18.641 | INFO | SimpleStrategy | combined: 收到行情, AP510P6500.CZCE
2025-06-11 13:55:18.641 | INFO | SimpleStrategy | combined: 收到行情, AP510P6500.CZCE
2025-06-11 13:55:18.641 | INFO | SimpleStrategy | combined: 收到行情, AP510P6600.CZCE
2025-06-11 13:55:18.641 | INFO | SimpleStrategy | combined: 收到行情, AP510P6600.CZCE
2025-06-11 13:55:18.641 | INFO | SimpleStrategy | combined: 收到行情, AP510P6700.CZCE
2025-06-11 13:55:18.641 | INFO | SimpleStrategy | combined: 收到行情, AP510P6700.CZCE
2025-06-11 13:55:18.641 | INFO | SimpleStrategy | combined: 收到行情, AP510P6800.CZCE
2025-06-11 13:55:18.641 | INFO | SimpleStrategy | combined: 收到行情, AP510P6800.CZCE
2025-06-11 13:55:18.641 | INFO | SimpleStrategy | combined: 收到行情, AP510P6900.CZCE
2025-06-11 13:55:18.641 | INFO | SimpleStrategy | combined: 收到行情, AP510P6900.CZCE
2025-06-11 13:55:18.642 | INFO | SimpleStrategy | combined: 收到行情, AP510P7000.CZCE
2025-06-11 13:55:18.642 | INFO | SimpleStrategy | combined: 收到行情, AP510P7000.CZCE
2025-06-11 13:55:18.642 | INFO | SimpleStrategy | combined: 收到行情, AP510P7100.CZCE
2025-06-11 13:55:18.642 | INFO | SimpleStrategy | combined: 收到行情, AP510P7100.CZCE
2025-06-11 13:55:18.642 | INFO | SimpleStrategy | combined: 收到行情, AP510P7200.CZCE
2025-06-11 13:55:18.642 | INFO | SimpleStrategy | combined: 收到行情, AP510P7200.CZCE
2025-06-11 13:55:18.676 | INFO | SimpleStrategy | combined: 收到行情, AP510P7300.CZCE
2025-06-11 13:55:18.676 | INFO | SimpleStrategy | combined: 收到行情, AP510P7300.CZCE
2025-06-11 13:55:18.676 | INFO | SimpleStrategy | combined: 收到行情, AP510P7400.CZCE
2025-06-11 13:55:18.677 | INFO | SimpleStrategy | combined: 收到行情, AP510P7400.CZCE
2025-06-11 13:55:18.687 | INFO | SimpleStrategy | combined: 收到行情, AP510P7500.CZCE
2025-06-11 13:55:18.687 | INFO | SimpleStrategy | combined: 收到行情, AP510P7500.CZCE
2025-06-11 13:55:18.687 | INFO | SimpleStrategy | combined: 收到行情, AP510P7600.CZCE
2025-06-11 13:55:18.687 | INFO | SimpleStrategy | combined: 收到行情, AP510P7600.CZCE
2025-06-11 13:55:18.687 | INFO | SimpleStrategy | combined: 收到行情, AP510P7700.CZCE
2025-06-11 13:55:18.688 | INFO | SimpleStrategy | combined: 收到行情, AP510P7700.CZCE
2025-06-11 13:55:18.688 | INFO | SimpleStrategy | combined: 收到行情, AP510P7800.CZCE
2025-06-11 13:55:18.688 | INFO | SimpleStrategy | combined: 收到行情, AP510P7800.CZCE
2025-06-11 13:55:18.688 | INFO | SimpleStrategy | combined: 收到行情, AP510P7900.CZCE
2025-06-11 13:55:18.688 | INFO | SimpleStrategy | combined: 收到行情, AP510P7900.CZCE
2025-06-11 13:55:18.688 | INFO | SimpleStrategy | combined: 收到行情, AP510P8000.CZCE
2025-06-11 13:55:18.688 | INFO | SimpleStrategy | combined: 收到行情, AP510P8000.CZCE
2025-06-11 13:55:18.689 | INFO | SimpleStrategy | combined: 收到行情, AP510P8100.CZCE
2025-06-11 13:55:18.689 | INFO | SimpleStrategy | combined: 收到行情, AP510P8100.CZCE
2025-06-11 13:55:18.689 | INFO | SimpleStrategy | combined: 收到行情, AP510P8200.CZCE
2025-06-11 13:55:18.689 | INFO | SimpleStrategy | combined: 收到行情, AP510P8200.CZCE
2025-06-11 13:55:18.689 | INFO | SimpleStrategy | combined: 收到行情, AP510P8300.CZCE
2025-06-11 13:55:18.689 | INFO | SimpleStrategy | combined: 收到行情, AP510P8300.CZCE
2025-06-11 13:55:18.689 | INFO | SimpleStrategy | combined: 收到行情, AP510P8400.CZCE
2025-06-11 13:55:18.689 | INFO | SimpleStrategy | combined: 收到行情, AP510P8400.CZCE
2025-06-11 13:55:18.689 | INFO | SimpleStrategy | combined: 收到行情, AP510P8500.CZCE
2025-06-11 13:55:18.689 | INFO | SimpleStrategy | combined: 收到行情, AP510P8500.CZCE
2025-06-11 13:55:18.689 | INFO | SimpleStrategy | combined: 收到行情, AP510P8600.CZCE
2025-06-11 13:55:18.689 | INFO | SimpleStrategy | combined: 收到行情, AP510P8600.CZCE
2025-06-11 13:55:18.689 | INFO | SimpleStrategy | combined: 收到行情, AP510P8700.CZCE
2025-06-11 13:55:18.689 | INFO | SimpleStrategy | combined: 收到行情, AP510P8700.CZCE
2025-06-11 13:55:18.690 | INFO | SimpleStrategy | combined: 收到行情, AP510P8800.CZCE
2025-06-11 13:55:18.690 | INFO | SimpleStrategy | combined: 收到行情, AP510P8800.CZCE
2025-06-11 13:55:18.690 | INFO | SimpleStrategy | combined: 收到行情, AP510P8900.CZCE
2025-06-11 13:55:18.690 | INFO | SimpleStrategy | combined: 收到行情, AP510P8900.CZCE
2025-06-11 13:55:18.690 | INFO | SimpleStrategy | combined: 收到行情, AP510P9000.CZCE
2025-06-11 13:55:18.690 | INFO | SimpleStrategy | combined: 收到行情, AP510P9000.CZCE
2025-06-11 13:55:18.690 | INFO | SimpleStrategy | combined: 收到行情, AP510P9100.CZCE
2025-06-11 13:55:18.690 | INFO | SimpleStrategy | combined: 收到行情, AP510P9100.CZCE
2025-06-11 13:55:18.690 | INFO | SimpleStrategy | combined: 收到行情, AP510P9200.CZCE
2025-06-11 13:55:18.690 | INFO | SimpleStrategy | combined: 收到行情, AP510P9200.CZCE
2025-06-11 13:55:18.691 | INFO | SimpleStrategy | combined: 收到行情, AP511C6300.CZCE
2025-06-11 13:55:18.691 | INFO | SimpleStrategy | combined: 收到行情, AP511C6300.CZCE
2025-06-11 13:55:18.691 | INFO | SimpleStrategy | combined: 收到行情, AP511C6400.CZCE
2025-06-11 13:55:18.691 | INFO | SimpleStrategy | combined: 收到行情, AP511C6400.CZCE
2025-06-11 13:55:18.691 | INFO | SimpleStrategy | combined: 收到行情, AP511C6500.CZCE
2025-06-11 13:55:18.691 | INFO | SimpleStrategy | combined: 收到行情, AP511C6500.CZCE
2025-06-11 13:55:18.691 | INFO | SimpleStrategy | combined: 收到行情, AP511C6600.CZCE
2025-06-11 13:55:18.691 | INFO | SimpleStrategy | combined: 收到行情, AP511C6600.CZCE
2025-06-11 13:55:18.691 | INFO | SimpleStrategy | combined: 收到行情, AP511C6700.CZCE
2025-06-11 13:55:18.691 | INFO | SimpleStrategy | combined: 收到行情, AP511C6700.CZCE
2025-06-11 13:55:18.691 | INFO | SimpleStrategy | combined: 收到行情, AP511C6800.CZCE
2025-06-11 13:55:18.691 | INFO | SimpleStrategy | combined: 收到行情, AP511C6800.CZCE
2025-06-11 13:55:18.691 | INFO | SimpleStrategy | combined: 收到行情, AP511C6900.CZCE
2025-06-11 13:55:18.691 | INFO | SimpleStrategy | combined: 收到行情, AP511C6900.CZCE
2025-06-11 13:55:18.692 | INFO | SimpleStrategy | combined: 收到行情, AP511C7000.CZCE
2025-06-11 13:55:18.692 | INFO | SimpleStrategy | combined: 收到行情, AP511C7000.CZCE
2025-06-11 13:55:18.692 | INFO | SimpleStrategy | combined: 收到行情, AP511C7100.CZCE
2025-06-11 13:55:18.692 | INFO | SimpleStrategy | combined: 收到行情, AP511C7100.CZCE
2025-06-11 13:55:18.692 | INFO | SimpleStrategy | combined: 收到行情, AP511C7200.CZCE
2025-06-11 13:55:18.692 | INFO | SimpleStrategy | combined: 收到行情, AP511C7200.CZCE
2025-06-11 13:55:18.692 | INFO | SimpleStrategy | combined: 收到行情, AP511C7300.CZCE
2025-06-11 13:55:18.692 | INFO | SimpleStrategy | combined: 收到行情, AP511C7300.CZCE
2025-06-11 13:55:18.692 | INFO | SimpleStrategy | combined: 收到行情, AP511C7400.CZCE
2025-06-11 13:55:18.692 | INFO | SimpleStrategy | combined: 收到行情, AP511C7400.CZCE
2025-06-11 13:55:18.692 | INFO | SimpleStrategy | combined: 收到行情, AP511C7500.CZCE
2025-06-11 13:55:18.692 | INFO | SimpleStrategy | combined: 收到行情, AP511C7500.CZCE
2025-06-11 13:55:18.693 | INFO | SimpleStrategy | combined: 收到行情, AP511C7600.CZCE
2025-06-11 13:55:18.693 | INFO | SimpleStrategy | combined: 收到行情, AP511C7600.CZCE
2025-06-11 13:55:18.693 | INFO | SimpleStrategy | combined: 收到行情, AP511C7700.CZCE
2025-06-11 13:55:18.693 | INFO | SimpleStrategy | combined: 收到行情, AP511C7700.CZCE
2025-06-11 13:55:18.693 | INFO | SimpleStrategy | combined: 收到行情, AP511C7800.CZCE
2025-06-11 13:55:18.693 | INFO | SimpleStrategy | combined: 收到行情, AP511C7800.CZCE
2025-06-11 13:55:18.693 | INFO | SimpleStrategy | combined: 收到行情, AP511C7900.CZCE
2025-06-11 13:55:18.693 | INFO | SimpleStrategy | combined: 收到行情, AP511C7900.CZCE
2025-06-11 13:55:18.693 | INFO | SimpleStrategy | combined: 收到行情, AP511C8000.CZCE
2025-06-11 13:55:18.693 | INFO | SimpleStrategy | combined: 收到行情, AP511C8000.CZCE
2025-06-11 13:55:18.693 | INFO | SimpleStrategy | combined: 收到行情, AP511C8100.CZCE
2025-06-11 13:55:18.693 | INFO | SimpleStrategy | combined: 收到行情, AP511C8100.CZCE
2025-06-11 13:55:18.693 | INFO | SimpleStrategy | combined: 收到行情, AP511C8200.CZCE
2025-06-11 13:55:18.693 | INFO | SimpleStrategy | combined: 收到行情, AP511C8200.CZCE
2025-06-11 13:55:18.694 | INFO | SimpleStrategy | combined: 收到行情, AP511C8300.CZCE
2025-06-11 13:55:18.694 | INFO | SimpleStrategy | combined: 收到行情, AP511C8300.CZCE
2025-06-11 13:55:18.694 | INFO | SimpleStrategy | combined: 收到行情, AP511C8400.CZCE
2025-06-11 13:55:18.694 | INFO | SimpleStrategy | combined: 收到行情, AP511C8400.CZCE
2025-06-11 13:55:18.694 | INFO | SimpleStrategy | combined: 收到行情, AP511C8500.CZCE
2025-06-11 13:55:18.694 | INFO | SimpleStrategy | combined: 收到行情, AP511C8500.CZCE
2025-06-11 13:55:18.694 | INFO | SimpleStrategy | combined: 收到行情, AP511C8600.CZCE
2025-06-11 13:55:18.694 | INFO | SimpleStrategy | combined: 收到行情, AP511C8600.CZCE
2025-06-11 13:55:18.694 | INFO | SimpleStrategy | combined: 收到行情, AP511C8700.CZCE
2025-06-11 13:55:18.694 | INFO | SimpleStrategy | combined: 收到行情, AP511C8700.CZCE
2025-06-11 13:55:18.694 | INFO | SimpleStrategy | combined: 收到行情, AP511C8800.CZCE
2025-06-11 13:55:18.694 | INFO | SimpleStrategy | combined: 收到行情, AP511C8800.CZCE
2025-06-11 13:55:18.694 | INFO | SimpleStrategy | combined: 收到行情, AP511C8900.CZCE
2025-06-11 13:55:18.694 | INFO | SimpleStrategy | combined: 收到行情, AP511C8900.CZCE
2025-06-11 13:55:18.695 | INFO | SimpleStrategy | combined: 收到行情, AP511C9000.CZCE
2025-06-11 13:55:18.695 | INFO | SimpleStrategy | combined: 收到行情, AP511C9000.CZCE
2025-06-11 13:55:18.695 | INFO | SimpleStrategy | combined: 收到行情, AP511P6300.CZCE
2025-06-11 13:55:18.695 | INFO | SimpleStrategy | combined: 收到行情, AP511P6300.CZCE
2025-06-11 13:55:18.695 | INFO | SimpleStrategy | combined: 收到行情, AP511P6400.CZCE
2025-06-11 13:55:18.695 | INFO | SimpleStrategy | combined: 收到行情, AP511P6400.CZCE
2025-06-11 13:55:18.695 | INFO | SimpleStrategy | combined: 收到行情, AP511P6500.CZCE
2025-06-11 13:55:18.695 | INFO | SimpleStrategy | combined: 收到行情, AP511P6500.CZCE
2025-06-11 13:55:18.720 | INFO | SimpleStrategy | combined: 收到行情, AP511P6600.CZCE
2025-06-11 13:55:18.720 | INFO | SimpleStrategy | combined: 收到行情, AP511P6600.CZCE
2025-06-11 13:55:18.720 | INFO | SimpleStrategy | combined: 收到行情, AP511P6700.CZCE
2025-06-11 13:55:18.721 | INFO | SimpleStrategy | combined: 收到行情, AP511P6700.CZCE
2025-06-11 13:55:18.721 | INFO | SimpleStrategy | combined: 收到行情, AP511P6800.CZCE
2025-06-11 13:55:18.721 | INFO | SimpleStrategy | combined: 收到行情, AP511P6800.CZCE
2025-06-11 13:55:18.721 | INFO | SimpleStrategy | combined: 收到行情, AP511P6900.CZCE
2025-06-11 13:55:18.721 | INFO | SimpleStrategy | combined: 收到行情, AP511P6900.CZCE
2025-06-11 13:55:18.721 | INFO | SimpleStrategy | combined: 收到行情, AP511P7000.CZCE
2025-06-11 13:55:18.721 | INFO | SimpleStrategy | combined: 收到行情, AP511P7000.CZCE
2025-06-11 13:55:18.726 | INFO | SimpleStrategy | combined: 收到行情, AP511P7100.CZCE
2025-06-11 13:55:18.741 | INFO | SimpleStrategy | combined: 收到行情, AP511P7100.CZCE
2025-06-11 13:55:18.741 | INFO | SimpleStrategy | combined: 收到行情, AP511P7200.CZCE
2025-06-11 13:55:18.741 | INFO | SimpleStrategy | combined: 收到行情, AP511P7200.CZCE
2025-06-11 13:55:18.741 | INFO | SimpleStrategy | combined: 收到行情, AP511P7300.CZCE
2025-06-11 13:55:18.741 | INFO | SimpleStrategy | combined: 收到行情, AP511P7300.CZCE
2025-06-11 13:55:18.742 | INFO | SimpleStrategy | combined: 收到行情, AP511P7400.CZCE
2025-06-11 13:55:18.742 | INFO | SimpleStrategy | combined: 收到行情, AP511P7400.CZCE
2025-06-11 13:55:18.742 | INFO | SimpleStrategy | combined: 收到行情, AP511P7500.CZCE
2025-06-11 13:55:18.742 | INFO | SimpleStrategy | combined: 收到行情, AP511P7500.CZCE
2025-06-11 13:55:18.742 | INFO | SimpleStrategy | combined: 收到行情, AP511P7600.CZCE
2025-06-11 13:55:18.742 | INFO | SimpleStrategy | combined: 收到行情, AP511P7600.CZCE
2025-06-11 13:55:18.742 | INFO | SimpleStrategy | combined: 收到行情, AP511P7700.CZCE
2025-06-11 13:55:18.743 | INFO | SimpleStrategy | combined: 收到行情, AP511P7700.CZCE
2025-06-11 13:55:18.743 | INFO | SimpleStrategy | combined: 收到行情, AP511P7800.CZCE
2025-06-11 13:55:18.743 | INFO | SimpleStrategy | combined: 收到行情, AP511P7800.CZCE
2025-06-11 13:55:18.743 | INFO | SimpleStrategy | combined: 收到行情, AP511P7900.CZCE
2025-06-11 13:55:18.743 | INFO | SimpleStrategy | combined: 收到行情, AP511P7900.CZCE
2025-06-11 13:55:18.743 | INFO | SimpleStrategy | combined: 收到行情, AP511P8000.CZCE
2025-06-11 13:55:18.743 | INFO | SimpleStrategy | combined: 收到行情, AP511P8000.CZCE
2025-06-11 13:55:18.743 | INFO | SimpleStrategy | combined: 收到行情, AP511P8100.CZCE
2025-06-11 13:55:18.743 | INFO | SimpleStrategy | combined: 收到行情, AP511P8100.CZCE
2025-06-11 13:55:18.743 | INFO | SimpleStrategy | combined: 收到行情, AP511P8200.CZCE
2025-06-11 13:55:18.743 | INFO | SimpleStrategy | combined: 收到行情, AP511P8200.CZCE
2025-06-11 13:55:18.743 | INFO | SimpleStrategy | combined: 收到行情, AP511P8300.CZCE
2025-06-11 13:55:18.743 | INFO | SimpleStrategy | combined: 收到行情, AP511P8300.CZCE
2025-06-11 13:55:18.743 | INFO | SimpleStrategy | combined: 收到行情, AP511P8400.CZCE
2025-06-11 13:55:18.744 | INFO | SimpleStrategy | combined: 收到行情, AP511P8400.CZCE
2025-06-11 13:55:18.744 | INFO | SimpleStrategy | combined: 收到行情, AP511P8500.CZCE
2025-06-11 13:55:18.744 | INFO | SimpleStrategy | combined: 收到行情, AP511P8500.CZCE
2025-06-11 13:55:18.744 | INFO | SimpleStrategy | combined: 收到行情, AP511P8600.CZCE
2025-06-11 13:55:18.744 | INFO | SimpleStrategy | combined: 收到行情, AP511P8600.CZCE
2025-06-11 13:55:18.744 | INFO | SimpleStrategy | combined: 收到行情, AP511P8700.CZCE
2025-06-11 13:55:18.744 | INFO | SimpleStrategy | combined: 收到行情, AP511P8700.CZCE
2025-06-11 13:55:18.744 | INFO | SimpleStrategy | combined: 收到行情, AP511P8800.CZCE
2025-06-11 13:55:18.744 | INFO | SimpleStrategy | combined: 收到行情, AP511P8800.CZCE
2025-06-11 13:55:18.744 | INFO | SimpleStrategy | combined: 收到行情, AP511P8900.CZCE
2025-06-11 13:55:18.744 | INFO | SimpleStrategy | combined: 收到行情, AP511P8900.CZCE
2025-06-11 13:55:18.744 | INFO | SimpleStrategy | combined: 收到行情, AP511P9000.CZCE
2025-06-11 13:55:18.744 | INFO | SimpleStrategy | combined: 收到行情, AP511P9000.CZCE
2025-06-11 13:55:18.744 | INFO | SimpleStrategy | combined: 收到行情, CF507C10800.CZCE
2025-06-11 13:55:18.744 | INFO | SimpleStrategy | combined: 收到行情, CF507C10800.CZCE
2025-06-11 13:55:18.745 | INFO | SimpleStrategy | combined: 收到行情, CF507C11000.CZCE
2025-06-11 13:55:18.745 | INFO | SimpleStrategy | combined: 收到行情, CF507C11000.CZCE
2025-06-11 13:55:18.745 | INFO | SimpleStrategy | combined: 收到行情, CF507C11200.CZCE
2025-06-11 13:55:18.745 | INFO | SimpleStrategy | combined: 收到行情, CF507C11200.CZCE
2025-06-11 13:55:18.745 | INFO | SimpleStrategy | combined: 收到行情, CF507C11400.CZCE
2025-06-11 13:55:18.745 | INFO | SimpleStrategy | combined: 收到行情, CF507C11400.CZCE
2025-06-11 13:55:18.745 | INFO | SimpleStrategy | combined: 收到行情, CF507C11600.CZCE
2025-06-11 13:55:18.745 | INFO | SimpleStrategy | combined: 收到行情, CF507C11600.CZCE
2025-06-11 13:55:18.745 | INFO | SimpleStrategy | combined: 收到行情, CF507C11800.CZCE
2025-06-11 13:55:18.745 | INFO | SimpleStrategy | combined: 收到行情, CF507C11800.CZCE
2025-06-11 13:55:18.745 | INFO | SimpleStrategy | combined: 收到行情, CF507C12000.CZCE
2025-06-11 13:55:18.745 | INFO | SimpleStrategy | combined: 收到行情, CF507C12000.CZCE
2025-06-11 13:55:18.745 | INFO | SimpleStrategy | combined: 收到行情, CF507C12200.CZCE
2025-06-11 13:55:18.745 | INFO | SimpleStrategy | combined: 收到行情, CF507C12200.CZCE
2025-06-11 13:55:18.745 | INFO | SimpleStrategy | combined: 收到行情, CF507C12400.CZCE
2025-06-11 13:55:18.746 | INFO | SimpleStrategy | combined: 收到行情, CF507C12400.CZCE
2025-06-11 13:55:18.746 | INFO | SimpleStrategy | combined: 收到行情, CF507C12600.CZCE
2025-06-11 13:55:18.746 | INFO | SimpleStrategy | combined: 收到行情, CF507C12600.CZCE
2025-06-11 13:55:18.746 | INFO | SimpleStrategy | combined: 收到行情, CF507C12800.CZCE
2025-06-11 13:55:18.746 | INFO | SimpleStrategy | combined: 收到行情, CF507C12800.CZCE
2025-06-11 13:55:18.746 | INFO | SimpleStrategy | combined: 收到行情, CF507C13000.CZCE
2025-06-11 13:55:18.746 | INFO | SimpleStrategy | combined: 收到行情, CF507C13000.CZCE
2025-06-11 13:55:18.746 | INFO | SimpleStrategy | combined: 收到行情, CF507C13200.CZCE
2025-06-11 13:55:18.746 | INFO | SimpleStrategy | combined: 收到行情, CF507C13200.CZCE
2025-06-11 13:55:18.746 | INFO | SimpleStrategy | combined: 收到行情, CF507C13400.CZCE
2025-06-11 13:55:18.746 | INFO | SimpleStrategy | combined: 收到行情, CF507C13400.CZCE
2025-06-11 13:55:18.746 | INFO | SimpleStrategy | combined: 收到行情, CF507C13600.CZCE
2025-06-11 13:55:18.746 | INFO | SimpleStrategy | combined: 收到行情, CF507C13600.CZCE
2025-06-11 13:55:18.746 | INFO | SimpleStrategy | combined: 收到行情, CF507C13800.CZCE
2025-06-11 13:55:18.747 | INFO | SimpleStrategy | combined: 收到行情, CF507C13800.CZCE
2025-06-11 13:55:18.747 | INFO | SimpleStrategy | combined: 收到行情, CF507C14000.CZCE
2025-06-11 13:55:18.747 | INFO | SimpleStrategy | combined: 收到行情, CF507C14000.CZCE
2025-06-11 13:55:18.747 | INFO | SimpleStrategy | combined: 收到行情, CF507C14200.CZCE
2025-06-11 13:55:18.747 | INFO | SimpleStrategy | combined: 收到行情, CF507C14200.CZCE
2025-06-11 13:55:18.747 | INFO | SimpleStrategy | combined: 收到行情, CF507C14400.CZCE
2025-06-11 13:55:18.747 | INFO | SimpleStrategy | combined: 收到行情, CF507C14400.CZCE
2025-06-11 13:55:18.747 | INFO | SimpleStrategy | combined: 收到行情, CF507C14600.CZCE
2025-06-11 13:55:18.747 | INFO | SimpleStrategy | combined: 收到行情, CF507C14600.CZCE
2025-06-11 13:55:18.747 | INFO | SimpleStrategy | combined: 收到行情, CF507C14800.CZCE
2025-06-11 13:55:18.747 | INFO | SimpleStrategy | combined: 收到行情, CF507C14800.CZCE
2025-06-11 13:55:18.747 | INFO | SimpleStrategy | combined: 收到行情, CF507C15000.CZCE
2025-06-11 13:55:18.747 | INFO | SimpleStrategy | combined: 收到行情, CF507C15000.CZCE
2025-06-11 13:55:18.748 | INFO | SimpleStrategy | combined: 收到行情, CF507C15200.CZCE
2025-06-11 13:55:18.748 | INFO | SimpleStrategy | combined: 收到行情, CF507C15200.CZCE
2025-06-11 13:55:18.748 | INFO | SimpleStrategy | combined: 收到行情, CF507P10800.CZCE
2025-06-11 13:55:18.748 | INFO | SimpleStrategy | combined: 收到行情, CF507P10800.CZCE
2025-06-11 13:55:18.748 | INFO | SimpleStrategy | combined: 收到行情, CF507P11000.CZCE
2025-06-11 13:55:18.748 | INFO | SimpleStrategy | combined: 收到行情, CF507P11000.CZCE
2025-06-11 13:55:18.748 | INFO | SimpleStrategy | combined: 收到行情, CF507P11200.CZCE
2025-06-11 13:55:18.748 | INFO | SimpleStrategy | combined: 收到行情, CF507P11200.CZCE
2025-06-11 13:55:18.748 | INFO | SimpleStrategy | combined: 收到行情, CF507P11400.CZCE
2025-06-11 13:55:18.748 | INFO | SimpleStrategy | combined: 收到行情, CF507P11400.CZCE
2025-06-11 13:55:18.748 | INFO | SimpleStrategy | combined: 收到行情, CF507P11600.CZCE
2025-06-11 13:55:18.749 | INFO | SimpleStrategy | combined: 收到行情, CF507P11600.CZCE
2025-06-11 13:55:18.749 | INFO | SimpleStrategy | combined: 收到行情, CF507P11800.CZCE
2025-06-11 13:55:18.749 | INFO | SimpleStrategy | combined: 收到行情, CF507P11800.CZCE
2025-06-11 13:55:18.749 | INFO | SimpleStrategy | combined: 收到行情, CF507P12000.CZCE
2025-06-11 13:55:18.749 | INFO | SimpleStrategy | combined: 收到行情, CF507P12000.CZCE
2025-06-11 13:55:18.749 | INFO | SimpleStrategy | combined: 收到行情, CF507P12200.CZCE
2025-06-11 13:55:18.749 | INFO | SimpleStrategy | combined: 收到行情, CF507P12200.CZCE
2025-06-11 13:55:18.749 | INFO | SimpleStrategy | combined: 收到行情, CF507P12400.CZCE
2025-06-11 13:55:18.749 | INFO | SimpleStrategy | combined: 收到行情, CF507P12400.CZCE
2025-06-11 13:55:18.749 | INFO | SimpleStrategy | combined: 收到行情, CF507P12600.CZCE
2025-06-11 13:55:18.749 | INFO | SimpleStrategy | combined: 收到行情, CF507P12600.CZCE
2025-06-11 13:55:18.749 | INFO | SimpleStrategy | combined: 收到行情, CF507P12800.CZCE
2025-06-11 13:55:18.749 | INFO | SimpleStrategy | combined: 收到行情, CF507P12800.CZCE
2025-06-11 13:55:18.750 | INFO | SimpleStrategy | combined: 收到行情, CF507P13000.CZCE
2025-06-11 13:55:18.750 | INFO | SimpleStrategy | combined: 收到行情, CF507P13000.CZCE
2025-06-11 13:55:18.750 | INFO | SimpleStrategy | combined: 收到行情, CF507P13200.CZCE
2025-06-11 13:55:18.750 | INFO | SimpleStrategy | combined: 收到行情, CF507P13200.CZCE
2025-06-11 13:55:18.750 | INFO | SimpleStrategy | combined: 收到行情, CF507P13400.CZCE
2025-06-11 13:55:18.750 | INFO | SimpleStrategy | combined: 收到行情, CF507P13400.CZCE
2025-06-11 13:55:18.750 | INFO | SimpleStrategy | combined: 收到行情, CF507P13600.CZCE
2025-06-11 13:55:18.750 | INFO | SimpleStrategy | combined: 收到行情, CF507P13600.CZCE
2025-06-11 13:55:18.750 | INFO | SimpleStrategy | combined: 收到行情, CF507P13800.CZCE
2025-06-11 13:55:18.750 | INFO | SimpleStrategy | combined: 收到行情, CF507P13800.CZCE
2025-06-11 13:55:18.750 | INFO | SimpleStrategy | combined: 收到行情, CF507P14000.CZCE
2025-06-11 13:55:18.750 | INFO | SimpleStrategy | combined: 收到行情, CF507P14000.CZCE
2025-06-11 13:55:18.750 | INFO | SimpleStrategy | combined: 收到行情, CF507P14200.CZCE
2025-06-11 13:55:18.750 | INFO | SimpleStrategy | combined: 收到行情, CF507P14200.CZCE
2025-06-11 13:55:18.750 | INFO | SimpleStrategy | combined: 收到行情, CF507P14400.CZCE
2025-06-11 13:55:18.751 | INFO | SimpleStrategy | combined: 收到行情, CF507P14400.CZCE
2025-06-11 13:55:18.751 | INFO | SimpleStrategy | combined: 收到行情, CF507P14600.CZCE
2025-06-11 13:55:18.751 | INFO | SimpleStrategy | combined: 收到行情, CF507P14600.CZCE
2025-06-11 13:55:18.751 | INFO | SimpleStrategy | combined: 收到行情, CF507P14800.CZCE
2025-06-11 13:55:18.751 | INFO | SimpleStrategy | combined: 收到行情, CF507P14800.CZCE
2025-06-11 13:55:18.751 | INFO | SimpleStrategy | combined: 收到行情, CF507P15000.CZCE
2025-06-11 13:55:18.751 | INFO | SimpleStrategy | combined: 收到行情, CF507P15000.CZCE
2025-06-11 13:55:18.751 | INFO | SimpleStrategy | combined: 收到行情, CF507P15200.CZCE
2025-06-11 13:55:18.751 | INFO | SimpleStrategy | combined: 收到行情, CF507P15200.CZCE
2025-06-11 13:55:18.751 | INFO | SimpleStrategy | combined: 收到行情, CF509C11000.CZCE
2025-06-11 13:55:18.751 | INFO | SimpleStrategy | combined: 收到行情, CF509C11000.CZCE
2025-06-11 13:55:18.751 | INFO | SimpleStrategy | combined: 收到行情, CF509C11200.CZCE
2025-06-11 13:55:18.751 | INFO | SimpleStrategy | combined: 收到行情, CF509C11200.CZCE
2025-06-11 13:55:18.751 | INFO | SimpleStrategy | combined: 收到行情, CF509C11400.CZCE
2025-06-11 13:55:18.752 | INFO | SimpleStrategy | combined: 收到行情, CF509C11400.CZCE
2025-06-11 13:55:18.752 | INFO | SimpleStrategy | combined: 收到行情, CF509C11600.CZCE
2025-06-11 13:55:18.752 | INFO | SimpleStrategy | combined: 收到行情, CF509C11600.CZCE
2025-06-11 13:55:18.752 | INFO | SimpleStrategy | combined: 收到行情, CF509C11800.CZCE
2025-06-11 13:55:18.752 | INFO | SimpleStrategy | combined: 收到行情, CF509C11800.CZCE
2025-06-11 13:55:18.752 | INFO | SimpleStrategy | combined: 收到行情, CF509C12000.CZCE
2025-06-11 13:55:18.752 | INFO | SimpleStrategy | combined: 收到行情, CF509C12000.CZCE
2025-06-11 13:55:18.752 | INFO | SimpleStrategy | combined: 收到行情, CF509C12200.CZCE
2025-06-11 13:55:18.752 | INFO | SimpleStrategy | combined: 收到行情, CF509C12200.CZCE
2025-06-11 13:55:18.752 | INFO | SimpleStrategy | combined: 收到行情, CF509C12400.CZCE
2025-06-11 13:55:18.752 | INFO | SimpleStrategy | combined: 收到行情, CF509C12400.CZCE
2025-06-11 13:55:18.752 | INFO | SimpleStrategy | combined: 收到行情, CF509C12600.CZCE
2025-06-11 13:55:18.752 | INFO | SimpleStrategy | combined: 收到行情, CF509C12600.CZCE
2025-06-11 13:55:18.752 | INFO | SimpleStrategy | combined: 收到行情, CF509C12800.CZCE
2025-06-11 13:55:18.752 | INFO | SimpleStrategy | combined: 收到行情, CF509C12800.CZCE
2025-06-11 13:55:18.752 | INFO | SimpleStrategy | combined: 收到行情, CF509C13000.CZCE
2025-06-11 13:55:18.754 | INFO | SimpleStrategy | combined: 收到行情, CF509C13000.CZCE
2025-06-11 13:55:18.754 | INFO | SimpleStrategy | combined: 收到行情, CF509C13200.CZCE
2025-06-11 13:55:18.754 | INFO | SimpleStrategy | combined: 收到行情, CF509C13200.CZCE
2025-06-11 13:55:18.754 | INFO | SimpleStrategy | combined: 收到行情, CF509C13400.CZCE
2025-06-11 13:55:18.754 | INFO | SimpleStrategy | combined: 收到行情, CF509C13400.CZCE
2025-06-11 13:55:18.754 | INFO | SimpleStrategy | combined: 收到行情, CF509C13600.CZCE
2025-06-11 13:55:18.754 | INFO | SimpleStrategy | combined: 收到行情, CF509C13600.CZCE
2025-06-11 13:55:18.754 | INFO | SimpleStrategy | combined: 收到行情, CF509C13800.CZCE
2025-06-11 13:55:18.754 | INFO | SimpleStrategy | combined: 收到行情, CF509C13800.CZCE
2025-06-11 13:55:18.754 | INFO | SimpleStrategy | combined: 收到行情, CF509C14000.CZCE
2025-06-11 13:55:18.754 | INFO | SimpleStrategy | combined: 收到行情, CF509C14000.CZCE
2025-06-11 13:55:18.754 | INFO | SimpleStrategy | combined: 收到行情, CF509C14200.CZCE
2025-06-11 13:55:18.754 | INFO | SimpleStrategy | combined: 收到行情, CF509C14200.CZCE
2025-06-11 13:55:18.755 | INFO | SimpleStrategy | combined: 收到行情, CF509C14400.CZCE
2025-06-11 13:55:18.755 | INFO | SimpleStrategy | combined: 收到行情, CF509C14400.CZCE
2025-06-11 13:55:18.755 | INFO | SimpleStrategy | combined: 收到行情, CF509C14600.CZCE
2025-06-11 13:55:18.755 | INFO | SimpleStrategy | combined: 收到行情, CF509C14600.CZCE
2025-06-11 13:55:18.755 | INFO | SimpleStrategy | combined: 收到行情, CF509C14800.CZCE
2025-06-11 13:55:18.755 | INFO | SimpleStrategy | combined: 收到行情, CF509C14800.CZCE
2025-06-11 13:55:18.755 | INFO | SimpleStrategy | combined: 收到行情, CF509C15000.CZCE
2025-06-11 13:55:18.755 | INFO | SimpleStrategy | combined: 收到行情, CF509C15000.CZCE
2025-06-11 13:55:18.755 | INFO | SimpleStrategy | combined: 收到行情, CF509C15200.CZCE
2025-06-11 13:55:18.755 | INFO | SimpleStrategy | combined: 收到行情, CF509C15200.CZCE
2025-06-11 13:55:18.755 | INFO | SimpleStrategy | combined: 收到行情, CF509C15400.CZCE
2025-06-11 13:55:18.755 | INFO | SimpleStrategy | combined: 收到行情, CF509C15400.CZCE
2025-06-11 13:55:18.755 | INFO | SimpleStrategy | combined: 收到行情, CF509C15600.CZCE
2025-06-11 13:55:18.756 | INFO | SimpleStrategy | combined: 收到行情, CF509C15600.CZCE
2025-06-11 13:55:18.756 | INFO | SimpleStrategy | combined: 收到行情, CF509C15800.CZCE
2025-06-11 13:55:18.756 | INFO | SimpleStrategy | combined: 收到行情, CF509C15800.CZCE
2025-06-11 13:55:18.756 | INFO | SimpleStrategy | combined: 收到行情, CF509P11000.CZCE
2025-06-11 13:55:18.756 | INFO | SimpleStrategy | combined: 收到行情, CF509P11000.CZCE
2025-06-11 13:55:18.756 | INFO | SimpleStrategy | combined: 收到行情, CF509P11200.CZCE
2025-06-11 13:55:18.756 | INFO | SimpleStrategy | combined: 收到行情, CF509P11200.CZCE
2025-06-11 13:55:18.756 | INFO | SimpleStrategy | combined: 收到行情, CF509P11400.CZCE
2025-06-11 13:55:18.756 | INFO | SimpleStrategy | combined: 收到行情, CF509P11400.CZCE
2025-06-11 13:55:18.756 | INFO | SimpleStrategy | combined: 收到行情, CF509P11600.CZCE
2025-06-11 13:55:18.756 | INFO | SimpleStrategy | combined: 收到行情, CF509P11600.CZCE
2025-06-11 13:55:18.756 | INFO | SimpleStrategy | combined: 收到行情, CF509P11800.CZCE
2025-06-11 13:55:18.756 | INFO | SimpleStrategy | combined: 收到行情, CF509P11800.CZCE
2025-06-11 13:55:18.757 | INFO | SimpleStrategy | combined: 收到行情, CF509P12000.CZCE
2025-06-11 13:55:18.757 | INFO | SimpleStrategy | combined: 收到行情, CF509P12000.CZCE
2025-06-11 13:55:18.762 | INFO | SimpleStrategy | combined: 收到行情, CF509P12200.CZCE
2025-06-11 13:55:18.762 | INFO | SimpleStrategy | combined: 收到行情, CF509P12200.CZCE
2025-06-11 13:55:18.762 | INFO | SimpleStrategy | combined: 收到行情, CF509P12400.CZCE
2025-06-11 13:55:18.762 | INFO | SimpleStrategy | combined: 收到行情, CF509P12400.CZCE
2025-06-11 13:55:18.762 | INFO | SimpleStrategy | combined: 收到行情, CF509P12600.CZCE
2025-06-11 13:55:18.762 | INFO | SimpleStrategy | combined: 收到行情, CF509P12600.CZCE
2025-06-11 13:55:18.762 | INFO | SimpleStrategy | combined: 收到行情, CF509P12800.CZCE
2025-06-11 13:55:18.763 | INFO | SimpleStrategy | combined: 收到行情, CF509P12800.CZCE
2025-06-11 13:55:18.764 | INFO | SimpleStrategy | combined: 收到行情, CF509P13000.CZCE
2025-06-11 13:55:18.764 | INFO | SimpleStrategy | combined: 收到行情, CF509P13000.CZCE
2025-06-11 13:55:18.764 | INFO | SimpleStrategy | combined: 收到行情, CF509P13200.CZCE
2025-06-11 13:55:18.764 | INFO | SimpleStrategy | combined: 收到行情, CF509P13200.CZCE
2025-06-11 13:55:18.764 | INFO | SimpleStrategy | combined: 收到行情, CF509P13400.CZCE
2025-06-11 13:55:18.764 | INFO | SimpleStrategy | combined: 收到行情, CF509P13400.CZCE
2025-06-11 13:55:18.764 | INFO | SimpleStrategy | combined: 收到行情, CF509P13600.CZCE
2025-06-11 13:55:18.764 | INFO | SimpleStrategy | combined: 收到行情, CF509P13600.CZCE
2025-06-11 13:55:18.764 | INFO | SimpleStrategy | combined: 收到行情, CF509P13800.CZCE
2025-06-11 13:55:18.764 | INFO | SimpleStrategy | combined: 收到行情, CF509P13800.CZCE
2025-06-11 13:55:18.764 | INFO | SimpleStrategy | combined: 收到行情, CF509P14000.CZCE
2025-06-11 13:55:18.764 | INFO | SimpleStrategy | combined: 收到行情, CF509P14000.CZCE
2025-06-11 13:55:18.765 | INFO | SimpleStrategy | combined: 收到行情, CF509P14200.CZCE
2025-06-11 13:55:18.765 | INFO | SimpleStrategy | combined: 收到行情, CF509P14200.CZCE
2025-06-11 13:55:18.769 | INFO | SimpleStrategy | combined: 收到行情, CF509P14400.CZCE
2025-06-11 13:55:18.797 | INFO | SimpleStrategy | combined: 收到行情, CF509P14400.CZCE
2025-06-11 13:55:18.797 | INFO | SimpleStrategy | combined: 收到行情, CF509P14600.CZCE
2025-06-11 13:55:18.797 | INFO | SimpleStrategy | combined: 收到行情, CF509P14600.CZCE
2025-06-11 13:55:18.798 | INFO | SimpleStrategy | combined: 收到行情, CF509P14800.CZCE
2025-06-11 13:55:18.798 | INFO | SimpleStrategy | combined: 收到行情, CF509P14800.CZCE
2025-06-11 13:55:18.799 | INFO | SimpleStrategy | combined: 收到行情, CF509P15000.CZCE
2025-06-11 13:55:18.799 | INFO | SimpleStrategy | combined: 收到行情, CF509P15000.CZCE
2025-06-11 13:55:18.799 | INFO | SimpleStrategy | combined: 收到行情, CF509P15200.CZCE
2025-06-11 13:55:18.799 | INFO | SimpleStrategy | combined: 收到行情, CF509P15200.CZCE
2025-06-11 13:55:18.799 | INFO | SimpleStrategy | combined: 收到行情, CF509P15400.CZCE
2025-06-11 13:55:18.799 | INFO | SimpleStrategy | combined: 收到行情, CF509P15400.CZCE
2025-06-11 13:55:18.799 | INFO | SimpleStrategy | combined: 收到行情, CF509P15600.CZCE
2025-06-11 13:55:18.799 | INFO | SimpleStrategy | combined: 收到行情, CF509P15600.CZCE
2025-06-11 13:55:18.800 | INFO | SimpleStrategy | combined: 收到行情, CF509P15800.CZCE
2025-06-11 13:55:18.800 | INFO | SimpleStrategy | combined: 收到行情, CF509P15800.CZCE
2025-06-11 13:55:18.800 | INFO | SimpleStrategy | combined: 收到行情, CJ509C10000.CZCE
2025-06-11 13:55:18.800 | INFO | SimpleStrategy | combined: 收到行情, CJ509C10000.CZCE
2025-06-11 13:55:18.800 | INFO | SimpleStrategy | combined: 收到行情, CJ509C10200.CZCE
2025-06-11 13:55:18.800 | INFO | SimpleStrategy | combined: 收到行情, CJ509C10200.CZCE
2025-06-11 13:55:18.800 | INFO | SimpleStrategy | combined: 收到行情, CJ509C10400.CZCE
2025-06-11 13:55:18.800 | INFO | SimpleStrategy | combined: 收到行情, CJ509C10400.CZCE
2025-06-11 13:55:18.800 | INFO | SimpleStrategy | combined: 收到行情, CJ509C10600.CZCE
2025-06-11 13:55:18.800 | INFO | SimpleStrategy | combined: 收到行情, CJ509C10600.CZCE
2025-06-11 13:55:18.800 | INFO | SimpleStrategy | combined: 收到行情, CJ509C10800.CZCE
2025-06-11 13:55:18.800 | INFO | SimpleStrategy | combined: 收到行情, CJ509C10800.CZCE
2025-06-11 13:55:18.800 | INFO | SimpleStrategy | combined: 收到行情, CJ509C11000.CZCE
2025-06-11 13:55:18.800 | INFO | SimpleStrategy | combined: 收到行情, CJ509C11000.CZCE
2025-06-11 13:55:18.801 | INFO | SimpleStrategy | combined: 收到行情, CJ509C11200.CZCE
2025-06-11 13:55:18.801 | INFO | SimpleStrategy | combined: 收到行情, CJ509C11200.CZCE
2025-06-11 13:55:18.801 | INFO | SimpleStrategy | combined: 收到行情, CJ509C11400.CZCE
2025-06-11 13:55:18.801 | INFO | SimpleStrategy | combined: 收到行情, CJ509C11400.CZCE
2025-06-11 13:55:18.801 | INFO | SimpleStrategy | combined: 收到行情, CJ509C7400.CZCE
2025-06-11 13:55:18.801 | INFO | SimpleStrategy | combined: 收到行情, CJ509C7400.CZCE
2025-06-11 13:55:18.801 | INFO | SimpleStrategy | combined: 收到行情, CJ509C7500.CZCE
2025-06-11 13:55:18.801 | INFO | SimpleStrategy | combined: 收到行情, CJ509C7500.CZCE
2025-06-11 13:55:18.801 | INFO | SimpleStrategy | combined: 收到行情, CJ509C7600.CZCE
2025-06-11 13:55:18.801 | INFO | SimpleStrategy | combined: 收到行情, CJ509C7600.CZCE
2025-06-11 13:55:18.801 | INFO | SimpleStrategy | combined: 收到行情, CJ509C7700.CZCE
2025-06-11 13:55:18.801 | INFO | SimpleStrategy | combined: 收到行情, CJ509C7700.CZCE
2025-06-11 13:55:18.802 | INFO | SimpleStrategy | combined: 收到行情, CJ509C7800.CZCE
2025-06-11 13:55:18.802 | INFO | SimpleStrategy | combined: 收到行情, CJ509C7800.CZCE
2025-06-11 13:55:18.802 | INFO | SimpleStrategy | combined: 收到行情, CJ509C7900.CZCE
2025-06-11 13:55:18.802 | INFO | SimpleStrategy | combined: 收到行情, CJ509C7900.CZCE
2025-06-11 13:55:18.802 | INFO | SimpleStrategy | combined: 收到行情, CJ509C8000.CZCE
2025-06-11 13:55:18.802 | INFO | SimpleStrategy | combined: 收到行情, CJ509C8000.CZCE
2025-06-11 13:55:18.802 | INFO | SimpleStrategy | combined: 收到行情, CJ509C8100.CZCE
2025-06-11 13:55:18.802 | INFO | SimpleStrategy | combined: 收到行情, CJ509C8100.CZCE
2025-06-11 13:55:18.802 | INFO | SimpleStrategy | combined: 收到行情, CJ509C8200.CZCE
2025-06-11 13:55:18.802 | INFO | SimpleStrategy | combined: 收到行情, CJ509C8200.CZCE
2025-06-11 13:55:18.802 | INFO | SimpleStrategy | combined: 收到行情, CJ509C8300.CZCE
2025-06-11 13:55:18.802 | INFO | SimpleStrategy | combined: 收到行情, CJ509C8300.CZCE
2025-06-11 13:55:18.803 | INFO | SimpleStrategy | combined: 收到行情, CJ509C8400.CZCE
2025-06-11 13:55:18.803 | INFO | SimpleStrategy | combined: 收到行情, CJ509C8400.CZCE
2025-06-11 13:55:18.803 | INFO | SimpleStrategy | combined: 收到行情, CJ509C8500.CZCE
2025-06-11 13:55:18.803 | INFO | SimpleStrategy | combined: 收到行情, CJ509C8500.CZCE
2025-06-11 13:55:18.803 | INFO | SimpleStrategy | combined: 收到行情, CJ509C8600.CZCE
2025-06-11 13:55:18.803 | INFO | SimpleStrategy | combined: 收到行情, CJ509C8600.CZCE
2025-06-11 13:55:18.803 | INFO | SimpleStrategy | combined: 收到行情, CJ509C8700.CZCE
2025-06-11 13:55:18.804 | INFO | SimpleStrategy | combined: 收到行情, CJ509C8700.CZCE
2025-06-11 13:55:18.807 | INFO | SimpleStrategy | combined: 收到行情, CJ509C8800.CZCE
2025-06-11 13:55:18.807 | INFO | SimpleStrategy | combined: 收到行情, CJ509C8800.CZCE
2025-06-11 13:55:18.807 | INFO | SimpleStrategy | combined: 收到行情, CJ509C8900.CZCE
2025-06-11 13:55:18.807 | INFO | SimpleStrategy | combined: 收到行情, CJ509C8900.CZCE
2025-06-11 13:55:18.807 | INFO | SimpleStrategy | combined: 收到行情, CJ509C9000.CZCE
2025-06-11 13:55:18.808 | INFO | SimpleStrategy | combined: 收到行情, CJ509C9000.CZCE
2025-06-11 13:55:18.808 | INFO | SimpleStrategy | combined: 收到行情, CJ509C9100.CZCE
2025-06-11 13:55:18.808 | INFO | SimpleStrategy | combined: 收到行情, CJ509C9100.CZCE
2025-06-11 13:55:18.808 | INFO | SimpleStrategy | combined: 收到行情, CJ509C9200.CZCE
2025-06-11 13:55:18.808 | INFO | SimpleStrategy | combined: 收到行情, CJ509C9200.CZCE
2025-06-11 13:55:18.808 | INFO | SimpleStrategy | combined: 收到行情, CJ509C9300.CZCE
2025-06-11 13:55:18.808 | INFO | SimpleStrategy | combined: 收到行情, CJ509C9300.CZCE
2025-06-11 13:55:18.808 | INFO | SimpleStrategy | combined: 收到行情, CJ509C9400.CZCE
2025-06-11 13:55:18.809 | INFO | SimpleStrategy | combined: 收到行情, CJ509C9400.CZCE
2025-06-11 13:55:18.809 | INFO | SimpleStrategy | combined: 收到行情, CJ509C9500.CZCE
2025-06-11 13:55:18.809 | INFO | SimpleStrategy | combined: 收到行情, CJ509C9500.CZCE
2025-06-11 13:55:18.809 | INFO | SimpleStrategy | combined: 收到行情, CJ509C9600.CZCE
2025-06-11 13:55:18.809 | INFO | SimpleStrategy | combined: 收到行情, CJ509C9600.CZCE
2025-06-11 13:55:18.809 | INFO | SimpleStrategy | combined: 收到行情, CJ509C9700.CZCE
2025-06-11 13:55:18.809 | INFO | SimpleStrategy | combined: 收到行情, CJ509C9700.CZCE
2025-06-11 13:55:18.809 | INFO | SimpleStrategy | combined: 收到行情, CJ509C9800.CZCE
2025-06-11 13:55:18.809 | INFO | SimpleStrategy | combined: 收到行情, CJ509C9800.CZCE
2025-06-11 13:55:18.809 | INFO | SimpleStrategy | combined: 收到行情, CJ509C9900.CZCE
2025-06-11 13:55:18.809 | INFO | SimpleStrategy | combined: 收到行情, CJ509C9900.CZCE
2025-06-11 13:55:18.809 | INFO | SimpleStrategy | combined: 收到行情, CJ509P10000.CZCE
2025-06-11 13:55:18.809 | INFO | SimpleStrategy | combined: 收到行情, CJ509P10000.CZCE
2025-06-11 13:55:18.809 | INFO | SimpleStrategy | combined: 收到行情, CJ509P10200.CZCE
2025-06-11 13:55:18.809 | INFO | SimpleStrategy | combined: 收到行情, CJ509P10200.CZCE
2025-06-11 13:55:18.810 | INFO | SimpleStrategy | combined: 收到行情, CJ509P10400.CZCE
2025-06-11 13:55:18.810 | INFO | SimpleStrategy | combined: 收到行情, CJ509P10400.CZCE
2025-06-11 13:55:18.810 | INFO | SimpleStrategy | combined: 收到行情, CJ509P10600.CZCE
2025-06-11 13:55:18.810 | INFO | SimpleStrategy | combined: 收到行情, CJ509P10600.CZCE
2025-06-11 13:55:18.843 | INFO | SimpleStrategy | combined: 收到行情, CJ509P10800.CZCE
2025-06-11 13:55:18.843 | INFO | SimpleStrategy | combined: 收到行情, CJ509P10800.CZCE
2025-06-11 13:55:18.844 | INFO | SimpleStrategy | combined: 收到行情, CJ509P11000.CZCE
2025-06-11 13:55:18.844 | INFO | SimpleStrategy | combined: 收到行情, CJ509P11000.CZCE
2025-06-11 13:55:18.844 | INFO | SimpleStrategy | combined: 收到行情, CJ509P11200.CZCE
2025-06-11 13:55:18.844 | INFO | SimpleStrategy | combined: 收到行情, CJ509P11200.CZCE
2025-06-11 13:55:18.844 | INFO | SimpleStrategy | combined: 收到行情, CJ509P11400.CZCE
2025-06-11 13:55:18.844 | INFO | SimpleStrategy | combined: 收到行情, CJ509P11400.CZCE
2025-06-11 13:55:18.844 | INFO | SimpleStrategy | combined: 收到行情, CJ509P7400.CZCE
2025-06-11 13:55:18.844 | INFO | SimpleStrategy | combined: 收到行情, CJ509P7400.CZCE
2025-06-11 13:55:18.844 | INFO | SimpleStrategy | combined: 收到行情, CJ509P7500.CZCE
2025-06-11 13:55:18.844 | INFO | SimpleStrategy | combined: 收到行情, CJ509P7500.CZCE
2025-06-11 13:55:18.844 | INFO | SimpleStrategy | combined: 收到行情, CJ509P7600.CZCE
2025-06-11 13:55:18.844 | INFO | SimpleStrategy | combined: 收到行情, CJ509P7600.CZCE
2025-06-11 13:55:18.845 | INFO | SimpleStrategy | combined: 收到行情, CJ509P7700.CZCE
2025-06-11 13:55:18.845 | INFO | SimpleStrategy | combined: 收到行情, CJ509P7700.CZCE
2025-06-11 13:55:18.845 | INFO | SimpleStrategy | combined: 收到行情, CJ509P7800.CZCE
2025-06-11 13:55:18.845 | INFO | SimpleStrategy | combined: 收到行情, CJ509P7800.CZCE
2025-06-11 13:55:18.845 | INFO | SimpleStrategy | combined: 收到行情, CJ509P7900.CZCE
2025-06-11 13:55:18.845 | INFO | SimpleStrategy | combined: 收到行情, CJ509P7900.CZCE
2025-06-11 13:55:18.845 | INFO | SimpleStrategy | combined: 收到行情, CJ509P8000.CZCE
2025-06-11 13:55:18.845 | INFO | SimpleStrategy | combined: 收到行情, CJ509P8000.CZCE
2025-06-11 13:55:18.845 | INFO | SimpleStrategy | combined: 收到行情, CJ509P8100.CZCE
2025-06-11 13:55:18.845 | INFO | SimpleStrategy | combined: 收到行情, CJ509P8100.CZCE
2025-06-11 13:55:18.845 | INFO | SimpleStrategy | combined: 收到行情, CJ509P8200.CZCE
2025-06-11 13:55:18.845 | INFO | SimpleStrategy | combined: 收到行情, CJ509P8200.CZCE
2025-06-11 13:55:18.846 | INFO | SimpleStrategy | combined: 收到行情, CJ509P8300.CZCE
2025-06-11 13:55:18.846 | INFO | SimpleStrategy | combined: 收到行情, CJ509P8300.CZCE
2025-06-11 13:55:18.846 | INFO | SimpleStrategy | combined: 收到行情, CJ509P8400.CZCE
2025-06-11 13:55:18.846 | INFO | SimpleStrategy | combined: 收到行情, CJ509P8400.CZCE
2025-06-11 13:55:18.846 | INFO | SimpleStrategy | combined: 收到行情, CJ509P8500.CZCE
2025-06-11 13:55:18.846 | INFO | SimpleStrategy | combined: 收到行情, CJ509P8500.CZCE
2025-06-11 13:55:18.846 | INFO | SimpleStrategy | combined: 收到行情, CJ509P8600.CZCE
2025-06-11 13:55:18.846 | INFO | SimpleStrategy | combined: 收到行情, CJ509P8600.CZCE
2025-06-11 13:55:18.846 | INFO | SimpleStrategy | combined: 收到行情, CJ509P8700.CZCE
2025-06-11 13:55:18.846 | INFO | SimpleStrategy | combined: 收到行情, CJ509P8700.CZCE
2025-06-11 13:55:18.846 | INFO | SimpleStrategy | combined: 收到行情, CJ509P8800.CZCE
2025-06-11 13:55:18.846 | INFO | SimpleStrategy | combined: 收到行情, CJ509P8800.CZCE
2025-06-11 13:55:18.846 | INFO | SimpleStrategy | combined: 收到行情, CJ509P8900.CZCE
2025-06-11 13:55:18.847 | INFO | SimpleStrategy | combined: 收到行情, CJ509P8900.CZCE
2025-06-11 13:55:18.847 | INFO | SimpleStrategy | combined: 收到行情, CJ509P9000.CZCE
2025-06-11 13:55:18.847 | INFO | SimpleStrategy | combined: 收到行情, CJ509P9000.CZCE
2025-06-11 13:55:18.847 | INFO | SimpleStrategy | combined: 收到行情, CJ509P9100.CZCE
2025-06-11 13:55:18.847 | INFO | SimpleStrategy | combined: 收到行情, CJ509P9100.CZCE
2025-06-11 13:55:18.847 | INFO | SimpleStrategy | combined: 收到行情, CJ509P9200.CZCE
2025-06-11 13:55:18.847 | INFO | SimpleStrategy | combined: 收到行情, CJ509P9200.CZCE
2025-06-11 13:55:18.847 | INFO | SimpleStrategy | combined: 收到行情, CJ509P9300.CZCE
2025-06-11 13:55:18.847 | INFO | SimpleStrategy | combined: 收到行情, CJ509P9300.CZCE
2025-06-11 13:55:18.847 | INFO | SimpleStrategy | combined: 收到行情, CJ509P9400.CZCE
2025-06-11 13:55:18.847 | INFO | SimpleStrategy | combined: 收到行情, CJ509P9400.CZCE
2025-06-11 13:55:18.847 | INFO | SimpleStrategy | combined: 收到行情, CJ509P9500.CZCE
2025-06-11 13:55:18.847 | INFO | SimpleStrategy | combined: 收到行情, CJ509P9500.CZCE
2025-06-11 13:55:18.847 | INFO | SimpleStrategy | combined: 收到行情, CJ509P9600.CZCE
2025-06-11 13:55:18.848 | INFO | SimpleStrategy | combined: 收到行情, CJ509P9600.CZCE
2025-06-11 13:55:18.848 | INFO | SimpleStrategy | combined: 收到行情, CJ509P9700.CZCE
2025-06-11 13:55:18.848 | INFO | SimpleStrategy | combined: 收到行情, CJ509P9700.CZCE
2025-06-11 13:55:18.848 | INFO | SimpleStrategy | combined: 收到行情, CJ509P9800.CZCE
2025-06-11 13:55:18.848 | INFO | SimpleStrategy | combined: 收到行情, CJ509P9800.CZCE
2025-06-11 13:55:18.848 | INFO | SimpleStrategy | combined: 收到行情, CJ509P9900.CZCE
2025-06-11 13:55:18.848 | INFO | SimpleStrategy | combined: 收到行情, CJ509P9900.CZCE
2025-06-11 13:55:18.848 | INFO | SimpleStrategy | combined: 收到行情, CJ512C10000.CZCE
2025-06-11 13:55:18.848 | INFO | SimpleStrategy | combined: 收到行情, CJ512C10000.CZCE
2025-06-11 13:55:18.848 | INFO | SimpleStrategy | combined: 收到行情, CJ512C10200.CZCE
2025-06-11 13:55:18.848 | INFO | SimpleStrategy | combined: 收到行情, CJ512C10200.CZCE
2025-06-11 13:55:18.849 | INFO | SimpleStrategy | combined: 收到行情, CJ512C10400.CZCE
2025-06-11 13:55:18.849 | INFO | SimpleStrategy | combined: 收到行情, CJ512C10400.CZCE
2025-06-11 13:55:18.849 | INFO | SimpleStrategy | combined: 收到行情, CJ512C10600.CZCE
2025-06-11 13:55:18.849 | INFO | SimpleStrategy | combined: 收到行情, CJ512C10600.CZCE
2025-06-11 13:55:18.849 | INFO | SimpleStrategy | combined: 收到行情, CJ512C10800.CZCE
2025-06-11 13:55:18.849 | INFO | SimpleStrategy | combined: 收到行情, CJ512C10800.CZCE
2025-06-11 13:55:18.849 | INFO | SimpleStrategy | combined: 收到行情, CJ512C11000.CZCE
2025-06-11 13:55:18.849 | INFO | SimpleStrategy | combined: 收到行情, CJ512C11000.CZCE
2025-06-11 13:55:18.849 | INFO | SimpleStrategy | combined: 收到行情, CJ512C11200.CZCE
2025-06-11 13:55:18.849 | INFO | SimpleStrategy | combined: 收到行情, CJ512C11200.CZCE
2025-06-11 13:55:18.849 | INFO | SimpleStrategy | combined: 收到行情, CJ512C11400.CZCE
2025-06-11 13:55:18.849 | INFO | SimpleStrategy | combined: 收到行情, CJ512C11400.CZCE
2025-06-11 13:55:18.850 | INFO | SimpleStrategy | combined: 收到行情, CJ512C8000.CZCE
2025-06-11 13:55:18.850 | INFO | SimpleStrategy | combined: 收到行情, CJ512C8000.CZCE
2025-06-11 13:55:18.850 | INFO | SimpleStrategy | combined: 收到行情, CJ512C8100.CZCE
2025-06-11 13:55:18.850 | INFO | SimpleStrategy | combined: 收到行情, CJ512C8100.CZCE
2025-06-11 13:55:18.850 | INFO | SimpleStrategy | combined: 收到行情, CJ512C8200.CZCE
2025-06-11 13:55:18.850 | INFO | SimpleStrategy | combined: 收到行情, CJ512C8200.CZCE
2025-06-11 13:55:18.850 | INFO | SimpleStrategy | combined: 收到行情, CJ512C8300.CZCE
2025-06-11 13:55:18.850 | INFO | SimpleStrategy | combined: 收到行情, CJ512C8300.CZCE
2025-06-11 13:55:18.850 | INFO | SimpleStrategy | combined: 收到行情, CJ512C8400.CZCE
2025-06-11 13:55:18.850 | INFO | SimpleStrategy | combined: 收到行情, CJ512C8400.CZCE
2025-06-11 13:55:18.850 | INFO | SimpleStrategy | combined: 收到行情, CJ512C8500.CZCE
2025-06-11 13:55:18.850 | INFO | SimpleStrategy | combined: 收到行情, CJ512C8500.CZCE
2025-06-11 13:55:18.850 | INFO | SimpleStrategy | combined: 收到行情, CJ512C8600.CZCE
2025-06-11 13:55:18.851 | INFO | SimpleStrategy | combined: 收到行情, CJ512C8600.CZCE
2025-06-11 13:55:18.851 | INFO | SimpleStrategy | combined: 收到行情, CJ512C8700.CZCE
2025-06-11 13:55:18.851 | INFO | SimpleStrategy | combined: 收到行情, CJ512C8700.CZCE
2025-06-11 13:55:18.851 | INFO | SimpleStrategy | combined: 收到行情, CJ512C8800.CZCE
2025-06-11 13:55:18.851 | INFO | SimpleStrategy | combined: 收到行情, CJ512C8800.CZCE
2025-06-11 13:55:18.851 | INFO | SimpleStrategy | combined: 收到行情, CJ512C8900.CZCE
2025-06-11 13:55:18.851 | INFO | SimpleStrategy | combined: 收到行情, CJ512C8900.CZCE
2025-06-11 13:55:18.851 | INFO | SimpleStrategy | combined: 收到行情, CJ512C9000.CZCE
2025-06-11 13:55:18.851 | INFO | SimpleStrategy | combined: 收到行情, CJ512C9000.CZCE
2025-06-11 13:55:18.851 | INFO | SimpleStrategy | combined: 收到行情, CJ512C9100.CZCE
2025-06-11 13:55:18.851 | INFO | SimpleStrategy | combined: 收到行情, CJ512C9100.CZCE
2025-06-11 13:55:18.851 | INFO | SimpleStrategy | combined: 收到行情, CJ512C9200.CZCE
2025-06-11 13:55:18.851 | INFO | SimpleStrategy | combined: 收到行情, CJ512C9200.CZCE
2025-06-11 13:55:18.851 | INFO | SimpleStrategy | combined: 收到行情, CJ512C9300.CZCE
2025-06-11 13:55:18.851 | INFO | SimpleStrategy | combined: 收到行情, CJ512C9300.CZCE
2025-06-11 13:55:18.851 | INFO | SimpleStrategy | combined: 收到行情, CJ512C9400.CZCE
2025-06-11 13:55:18.852 | INFO | SimpleStrategy | combined: 收到行情, CJ512C9400.CZCE
2025-06-11 13:55:18.852 | INFO | SimpleStrategy | combined: 收到行情, CJ512C9500.CZCE
2025-06-11 13:55:18.852 | INFO | SimpleStrategy | combined: 收到行情, CJ512C9500.CZCE
2025-06-11 13:55:18.852 | INFO | SimpleStrategy | combined: 收到行情, CJ512C9600.CZCE
2025-06-11 13:55:18.852 | INFO | SimpleStrategy | combined: 收到行情, CJ512C9600.CZCE
2025-06-11 13:55:18.852 | INFO | SimpleStrategy | combined: 收到行情, CJ512C9700.CZCE
2025-06-11 13:55:18.852 | INFO | SimpleStrategy | combined: 收到行情, CJ512C9700.CZCE
2025-06-11 13:55:18.852 | INFO | SimpleStrategy | combined: 收到行情, CJ512C9800.CZCE
2025-06-11 13:55:18.852 | INFO | SimpleStrategy | combined: 收到行情, CJ512C9800.CZCE
2025-06-11 13:55:18.852 | INFO | SimpleStrategy | combined: 收到行情, CJ512C9900.CZCE
2025-06-11 13:55:18.852 | INFO | SimpleStrategy | combined: 收到行情, CJ512C9900.CZCE
2025-06-11 13:55:18.852 | INFO | SimpleStrategy | combined: 收到行情, CJ512P10000.CZCE
2025-06-11 13:55:18.852 | INFO | SimpleStrategy | combined: 收到行情, CJ512P10000.CZCE
2025-06-11 13:55:18.852 | INFO | SimpleStrategy | combined: 收到行情, CJ512P10200.CZCE
2025-06-11 13:55:18.853 | INFO | SimpleStrategy | combined: 收到行情, CJ512P10200.CZCE
2025-06-11 13:55:18.853 | INFO | SimpleStrategy | combined: 收到行情, CJ512P10400.CZCE
2025-06-11 13:55:18.853 | INFO | SimpleStrategy | combined: 收到行情, CJ512P10400.CZCE
2025-06-11 13:55:18.853 | INFO | SimpleStrategy | combined: 收到行情, CJ512P10600.CZCE
2025-06-11 13:55:18.853 | INFO | SimpleStrategy | combined: 收到行情, CJ512P10600.CZCE
2025-06-11 13:55:18.853 | INFO | SimpleStrategy | combined: 收到行情, CJ512P10800.CZCE
2025-06-11 13:55:18.853 | INFO | SimpleStrategy | combined: 收到行情, CJ512P10800.CZCE
2025-06-11 13:55:18.853 | INFO | SimpleStrategy | combined: 收到行情, CJ512P11000.CZCE
2025-06-11 13:55:18.853 | INFO | SimpleStrategy | combined: 收到行情, CJ512P11000.CZCE
2025-06-11 13:55:18.853 | INFO | SimpleStrategy | combined: 收到行情, CJ512P11200.CZCE
2025-06-11 13:55:18.853 | INFO | SimpleStrategy | combined: 收到行情, CJ512P11200.CZCE
2025-06-11 13:55:18.853 | INFO | SimpleStrategy | combined: 收到行情, CJ512P11400.CZCE
2025-06-11 13:55:18.854 | INFO | SimpleStrategy | combined: 收到行情, CJ512P11400.CZCE
2025-06-11 13:55:18.854 | INFO | SimpleStrategy | combined: 收到行情, CJ512P8000.CZCE
2025-06-11 13:55:18.854 | INFO | SimpleStrategy | combined: 收到行情, CJ512P8000.CZCE
2025-06-11 13:55:18.854 | INFO | SimpleStrategy | combined: 收到行情, CJ512P8100.CZCE
2025-06-11 13:55:18.854 | INFO | SimpleStrategy | combined: 收到行情, CJ512P8100.CZCE
2025-06-11 13:55:18.854 | INFO | SimpleStrategy | combined: 收到行情, CJ512P8200.CZCE
2025-06-11 13:55:18.854 | INFO | SimpleStrategy | combined: 收到行情, CJ512P8200.CZCE
2025-06-11 13:55:18.854 | INFO | SimpleStrategy | combined: 收到行情, CJ512P8300.CZCE
2025-06-11 13:55:18.854 | INFO | SimpleStrategy | combined: 收到行情, CJ512P8300.CZCE
2025-06-11 13:55:18.854 | INFO | SimpleStrategy | combined: 收到行情, CJ512P8400.CZCE
2025-06-11 13:55:18.855 | INFO | SimpleStrategy | combined: 收到行情, CJ512P8400.CZCE
2025-06-11 13:55:18.855 | INFO | SimpleStrategy | combined: 收到行情, CJ512P8500.CZCE
2025-06-11 13:55:18.855 | INFO | SimpleStrategy | combined: 收到行情, CJ512P8500.CZCE
2025-06-11 13:55:18.855 | INFO | SimpleStrategy | combined: 收到行情, CJ512P8600.CZCE
2025-06-11 13:55:18.855 | INFO | SimpleStrategy | combined: 收到行情, CJ512P8600.CZCE
2025-06-11 13:55:18.855 | INFO | SimpleStrategy | combined: 收到行情, CJ512P8700.CZCE
2025-06-11 13:55:18.855 | INFO | SimpleStrategy | combined: 收到行情, CJ512P8700.CZCE
2025-06-11 13:55:18.855 | INFO | SimpleStrategy | combined: 收到行情, CJ512P8800.CZCE
2025-06-11 13:55:18.855 | INFO | SimpleStrategy | combined: 收到行情, CJ512P8800.CZCE
2025-06-11 13:55:18.855 | INFO | SimpleStrategy | combined: 收到行情, CJ512P8900.CZCE
2025-06-11 13:55:18.855 | INFO | SimpleStrategy | combined: 收到行情, CJ512P8900.CZCE
2025-06-11 13:55:18.855 | INFO | SimpleStrategy | combined: 收到行情, CJ512P9000.CZCE
2025-06-11 13:55:18.855 | INFO | SimpleStrategy | combined: 收到行情, CJ512P9000.CZCE
2025-06-11 13:55:18.856 | INFO | SimpleStrategy | combined: 收到行情, CJ512P9100.CZCE
2025-06-11 13:55:18.856 | INFO | SimpleStrategy | combined: 收到行情, CJ512P9100.CZCE
2025-06-11 13:55:18.856 | INFO | SimpleStrategy | combined: 收到行情, CJ512P9200.CZCE
2025-06-11 13:55:18.856 | INFO | SimpleStrategy | combined: 收到行情, CJ512P9200.CZCE
2025-06-11 13:55:18.856 | INFO | SimpleStrategy | combined: 收到行情, CJ512P9300.CZCE
2025-06-11 13:55:18.856 | INFO | SimpleStrategy | combined: 收到行情, CJ512P9300.CZCE
2025-06-11 13:55:18.856 | INFO | SimpleStrategy | combined: 收到行情, CJ512P9400.CZCE
2025-06-11 13:55:18.856 | INFO | SimpleStrategy | combined: 收到行情, CJ512P9400.CZCE
2025-06-11 13:55:18.856 | INFO | SimpleStrategy | combined: 收到行情, CJ512P9500.CZCE
2025-06-11 13:55:18.856 | INFO | SimpleStrategy | combined: 收到行情, CJ512P9500.CZCE
2025-06-11 13:55:18.856 | INFO | SimpleStrategy | combined: 收到行情, CJ512P9600.CZCE
2025-06-11 13:55:18.856 | INFO | SimpleStrategy | combined: 收到行情, CJ512P9600.CZCE
2025-06-11 13:55:18.856 | INFO | SimpleStrategy | combined: 收到行情, CJ512P9700.CZCE
2025-06-11 13:55:18.856 | INFO | SimpleStrategy | combined: 收到行情, CJ512P9700.CZCE
2025-06-11 13:55:18.856 | INFO | SimpleStrategy | combined: 收到行情, CJ512P9800.CZCE
2025-06-11 13:55:18.857 | INFO | SimpleStrategy | combined: 收到行情, CJ512P9800.CZCE
2025-06-11 13:55:18.857 | INFO | SimpleStrategy | combined: 收到行情, CJ512P9900.CZCE
2025-06-11 13:55:18.857 | INFO | SimpleStrategy | combined: 收到行情, CJ512P9900.CZCE
2025-06-11 13:55:18.857 | INFO | SimpleStrategy | combined: 收到行情, FG507C1000.CZCE
2025-06-11 13:55:18.857 | INFO | SimpleStrategy | combined: 收到行情, FG507C1000.CZCE
2025-06-11 13:55:18.857 | INFO | SimpleStrategy | combined: 收到行情, FG507C1020.CZCE
2025-06-11 13:55:18.857 | INFO | SimpleStrategy | combined: 收到行情, FG507C1020.CZCE
2025-06-11 13:55:18.857 | INFO | SimpleStrategy | combined: 收到行情, FG507C1040.CZCE
2025-06-11 13:55:18.857 | INFO | SimpleStrategy | combined: 收到行情, FG507C1040.CZCE
2025-06-11 13:55:18.857 | INFO | SimpleStrategy | combined: 收到行情, FG507C1060.CZCE
2025-06-11 13:55:18.857 | INFO | SimpleStrategy | combined: 收到行情, FG507C1060.CZCE
2025-06-11 13:55:18.857 | INFO | SimpleStrategy | combined: 收到行情, FG507C1080.CZCE
2025-06-11 13:55:18.857 | INFO | SimpleStrategy | combined: 收到行情, FG507C1080.CZCE
2025-06-11 13:55:18.858 | INFO | SimpleStrategy | combined: 收到行情, FG507C1100.CZCE
2025-06-11 13:55:18.858 | INFO | SimpleStrategy | combined: 收到行情, FG507C1100.CZCE
2025-06-11 13:55:18.858 | INFO | SimpleStrategy | combined: 收到行情, FG507C1120.CZCE
2025-06-11 13:55:18.858 | INFO | SimpleStrategy | combined: 收到行情, FG507C1120.CZCE
2025-06-11 13:55:18.858 | INFO | SimpleStrategy | combined: 收到行情, FG507C1140.CZCE
2025-06-11 13:55:18.858 | INFO | SimpleStrategy | combined: 收到行情, FG507C1140.CZCE
2025-06-11 13:55:18.858 | INFO | SimpleStrategy | combined: 收到行情, FG507C1160.CZCE
2025-06-11 13:55:18.858 | INFO | SimpleStrategy | combined: 收到行情, FG507C1160.CZCE
2025-06-11 13:55:18.858 | INFO | SimpleStrategy | combined: 收到行情, FG507C1180.CZCE
2025-06-11 13:55:18.858 | INFO | SimpleStrategy | combined: 收到行情, FG507C1180.CZCE
2025-06-11 13:55:18.858 | INFO | SimpleStrategy | combined: 收到行情, FG507C1200.CZCE
2025-06-11 13:55:18.858 | INFO | SimpleStrategy | combined: 收到行情, FG507C1200.CZCE
2025-06-11 13:55:18.858 | INFO | SimpleStrategy | combined: 收到行情, FG507C1220.CZCE
2025-06-11 13:55:18.858 | INFO | SimpleStrategy | combined: 收到行情, FG507C1220.CZCE
2025-06-11 13:55:18.859 | INFO | SimpleStrategy | combined: 收到行情, FG507C1240.CZCE
2025-06-11 13:55:18.859 | INFO | SimpleStrategy | combined: 收到行情, FG507C1240.CZCE
2025-06-11 13:55:18.859 | INFO | SimpleStrategy | combined: 收到行情, FG507C1260.CZCE
2025-06-11 13:55:18.859 | INFO | SimpleStrategy | combined: 收到行情, FG507C1260.CZCE
2025-06-11 13:55:18.859 | INFO | SimpleStrategy | combined: 收到行情, FG507C1280.CZCE
2025-06-11 13:55:18.859 | INFO | SimpleStrategy | combined: 收到行情, FG507C1280.CZCE
2025-06-11 13:55:18.859 | INFO | SimpleStrategy | combined: 收到行情, FG507C1300.CZCE
2025-06-11 13:55:18.859 | INFO | SimpleStrategy | combined: 收到行情, FG507C1300.CZCE
2025-06-11 13:55:18.859 | INFO | SimpleStrategy | combined: 收到行情, FG507C1320.CZCE
2025-06-11 13:55:18.859 | INFO | SimpleStrategy | combined: 收到行情, FG507C1320.CZCE
2025-06-11 13:55:18.859 | INFO | SimpleStrategy | combined: 收到行情, FG507C1340.CZCE
2025-06-11 13:55:18.859 | INFO | SimpleStrategy | combined: 收到行情, FG507C1340.CZCE
2025-06-11 13:55:18.860 | INFO | SimpleStrategy | combined: 收到行情, FG507C1360.CZCE
2025-06-11 13:55:18.860 | INFO | SimpleStrategy | combined: 收到行情, FG507C1360.CZCE
2025-06-11 13:55:18.860 | INFO | SimpleStrategy | combined: 收到行情, FG507C1380.CZCE
2025-06-11 13:55:18.860 | INFO | SimpleStrategy | combined: 收到行情, FG507C1380.CZCE
2025-06-11 13:55:18.860 | INFO | SimpleStrategy | combined: 收到行情, FG507C1400.CZCE
2025-06-11 13:55:18.860 | INFO | SimpleStrategy | combined: 收到行情, FG507C1400.CZCE
2025-06-11 13:55:18.860 | INFO | SimpleStrategy | combined: 收到行情, FG507C1420.CZCE
2025-06-11 13:55:18.860 | INFO | SimpleStrategy | combined: 收到行情, FG507C1420.CZCE
2025-06-11 13:55:18.860 | INFO | SimpleStrategy | combined: 收到行情, FG507C820.CZCE
2025-06-11 13:55:18.860 | INFO | SimpleStrategy | combined: 收到行情, FG507C820.CZCE
2025-06-11 13:55:18.860 | INFO | SimpleStrategy | combined: 收到行情, FG507C830.CZCE
2025-06-11 13:55:18.860 | INFO | SimpleStrategy | combined: 收到行情, FG507C830.CZCE
2025-06-11 13:55:18.860 | INFO | SimpleStrategy | combined: 收到行情, FG507C840.CZCE
2025-06-11 13:55:18.861 | INFO | SimpleStrategy | combined: 收到行情, FG507C840.CZCE
2025-06-11 13:55:18.861 | INFO | SimpleStrategy | combined: 收到行情, FG507C850.CZCE
2025-06-11 13:55:18.861 | INFO | SimpleStrategy | combined: 收到行情, FG507C850.CZCE
2025-06-11 13:55:18.861 | INFO | SimpleStrategy | combined: 收到行情, FG507C860.CZCE
2025-06-11 13:55:18.861 | INFO | SimpleStrategy | combined: 收到行情, FG507C860.CZCE
2025-06-11 13:55:18.861 | INFO | SimpleStrategy | combined: 收到行情, FG507C870.CZCE
2025-06-11 13:55:18.861 | INFO | SimpleStrategy | combined: 收到行情, FG507C870.CZCE
2025-06-11 13:55:18.861 | INFO | SimpleStrategy | combined: 收到行情, FG507C880.CZCE
2025-06-11 13:55:18.861 | INFO | SimpleStrategy | combined: 收到行情, FG507C880.CZCE
2025-06-11 13:55:18.861 | INFO | SimpleStrategy | combined: 收到行情, FG507C890.CZCE
2025-06-11 13:55:18.861 | INFO | SimpleStrategy | combined: 收到行情, FG507C890.CZCE
2025-06-11 13:55:18.861 | INFO | SimpleStrategy | combined: 收到行情, FG507C900.CZCE
2025-06-11 13:55:18.861 | INFO | SimpleStrategy | combined: 收到行情, FG507C900.CZCE
2025-06-11 13:55:18.861 | INFO | SimpleStrategy | combined: 收到行情, FG507C910.CZCE
2025-06-11 13:55:18.861 | INFO | SimpleStrategy | combined: 收到行情, FG507C910.CZCE
2025-06-11 13:55:18.861 | INFO | SimpleStrategy | combined: 收到行情, FG507C920.CZCE
2025-06-11 13:55:18.862 | INFO | SimpleStrategy | combined: 收到行情, FG507C920.CZCE
2025-06-11 13:55:18.862 | INFO | SimpleStrategy | combined: 收到行情, FG507C930.CZCE
2025-06-11 13:55:18.862 | INFO | SimpleStrategy | combined: 收到行情, FG507C930.CZCE
2025-06-11 13:55:18.862 | INFO | SimpleStrategy | combined: 收到行情, FG507C940.CZCE
2025-06-11 13:55:18.862 | INFO | SimpleStrategy | combined: 收到行情, FG507C940.CZCE
2025-06-11 13:55:18.862 | INFO | SimpleStrategy | combined: 收到行情, FG507C950.CZCE
2025-06-11 13:55:18.862 | INFO | SimpleStrategy | combined: 收到行情, FG507C950.CZCE
2025-06-11 13:55:18.862 | INFO | SimpleStrategy | combined: 收到行情, FG507C960.CZCE
2025-06-11 13:55:18.862 | INFO | SimpleStrategy | combined: 收到行情, FG507C960.CZCE
2025-06-11 13:55:18.862 | INFO | SimpleStrategy | combined: 收到行情, FG507C970.CZCE
2025-06-11 13:55:18.862 | INFO | SimpleStrategy | combined: 收到行情, FG507C970.CZCE
2025-06-11 13:55:18.862 | INFO | SimpleStrategy | combined: 收到行情, FG507C980.CZCE
2025-06-11 13:55:18.862 | INFO | SimpleStrategy | combined: 收到行情, FG507C980.CZCE
2025-06-11 13:55:18.862 | INFO | SimpleStrategy | combined: 收到行情, FG507C990.CZCE
2025-06-11 13:55:18.862 | INFO | SimpleStrategy | combined: 收到行情, FG507C990.CZCE
2025-06-11 13:55:18.863 | INFO | SimpleStrategy | combined: 收到行情, FG507P1000.CZCE
2025-06-11 13:55:18.863 | INFO | SimpleStrategy | combined: 收到行情, FG507P1000.CZCE
2025-06-11 13:55:18.863 | INFO | SimpleStrategy | combined: 收到行情, FG507P1020.CZCE
2025-06-11 13:55:18.863 | INFO | SimpleStrategy | combined: 收到行情, FG507P1020.CZCE
2025-06-11 13:55:18.863 | INFO | SimpleStrategy | combined: 收到行情, FG507P1040.CZCE
2025-06-11 13:55:18.863 | INFO | SimpleStrategy | combined: 收到行情, FG507P1040.CZCE
2025-06-11 13:55:18.863 | INFO | SimpleStrategy | combined: 收到行情, FG507P1060.CZCE
2025-06-11 13:55:18.863 | INFO | SimpleStrategy | combined: 收到行情, FG507P1060.CZCE
2025-06-11 13:55:18.863 | INFO | SimpleStrategy | combined: 收到行情, FG507P1080.CZCE
2025-06-11 13:55:18.863 | INFO | SimpleStrategy | combined: 收到行情, FG507P1080.CZCE
2025-06-11 13:55:18.863 | INFO | SimpleStrategy | combined: 收到行情, FG507P1100.CZCE
2025-06-11 13:55:18.863 | INFO | SimpleStrategy | combined: 收到行情, FG507P1100.CZCE
2025-06-11 13:55:18.863 | INFO | SimpleStrategy | combined: 收到行情, FG507P1120.CZCE
2025-06-11 13:55:18.864 | INFO | SimpleStrategy | combined: 收到行情, FG507P1120.CZCE
2025-06-11 13:55:18.864 | INFO | SimpleStrategy | combined: 收到行情, FG507P1140.CZCE
2025-06-11 13:55:18.864 | INFO | SimpleStrategy | combined: 收到行情, FG507P1140.CZCE
2025-06-11 13:55:18.864 | INFO | SimpleStrategy | combined: 收到行情, FG507P1160.CZCE
2025-06-11 13:55:18.864 | INFO | SimpleStrategy | combined: 收到行情, FG507P1160.CZCE
2025-06-11 13:55:18.865 | INFO | SimpleStrategy | combined: 收到行情, FG507P1180.CZCE
2025-06-11 13:55:18.865 | INFO | SimpleStrategy | combined: 收到行情, FG507P1180.CZCE
2025-06-11 13:55:18.866 | INFO | SimpleStrategy | combined: 收到行情, FG507P1200.CZCE
2025-06-11 13:55:18.866 | INFO | SimpleStrategy | combined: 收到行情, FG507P1200.CZCE
2025-06-11 13:55:18.866 | INFO | SimpleStrategy | combined: 收到行情, FG507P1220.CZCE
2025-06-11 13:55:18.866 | INFO | SimpleStrategy | combined: 收到行情, FG507P1220.CZCE
2025-06-11 13:55:18.866 | INFO | SimpleStrategy | combined: 收到行情, FG507P1240.CZCE
2025-06-11 13:55:18.866 | INFO | SimpleStrategy | combined: 收到行情, FG507P1240.CZCE
2025-06-11 13:55:18.866 | INFO | SimpleStrategy | combined: 收到行情, FG507P1260.CZCE
2025-06-11 13:55:18.866 | INFO | SimpleStrategy | combined: 收到行情, FG507P1260.CZCE
2025-06-11 13:55:18.866 | INFO | SimpleStrategy | combined: 收到行情, FG507P1280.CZCE
2025-06-11 13:55:18.866 | INFO | SimpleStrategy | combined: 收到行情, FG507P1280.CZCE
2025-06-11 13:55:18.866 | INFO | SimpleStrategy | combined: 收到行情, FG507P1300.CZCE
2025-06-11 13:55:18.867 | INFO | SimpleStrategy | combined: 收到行情, FG507P1300.CZCE
2025-06-11 13:55:18.867 | INFO | SimpleStrategy | combined: 收到行情, FG507P1320.CZCE
2025-06-11 13:55:18.867 | INFO | SimpleStrategy | combined: 收到行情, FG507P1320.CZCE
2025-06-11 13:55:18.867 | INFO | SimpleStrategy | combined: 收到行情, FG507P1340.CZCE
2025-06-11 13:55:18.867 | INFO | SimpleStrategy | combined: 收到行情, FG507P1340.CZCE
2025-06-11 13:55:18.867 | INFO | SimpleStrategy | combined: 收到行情, FG507P1360.CZCE
2025-06-11 13:55:18.867 | INFO | SimpleStrategy | combined: 收到行情, FG507P1360.CZCE
2025-06-11 13:55:18.867 | INFO | SimpleStrategy | combined: 收到行情, FG507P1380.CZCE
2025-06-11 13:55:18.867 | INFO | SimpleStrategy | combined: 收到行情, FG507P1380.CZCE
2025-06-11 13:55:18.867 | INFO | SimpleStrategy | combined: 收到行情, FG507P1400.CZCE
2025-06-11 13:55:18.867 | INFO | SimpleStrategy | combined: 收到行情, FG507P1400.CZCE
2025-06-11 13:55:18.867 | INFO | SimpleStrategy | combined: 收到行情, FG507P1420.CZCE
2025-06-11 13:55:18.867 | INFO | SimpleStrategy | combined: 收到行情, FG507P1420.CZCE
2025-06-11 13:55:18.868 | INFO | SimpleStrategy | combined: 收到行情, FG507P820.CZCE
2025-06-11 13:55:18.868 | INFO | SimpleStrategy | combined: 收到行情, FG507P820.CZCE
2025-06-11 13:55:18.868 | INFO | SimpleStrategy | combined: 收到行情, FG507P830.CZCE
2025-06-11 13:55:18.868 | INFO | SimpleStrategy | combined: 收到行情, FG507P830.CZCE
2025-06-11 13:55:18.868 | INFO | SimpleStrategy | combined: 收到行情, FG507P840.CZCE
2025-06-11 13:55:18.868 | INFO | SimpleStrategy | combined: 收到行情, FG507P840.CZCE
2025-06-11 13:55:18.868 | INFO | SimpleStrategy | combined: 收到行情, FG507P850.CZCE
2025-06-11 13:55:18.868 | INFO | SimpleStrategy | combined: 收到行情, FG507P850.CZCE
2025-06-11 13:55:18.868 | INFO | SimpleStrategy | combined: 收到行情, FG507P860.CZCE
2025-06-11 13:55:18.868 | INFO | SimpleStrategy | combined: 收到行情, FG507P860.CZCE
2025-06-11 13:55:18.868 | INFO | SimpleStrategy | combined: 收到行情, FG507P870.CZCE
2025-06-11 13:55:18.868 | INFO | SimpleStrategy | combined: 收到行情, FG507P870.CZCE
2025-06-11 13:55:18.869 | INFO | SimpleStrategy | combined: 收到行情, FG507P880.CZCE
2025-06-11 13:55:18.869 | INFO | SimpleStrategy | combined: 收到行情, FG507P880.CZCE
2025-06-11 13:55:18.869 | INFO | SimpleStrategy | combined: 收到行情, FG507P890.CZCE
2025-06-11 13:55:18.869 | INFO | SimpleStrategy | combined: 收到行情, FG507P890.CZCE
2025-06-11 13:55:18.869 | INFO | SimpleStrategy | combined: 收到行情, FG507P900.CZCE
2025-06-11 13:55:18.869 | INFO | SimpleStrategy | combined: 收到行情, FG507P900.CZCE
2025-06-11 13:55:18.869 | INFO | SimpleStrategy | combined: 收到行情, FG507P910.CZCE
2025-06-11 13:55:18.869 | INFO | SimpleStrategy | combined: 收到行情, FG507P910.CZCE
2025-06-11 13:55:18.869 | INFO | SimpleStrategy | combined: 收到行情, FG507P920.CZCE
2025-06-11 13:55:18.869 | INFO | SimpleStrategy | combined: 收到行情, FG507P920.CZCE
2025-06-11 13:55:18.869 | INFO | SimpleStrategy | combined: 收到行情, FG507P930.CZCE
2025-06-11 13:55:18.869 | INFO | SimpleStrategy | combined: 收到行情, FG507P930.CZCE
2025-06-11 13:55:18.870 | INFO | SimpleStrategy | combined: 收到行情, FG507P940.CZCE
2025-06-11 13:55:18.870 | INFO | SimpleStrategy | combined: 收到行情, FG507P940.CZCE
2025-06-11 13:55:18.870 | INFO | SimpleStrategy | combined: 收到行情, FG507P950.CZCE
2025-06-11 13:55:18.870 | INFO | SimpleStrategy | combined: 收到行情, FG507P950.CZCE
2025-06-11 13:55:18.870 | INFO | SimpleStrategy | combined: 收到行情, FG507P960.CZCE
2025-06-11 13:55:18.870 | INFO | SimpleStrategy | combined: 收到行情, FG507P960.CZCE
2025-06-11 13:55:18.870 | INFO | SimpleStrategy | combined: 收到行情, FG507P970.CZCE
2025-06-11 13:55:18.870 | INFO | SimpleStrategy | combined: 收到行情, FG507P970.CZCE
2025-06-11 13:55:18.870 | INFO | SimpleStrategy | combined: 收到行情, FG507P980.CZCE
2025-06-11 13:55:18.870 | INFO | SimpleStrategy | combined: 收到行情, FG507P980.CZCE
2025-06-11 13:55:18.870 | INFO | SimpleStrategy | combined: 收到行情, FG507P990.CZCE
2025-06-11 13:55:18.870 | INFO | SimpleStrategy | combined: 收到行情, FG507P990.CZCE
2025-06-11 13:55:18.871 | INFO | SimpleStrategy | combined: 收到行情, FG508C1000.CZCE
2025-06-11 13:55:18.871 | INFO | SimpleStrategy | combined: 收到行情, FG508C1000.CZCE
2025-06-11 13:55:18.871 | INFO | SimpleStrategy | combined: 收到行情, FG508C1020.CZCE
2025-06-11 13:55:18.871 | INFO | SimpleStrategy | combined: 收到行情, FG508C1020.CZCE
2025-06-11 13:55:18.871 | INFO | SimpleStrategy | combined: 收到行情, FG508C1040.CZCE
2025-06-11 13:55:18.871 | INFO | SimpleStrategy | combined: 收到行情, FG508C1040.CZCE
2025-06-11 13:55:18.871 | INFO | SimpleStrategy | combined: 收到行情, FG508C1060.CZCE
2025-06-11 13:55:18.871 | INFO | SimpleStrategy | combined: 收到行情, FG508C1060.CZCE
2025-06-11 13:55:18.871 | INFO | SimpleStrategy | combined: 收到行情, FG508C1080.CZCE
2025-06-11 13:55:18.871 | INFO | SimpleStrategy | combined: 收到行情, FG508C1080.CZCE
2025-06-11 13:55:18.871 | INFO | SimpleStrategy | combined: 收到行情, FG508C1100.CZCE
2025-06-11 13:55:18.872 | INFO | SimpleStrategy | combined: 收到行情, FG508C1100.CZCE
2025-06-11 13:55:18.872 | INFO | SimpleStrategy | combined: 收到行情, FG508C1120.CZCE
2025-06-11 13:55:18.872 | INFO | SimpleStrategy | combined: 收到行情, FG508C1120.CZCE
2025-06-11 13:55:18.872 | INFO | SimpleStrategy | combined: 收到行情, FG508C1140.CZCE
2025-06-11 13:55:18.872 | INFO | SimpleStrategy | combined: 收到行情, FG508C1140.CZCE
2025-06-11 13:55:18.872 | INFO | SimpleStrategy | combined: 收到行情, FG508C1160.CZCE
2025-06-11 13:55:18.872 | INFO | SimpleStrategy | combined: 收到行情, FG508C1160.CZCE
2025-06-11 13:55:18.872 | INFO | SimpleStrategy | combined: 收到行情, FG508C1180.CZCE
2025-06-11 13:55:18.872 | INFO | SimpleStrategy | combined: 收到行情, FG508C1180.CZCE
2025-06-11 13:55:18.872 | INFO | SimpleStrategy | combined: 收到行情, FG508C1200.CZCE
2025-06-11 13:55:18.872 | INFO | SimpleStrategy | combined: 收到行情, FG508C1200.CZCE
2025-06-11 13:55:18.872 | INFO | SimpleStrategy | combined: 收到行情, FG508C1220.CZCE
2025-06-11 13:55:18.872 | INFO | SimpleStrategy | combined: 收到行情, FG508C1220.CZCE
2025-06-11 13:55:18.872 | INFO | SimpleStrategy | combined: 收到行情, FG508C1240.CZCE
2025-06-11 13:55:18.872 | INFO | SimpleStrategy | combined: 收到行情, FG508C1240.CZCE
2025-06-11 13:55:18.873 | INFO | SimpleStrategy | combined: 收到行情, FG508C1260.CZCE
2025-06-11 13:55:18.873 | INFO | SimpleStrategy | combined: 收到行情, FG508C1260.CZCE
2025-06-11 13:55:18.873 | INFO | SimpleStrategy | combined: 收到行情, FG508C1280.CZCE
2025-06-11 13:55:18.873 | INFO | SimpleStrategy | combined: 收到行情, FG508C1280.CZCE
2025-06-11 13:55:18.873 | INFO | SimpleStrategy | combined: 收到行情, FG508C1300.CZCE
2025-06-11 13:55:18.873 | INFO | SimpleStrategy | combined: 收到行情, FG508C1300.CZCE
2025-06-11 13:55:18.873 | INFO | SimpleStrategy | combined: 收到行情, FG508C1320.CZCE
2025-06-11 13:55:18.873 | INFO | SimpleStrategy | combined: 收到行情, FG508C1320.CZCE
2025-06-11 13:55:18.873 | INFO | SimpleStrategy | combined: 收到行情, FG508C1340.CZCE
2025-06-11 13:55:18.873 | INFO | SimpleStrategy | combined: 收到行情, FG508C1340.CZCE
2025-06-11 13:55:18.873 | INFO | SimpleStrategy | combined: 收到行情, FG508C1360.CZCE
2025-06-11 13:55:18.873 | INFO | SimpleStrategy | combined: 收到行情, FG508C1360.CZCE
2025-06-11 13:55:18.873 | INFO | SimpleStrategy | combined: 收到行情, FG508C1380.CZCE
2025-06-11 13:55:18.874 | INFO | SimpleStrategy | combined: 收到行情, FG508C1380.CZCE
2025-06-11 13:55:18.874 | INFO | SimpleStrategy | combined: 收到行情, FG508C1400.CZCE
2025-06-11 13:55:18.874 | INFO | SimpleStrategy | combined: 收到行情, FG508C1400.CZCE
2025-06-11 13:55:18.874 | INFO | SimpleStrategy | combined: 收到行情, FG508C1420.CZCE
2025-06-11 13:55:18.874 | INFO | SimpleStrategy | combined: 收到行情, FG508C1420.CZCE
2025-06-11 13:55:18.874 | INFO | SimpleStrategy | combined: 收到行情, FG508C1440.CZCE
2025-06-11 13:55:18.874 | INFO | SimpleStrategy | combined: 收到行情, FG508C1440.CZCE
2025-06-11 13:55:18.874 | INFO | SimpleStrategy | combined: 收到行情, FG508C1460.CZCE
2025-06-11 13:55:18.874 | INFO | SimpleStrategy | combined: 收到行情, FG508C1460.CZCE
2025-06-11 13:55:18.874 | INFO | SimpleStrategy | combined: 收到行情, FG508C1480.CZCE
2025-06-11 13:55:18.874 | INFO | SimpleStrategy | combined: 收到行情, FG508C1480.CZCE
2025-06-11 13:55:18.875 | INFO | SimpleStrategy | combined: 收到行情, FG508C1500.CZCE
2025-06-11 13:55:18.875 | INFO | SimpleStrategy | combined: 收到行情, FG508C1500.CZCE
2025-06-11 13:55:18.875 | INFO | SimpleStrategy | combined: 收到行情, FG508C1520.CZCE
2025-06-11 13:55:18.875 | INFO | SimpleStrategy | combined: 收到行情, FG508C1520.CZCE
2025-06-11 13:55:18.875 | INFO | SimpleStrategy | combined: 收到行情, FG508C1540.CZCE
2025-06-11 13:55:18.875 | INFO | SimpleStrategy | combined: 收到行情, FG508C1540.CZCE
2025-06-11 13:55:18.875 | INFO | SimpleStrategy | combined: 收到行情, FG508C1560.CZCE
2025-06-11 13:55:18.875 | INFO | SimpleStrategy | combined: 收到行情, FG508C1560.CZCE
2025-06-11 13:55:18.875 | INFO | SimpleStrategy | combined: 收到行情, FG508C1580.CZCE
2025-06-11 13:55:18.875 | INFO | SimpleStrategy | combined: 收到行情, FG508C1580.CZCE
2025-06-11 13:55:18.875 | INFO | SimpleStrategy | combined: 收到行情, FG508C1600.CZCE
2025-06-11 13:55:18.875 | INFO | SimpleStrategy | combined: 收到行情, FG508C1600.CZCE
2025-06-11 13:55:18.875 | INFO | SimpleStrategy | combined: 收到行情, FG508C1620.CZCE
2025-06-11 13:55:18.875 | INFO | SimpleStrategy | combined: 收到行情, FG508C1620.CZCE
2025-06-11 13:55:18.875 | INFO | SimpleStrategy | combined: 收到行情, FG508C850.CZCE
2025-06-11 13:55:18.876 | INFO | SimpleStrategy | combined: 收到行情, FG508C850.CZCE
2025-06-11 13:55:18.876 | INFO | SimpleStrategy | combined: 收到行情, FG508C860.CZCE
2025-06-11 13:55:18.876 | INFO | SimpleStrategy | combined: 收到行情, FG508C860.CZCE
2025-06-11 13:55:18.876 | INFO | SimpleStrategy | combined: 收到行情, FG508C870.CZCE
2025-06-11 13:55:18.876 | INFO | SimpleStrategy | combined: 收到行情, FG508C870.CZCE
2025-06-11 13:55:18.876 | INFO | SimpleStrategy | combined: 收到行情, FG508C880.CZCE
2025-06-11 13:55:18.876 | INFO | SimpleStrategy | combined: 收到行情, FG508C880.CZCE
2025-06-11 13:55:18.876 | INFO | SimpleStrategy | combined: 收到行情, FG508C890.CZCE
2025-06-11 13:55:18.876 | INFO | SimpleStrategy | combined: 收到行情, FG508C890.CZCE
2025-06-11 13:55:18.876 | INFO | SimpleStrategy | combined: 收到行情, FG508C900.CZCE
2025-06-11 13:55:18.876 | INFO | SimpleStrategy | combined: 收到行情, FG508C900.CZCE
2025-06-11 13:55:18.876 | INFO | SimpleStrategy | combined: 收到行情, FG508C910.CZCE
2025-06-11 13:55:18.876 | INFO | SimpleStrategy | combined: 收到行情, FG508C910.CZCE
2025-06-11 13:55:18.876 | INFO | SimpleStrategy | combined: 收到行情, FG508C920.CZCE
2025-06-11 13:55:18.876 | INFO | SimpleStrategy | combined: 收到行情, FG508C920.CZCE
2025-06-11 13:55:18.876 | INFO | SimpleStrategy | combined: 收到行情, FG508C930.CZCE
2025-06-11 13:55:18.877 | INFO | SimpleStrategy | combined: 收到行情, FG508C930.CZCE
2025-06-11 13:55:18.877 | INFO | SimpleStrategy | combined: 收到行情, FG508C940.CZCE
2025-06-11 13:55:18.877 | INFO | SimpleStrategy | combined: 收到行情, FG508C940.CZCE
2025-06-11 13:55:18.877 | INFO | SimpleStrategy | combined: 收到行情, FG508C950.CZCE
2025-06-11 13:55:18.877 | INFO | SimpleStrategy | combined: 收到行情, FG508C950.CZCE
2025-06-11 13:55:18.877 | INFO | SimpleStrategy | combined: 收到行情, FG508C960.CZCE
2025-06-11 13:55:18.877 | INFO | SimpleStrategy | combined: 收到行情, FG508C960.CZCE
2025-06-11 13:55:18.877 | INFO | SimpleStrategy | combined: 收到行情, FG508C970.CZCE
2025-06-11 13:55:18.877 | INFO | SimpleStrategy | combined: 收到行情, FG508C970.CZCE
2025-06-11 13:55:18.877 | INFO | SimpleStrategy | combined: 收到行情, FG508C980.CZCE
2025-06-11 13:55:18.877 | INFO | SimpleStrategy | combined: 收到行情, FG508C980.CZCE
2025-06-11 13:55:18.877 | INFO | SimpleStrategy | combined: 收到行情, FG508C990.CZCE
2025-06-11 13:55:18.877 | INFO | SimpleStrategy | combined: 收到行情, FG508C990.CZCE
2025-06-11 13:55:18.877 | INFO | SimpleStrategy | combined: 收到行情, FG508P1000.CZCE
2025-06-11 13:55:18.877 | INFO | SimpleStrategy | combined: 收到行情, FG508P1000.CZCE
2025-06-11 13:55:18.878 | INFO | SimpleStrategy | combined: 收到行情, FG508P1020.CZCE
2025-06-11 13:55:18.878 | INFO | SimpleStrategy | combined: 收到行情, FG508P1020.CZCE
2025-06-11 13:55:18.878 | INFO | SimpleStrategy | combined: 收到行情, FG508P1040.CZCE
2025-06-11 13:55:18.878 | INFO | SimpleStrategy | combined: 收到行情, FG508P1040.CZCE
2025-06-11 13:55:18.878 | INFO | SimpleStrategy | combined: 收到行情, FG508P1060.CZCE
2025-06-11 13:55:18.878 | INFO | SimpleStrategy | combined: 收到行情, FG508P1060.CZCE
2025-06-11 13:55:18.878 | INFO | SimpleStrategy | combined: 收到行情, FG508P1080.CZCE
2025-06-11 13:55:18.878 | INFO | SimpleStrategy | combined: 收到行情, FG508P1080.CZCE
2025-06-11 13:55:18.878 | INFO | SimpleStrategy | combined: 收到行情, FG508P1100.CZCE
2025-06-11 13:55:18.878 | INFO | SimpleStrategy | combined: 收到行情, FG508P1100.CZCE
2025-06-11 13:55:18.878 | INFO | SimpleStrategy | combined: 收到行情, FG508P1120.CZCE
2025-06-11 13:55:18.878 | INFO | SimpleStrategy | combined: 收到行情, FG508P1120.CZCE
2025-06-11 13:55:18.878 | INFO | SimpleStrategy | combined: 收到行情, FG508P1140.CZCE
2025-06-11 13:55:18.878 | INFO | SimpleStrategy | combined: 收到行情, FG508P1140.CZCE
2025-06-11 13:55:18.879 | INFO | SimpleStrategy | combined: 收到行情, FG508P1160.CZCE
2025-06-11 13:55:18.879 | INFO | SimpleStrategy | combined: 收到行情, FG508P1160.CZCE
2025-06-11 13:55:18.879 | INFO | SimpleStrategy | combined: 收到行情, FG508P1180.CZCE
2025-06-11 13:55:18.879 | INFO | SimpleStrategy | combined: 收到行情, FG508P1180.CZCE
2025-06-11 13:55:18.879 | INFO | SimpleStrategy | combined: 收到行情, FG508P1200.CZCE
2025-06-11 13:55:18.879 | INFO | SimpleStrategy | combined: 收到行情, FG508P1200.CZCE
2025-06-11 13:55:18.879 | INFO | SimpleStrategy | combined: 收到行情, FG508P1220.CZCE
2025-06-11 13:55:18.879 | INFO | SimpleStrategy | combined: 收到行情, FG508P1220.CZCE
2025-06-11 13:55:18.879 | INFO | SimpleStrategy | combined: 收到行情, FG508P1240.CZCE
2025-06-11 13:55:18.879 | INFO | SimpleStrategy | combined: 收到行情, FG508P1240.CZCE
2025-06-11 13:55:18.879 | INFO | SimpleStrategy | combined: 收到行情, FG508P1260.CZCE
2025-06-11 13:55:18.879 | INFO | SimpleStrategy | combined: 收到行情, FG508P1260.CZCE
2025-06-11 13:55:18.879 | INFO | SimpleStrategy | combined: 收到行情, FG508P1280.CZCE
2025-06-11 13:55:18.879 | INFO | SimpleStrategy | combined: 收到行情, FG508P1280.CZCE
2025-06-11 13:55:18.880 | INFO | SimpleStrategy | combined: 收到行情, FG508P1300.CZCE
2025-06-11 13:55:18.880 | INFO | SimpleStrategy | combined: 收到行情, FG508P1300.CZCE
2025-06-11 13:55:18.880 | INFO | SimpleStrategy | combined: 收到行情, FG508P1320.CZCE
2025-06-11 13:55:18.880 | INFO | SimpleStrategy | combined: 收到行情, FG508P1320.CZCE
2025-06-11 13:55:18.880 | INFO | SimpleStrategy | combined: 收到行情, FG508P1340.CZCE
2025-06-11 13:55:18.880 | INFO | SimpleStrategy | combined: 收到行情, FG508P1340.CZCE
2025-06-11 13:55:18.880 | INFO | SimpleStrategy | combined: 收到行情, FG508P1360.CZCE
2025-06-11 13:55:18.880 | INFO | SimpleStrategy | combined: 收到行情, FG508P1360.CZCE
2025-06-11 13:55:18.880 | INFO | SimpleStrategy | combined: 收到行情, FG508P1380.CZCE
2025-06-11 13:55:18.880 | INFO | SimpleStrategy | combined: 收到行情, FG508P1380.CZCE
2025-06-11 13:55:18.880 | INFO | SimpleStrategy | combined: 收到行情, FG508P1400.CZCE
2025-06-11 13:55:18.880 | INFO | SimpleStrategy | combined: 收到行情, FG508P1400.CZCE
2025-06-11 13:55:18.880 | INFO | SimpleStrategy | combined: 收到行情, FG508P1420.CZCE
2025-06-11 13:55:18.880 | INFO | SimpleStrategy | combined: 收到行情, FG508P1420.CZCE
2025-06-11 13:55:18.880 | INFO | SimpleStrategy | combined: 收到行情, FG508P1440.CZCE
2025-06-11 13:55:18.881 | INFO | SimpleStrategy | combined: 收到行情, FG508P1440.CZCE
2025-06-11 13:55:18.881 | INFO | SimpleStrategy | combined: 收到行情, FG508P1460.CZCE
2025-06-11 13:55:18.881 | INFO | SimpleStrategy | combined: 收到行情, FG508P1460.CZCE
2025-06-11 13:55:18.881 | INFO | SimpleStrategy | combined: 收到行情, FG508P1480.CZCE
2025-06-11 13:55:18.881 | INFO | SimpleStrategy | combined: 收到行情, FG508P1480.CZCE
2025-06-11 13:55:18.881 | INFO | SimpleStrategy | combined: 收到行情, FG508P1500.CZCE
2025-06-11 13:55:18.881 | INFO | SimpleStrategy | combined: 收到行情, FG508P1500.CZCE
2025-06-11 13:55:18.881 | INFO | SimpleStrategy | combined: 收到行情, FG508P1520.CZCE
2025-06-11 13:55:18.881 | INFO | SimpleStrategy | combined: 收到行情, FG508P1520.CZCE
2025-06-11 13:55:18.881 | INFO | SimpleStrategy | combined: 收到行情, FG508P1540.CZCE
2025-06-11 13:55:18.881 | INFO | SimpleStrategy | combined: 收到行情, FG508P1540.CZCE
2025-06-11 13:55:18.881 | INFO | SimpleStrategy | combined: 收到行情, FG508P1560.CZCE
2025-06-11 13:55:18.881 | INFO | SimpleStrategy | combined: 收到行情, FG508P1560.CZCE
2025-06-11 13:55:18.881 | INFO | SimpleStrategy | combined: 收到行情, FG508P1580.CZCE
2025-06-11 13:55:18.881 | INFO | SimpleStrategy | combined: 收到行情, FG508P1580.CZCE
2025-06-11 13:55:18.882 | INFO | SimpleStrategy | combined: 收到行情, FG508P1600.CZCE
2025-06-11 13:55:18.882 | INFO | SimpleStrategy | combined: 收到行情, FG508P1600.CZCE
2025-06-11 13:55:18.882 | INFO | SimpleStrategy | combined: 收到行情, FG508P1620.CZCE
2025-06-11 13:55:18.882 | INFO | SimpleStrategy | combined: 收到行情, FG508P1620.CZCE
2025-06-11 13:55:18.882 | INFO | SimpleStrategy | combined: 收到行情, FG508P850.CZCE
2025-06-11 13:55:18.882 | INFO | SimpleStrategy | combined: 收到行情, FG508P850.CZCE
2025-06-11 13:55:18.882 | INFO | SimpleStrategy | combined: 收到行情, FG508P860.CZCE
2025-06-11 13:55:18.882 | INFO | SimpleStrategy | combined: 收到行情, FG508P860.CZCE
2025-06-11 13:55:18.882 | INFO | SimpleStrategy | combined: 收到行情, FG508P870.CZCE
2025-06-11 13:55:18.882 | INFO | SimpleStrategy | combined: 收到行情, FG508P870.CZCE
2025-06-11 13:55:18.882 | INFO | SimpleStrategy | combined: 收到行情, FG508P880.CZCE
2025-06-11 13:55:18.882 | INFO | SimpleStrategy | combined: 收到行情, FG508P880.CZCE
2025-06-11 13:55:18.882 | INFO | SimpleStrategy | combined: 收到行情, FG508P890.CZCE
2025-06-11 13:55:18.882 | INFO | SimpleStrategy | combined: 收到行情, FG508P890.CZCE
2025-06-11 13:55:18.882 | INFO | SimpleStrategy | combined: 收到行情, FG508P900.CZCE
2025-06-11 13:55:18.882 | INFO | SimpleStrategy | combined: 收到行情, FG508P900.CZCE
2025-06-11 13:55:18.883 | INFO | SimpleStrategy | combined: 收到行情, FG508P910.CZCE
2025-06-11 13:55:18.883 | INFO | SimpleStrategy | combined: 收到行情, FG508P910.CZCE
2025-06-11 13:55:18.883 | INFO | SimpleStrategy | combined: 收到行情, FG508P920.CZCE
2025-06-11 13:55:18.883 | INFO | SimpleStrategy | combined: 收到行情, FG508P920.CZCE
2025-06-11 13:55:18.883 | INFO | SimpleStrategy | combined: 收到行情, FG508P930.CZCE
2025-06-11 13:55:18.884 | INFO | SimpleStrategy | combined: 收到行情, FG508P930.CZCE
2025-06-11 13:55:18.884 | INFO | SimpleStrategy | combined: 收到行情, FG508P940.CZCE
2025-06-11 13:55:18.884 | INFO | SimpleStrategy | combined: 收到行情, FG508P940.CZCE
2025-06-11 13:55:18.884 | INFO | SimpleStrategy | combined: 收到行情, FG508P950.CZCE
2025-06-11 13:55:18.884 | INFO | SimpleStrategy | combined: 收到行情, FG508P950.CZCE
2025-06-11 13:55:18.884 | INFO | SimpleStrategy | combined: 收到行情, FG508P960.CZCE
2025-06-11 13:55:18.884 | INFO | SimpleStrategy | combined: 收到行情, FG508P960.CZCE
2025-06-11 13:55:18.884 | INFO | SimpleStrategy | combined: 收到行情, FG508P970.CZCE
2025-06-11 13:55:18.884 | INFO | SimpleStrategy | combined: 收到行情, FG508P970.CZCE
2025-06-11 13:55:18.884 | INFO | SimpleStrategy | combined: 收到行情, FG508P980.CZCE
2025-06-11 13:55:18.884 | INFO | SimpleStrategy | combined: 收到行情, FG508P980.CZCE
2025-06-11 13:55:18.884 | INFO | SimpleStrategy | combined: 收到行情, FG508P990.CZCE
2025-06-11 13:55:18.884 | INFO | SimpleStrategy | combined: 收到行情, FG508P990.CZCE
2025-06-11 13:55:18.884 | INFO | SimpleStrategy | combined: 收到行情, MA507C1975.CZCE
2025-06-11 13:55:18.884 | INFO | SimpleStrategy | combined: 收到行情, MA507C1975.CZCE
2025-06-11 13:55:18.884 | INFO | SimpleStrategy | combined: 收到行情, MA507C2000.CZCE
2025-06-11 13:55:18.884 | INFO | SimpleStrategy | combined: 收到行情, MA507C2000.CZCE
2025-06-11 13:55:18.884 | INFO | SimpleStrategy | combined: 收到行情, MA507C2025.CZCE
2025-06-11 13:55:18.884 | INFO | SimpleStrategy | combined: 收到行情, MA507C2025.CZCE
2025-06-11 13:55:18.884 | INFO | SimpleStrategy | combined: 收到行情, MA507C2050.CZCE
2025-06-11 13:55:18.884 | INFO | SimpleStrategy | combined: 收到行情, MA507C2050.CZCE
2025-06-11 13:55:18.885 | INFO | SimpleStrategy | combined: 收到行情, MA507C2075.CZCE
2025-06-11 13:55:18.885 | INFO | SimpleStrategy | combined: 收到行情, MA507C2075.CZCE
2025-06-11 13:55:18.885 | INFO | SimpleStrategy | combined: 收到行情, MA507C2100.CZCE
2025-06-11 13:55:18.885 | INFO | SimpleStrategy | combined: 收到行情, MA507C2100.CZCE
2025-06-11 13:55:18.885 | INFO | SimpleStrategy | combined: 收到行情, MA507C2125.CZCE
2025-06-11 13:55:18.885 | INFO | SimpleStrategy | combined: 收到行情, MA507C2125.CZCE
2025-06-11 13:55:18.885 | INFO | SimpleStrategy | combined: 收到行情, MA507C2150.CZCE
2025-06-11 13:55:18.885 | INFO | SimpleStrategy | combined: 收到行情, MA507C2150.CZCE
2025-06-11 13:55:18.885 | INFO | SimpleStrategy | combined: 收到行情, MA507C2175.CZCE
2025-06-11 13:55:18.885 | INFO | SimpleStrategy | combined: 收到行情, MA507C2175.CZCE
2025-06-11 13:55:18.885 | INFO | SimpleStrategy | combined: 收到行情, MA507C2200.CZCE
2025-06-11 13:55:18.886 | INFO | SimpleStrategy | combined: 收到行情, MA507C2200.CZCE
2025-06-11 13:55:18.886 | INFO | SimpleStrategy | combined: 收到行情, MA507C2225.CZCE
2025-06-11 13:55:18.886 | INFO | SimpleStrategy | combined: 收到行情, MA507C2225.CZCE
2025-06-11 13:55:18.886 | INFO | SimpleStrategy | combined: 收到行情, MA507C2250.CZCE
2025-06-11 13:55:18.886 | INFO | SimpleStrategy | combined: 收到行情, MA507C2250.CZCE
2025-06-11 13:55:18.886 | INFO | SimpleStrategy | combined: 收到行情, MA507C2275.CZCE
2025-06-11 13:55:18.886 | INFO | SimpleStrategy | combined: 收到行情, MA507C2275.CZCE
2025-06-11 13:55:18.886 | INFO | SimpleStrategy | combined: 收到行情, MA507C2300.CZCE
2025-06-11 13:55:18.886 | INFO | SimpleStrategy | combined: 收到行情, MA507C2300.CZCE
2025-06-11 13:55:18.886 | INFO | SimpleStrategy | combined: 收到行情, MA507C2325.CZCE
2025-06-11 13:55:18.886 | INFO | SimpleStrategy | combined: 收到行情, MA507C2325.CZCE
2025-06-11 13:55:18.887 | INFO | SimpleStrategy | combined: 收到行情, MA507C2350.CZCE
2025-06-11 13:55:18.887 | INFO | SimpleStrategy | combined: 收到行情, MA507C2350.CZCE
2025-06-11 13:55:18.887 | INFO | SimpleStrategy | combined: 收到行情, MA507C2375.CZCE
2025-06-11 13:55:18.887 | INFO | SimpleStrategy | combined: 收到行情, MA507C2375.CZCE
2025-06-11 13:55:18.887 | INFO | SimpleStrategy | combined: 收到行情, MA507C2400.CZCE
2025-06-11 13:55:18.887 | INFO | SimpleStrategy | combined: 收到行情, MA507C2400.CZCE
2025-06-11 13:55:18.887 | INFO | SimpleStrategy | combined: 收到行情, MA507C2425.CZCE
2025-06-11 13:55:18.888 | INFO | SimpleStrategy | combined: 收到行情, MA507C2425.CZCE
2025-06-11 13:55:18.888 | INFO | SimpleStrategy | combined: 收到行情, MA507C2450.CZCE
2025-06-11 13:55:18.888 | INFO | SimpleStrategy | combined: 收到行情, MA507C2450.CZCE
2025-06-11 13:55:18.888 | INFO | SimpleStrategy | combined: 收到行情, MA507C2475.CZCE
2025-06-11 13:55:18.888 | INFO | SimpleStrategy | combined: 收到行情, MA507C2475.CZCE
2025-06-11 13:55:18.888 | INFO | SimpleStrategy | combined: 收到行情, MA507C2500.CZCE
2025-06-11 13:55:18.888 | INFO | SimpleStrategy | combined: 收到行情, MA507C2500.CZCE
2025-06-11 13:55:18.888 | INFO | SimpleStrategy | combined: 收到行情, MA507C2550.CZCE
2025-06-11 13:55:18.888 | INFO | SimpleStrategy | combined: 收到行情, MA507C2550.CZCE
2025-06-11 13:55:18.888 | INFO | SimpleStrategy | combined: 收到行情, MA507C2600.CZCE
2025-06-11 13:55:18.888 | INFO | SimpleStrategy | combined: 收到行情, MA507C2600.CZCE
2025-06-11 13:55:18.888 | INFO | SimpleStrategy | combined: 收到行情, MA507C2650.CZCE
2025-06-11 13:55:18.888 | INFO | SimpleStrategy | combined: 收到行情, MA507C2650.CZCE
2025-06-11 13:55:18.888 | INFO | SimpleStrategy | combined: 收到行情, MA507P1975.CZCE
2025-06-11 13:55:18.888 | INFO | SimpleStrategy | combined: 收到行情, MA507P1975.CZCE
2025-06-11 13:55:18.888 | INFO | SimpleStrategy | combined: 收到行情, MA507P2000.CZCE
2025-06-11 13:55:18.888 | INFO | SimpleStrategy | combined: 收到行情, MA507P2000.CZCE
2025-06-11 13:55:18.888 | INFO | SimpleStrategy | combined: 收到行情, MA507P2025.CZCE
2025-06-11 13:55:18.888 | INFO | SimpleStrategy | combined: 收到行情, MA507P2025.CZCE
2025-06-11 13:55:18.888 | INFO | SimpleStrategy | combined: 收到行情, MA507P2050.CZCE
2025-06-11 13:55:18.888 | INFO | SimpleStrategy | combined: 收到行情, MA507P2050.CZCE
2025-06-11 13:55:18.888 | INFO | SimpleStrategy | combined: 收到行情, MA507P2075.CZCE
2025-06-11 13:55:18.888 | INFO | SimpleStrategy | combined: 收到行情, MA507P2075.CZCE
2025-06-11 13:55:18.889 | INFO | SimpleStrategy | combined: 收到行情, MA507P2100.CZCE
2025-06-11 13:55:18.889 | INFO | SimpleStrategy | combined: 收到行情, MA507P2100.CZCE
2025-06-11 13:55:18.889 | INFO | SimpleStrategy | combined: 收到行情, MA507P2125.CZCE
2025-06-11 13:55:18.889 | INFO | SimpleStrategy | combined: 收到行情, MA507P2125.CZCE
2025-06-11 13:55:18.889 | INFO | SimpleStrategy | combined: 收到行情, MA507P2150.CZCE
2025-06-11 13:55:18.889 | INFO | SimpleStrategy | combined: 收到行情, MA507P2150.CZCE
2025-06-11 13:55:18.889 | INFO | SimpleStrategy | combined: 收到行情, MA507P2175.CZCE
2025-06-11 13:55:18.889 | INFO | SimpleStrategy | combined: 收到行情, MA507P2175.CZCE
2025-06-11 13:55:18.890 | INFO | SimpleStrategy | combined: 收到行情, MA507P2200.CZCE
2025-06-11 13:55:18.890 | INFO | SimpleStrategy | combined: 收到行情, MA507P2200.CZCE
2025-06-11 13:55:18.890 | INFO | SimpleStrategy | combined: 收到行情, MA507P2225.CZCE
2025-06-11 13:55:18.890 | INFO | SimpleStrategy | combined: 收到行情, MA507P2225.CZCE
2025-06-11 13:55:18.890 | INFO | SimpleStrategy | combined: 收到行情, MA507P2250.CZCE
2025-06-11 13:55:18.890 | INFO | SimpleStrategy | combined: 收到行情, MA507P2250.CZCE
2025-06-11 13:55:18.890 | INFO | SimpleStrategy | combined: 收到行情, MA507P2275.CZCE
2025-06-11 13:55:18.890 | INFO | SimpleStrategy | combined: 收到行情, MA507P2275.CZCE
2025-06-11 13:55:18.890 | INFO | SimpleStrategy | combined: 收到行情, MA507P2300.CZCE
2025-06-11 13:55:18.890 | INFO | SimpleStrategy | combined: 收到行情, MA507P2300.CZCE
2025-06-11 13:55:18.891 | INFO | SimpleStrategy | combined: 收到行情, MA507P2325.CZCE
2025-06-11 13:55:18.891 | INFO | SimpleStrategy | combined: 收到行情, MA507P2325.CZCE
2025-06-11 13:55:18.891 | INFO | SimpleStrategy | combined: 收到行情, MA507P2350.CZCE
2025-06-11 13:55:18.891 | INFO | SimpleStrategy | combined: 收到行情, MA507P2350.CZCE
2025-06-11 13:55:18.891 | INFO | SimpleStrategy | combined: 收到行情, MA507P2375.CZCE
2025-06-11 13:55:18.891 | INFO | SimpleStrategy | combined: 收到行情, MA507P2375.CZCE
2025-06-11 13:55:18.891 | INFO | SimpleStrategy | combined: 收到行情, MA507P2400.CZCE
2025-06-11 13:55:18.891 | INFO | SimpleStrategy | combined: 收到行情, MA507P2400.CZCE
2025-06-11 13:55:18.891 | INFO | SimpleStrategy | combined: 收到行情, MA507P2425.CZCE
2025-06-11 13:55:18.891 | INFO | SimpleStrategy | combined: 收到行情, MA507P2425.CZCE
2025-06-11 13:55:18.891 | INFO | SimpleStrategy | combined: 收到行情, MA507P2450.CZCE
2025-06-11 13:55:18.891 | INFO | SimpleStrategy | combined: 收到行情, MA507P2450.CZCE
2025-06-11 13:55:18.891 | INFO | SimpleStrategy | combined: 收到行情, MA507P2475.CZCE
2025-06-11 13:55:18.892 | INFO | SimpleStrategy | combined: 收到行情, MA507P2475.CZCE
2025-06-11 13:55:18.892 | INFO | SimpleStrategy | combined: 收到行情, MA507P2500.CZCE
2025-06-11 13:55:18.892 | INFO | SimpleStrategy | combined: 收到行情, MA507P2500.CZCE
2025-06-11 13:55:18.892 | INFO | SimpleStrategy | combined: 收到行情, MA507P2550.CZCE
2025-06-11 13:55:18.892 | INFO | SimpleStrategy | combined: 收到行情, MA507P2550.CZCE
2025-06-11 13:55:18.892 | INFO | SimpleStrategy | combined: 收到行情, MA507P2600.CZCE
2025-06-11 13:55:18.892 | INFO | SimpleStrategy | combined: 收到行情, MA507P2600.CZCE
2025-06-11 13:55:18.892 | INFO | SimpleStrategy | combined: 收到行情, MA507P2650.CZCE
2025-06-11 13:55:18.892 | INFO | SimpleStrategy | combined: 收到行情, MA507P2650.CZCE
2025-06-11 13:55:18.892 | INFO | SimpleStrategy | combined: 收到行情, MA508C1950.CZCE
2025-06-11 13:55:18.892 | INFO | SimpleStrategy | combined: 收到行情, MA508C1950.CZCE
2025-06-11 13:55:18.892 | INFO | SimpleStrategy | combined: 收到行情, MA508C1975.CZCE
2025-06-11 13:55:18.892 | INFO | SimpleStrategy | combined: 收到行情, MA508C1975.CZCE
2025-06-11 13:55:18.892 | INFO | SimpleStrategy | combined: 收到行情, MA508C2000.CZCE
2025-06-11 13:55:18.892 | INFO | SimpleStrategy | combined: 收到行情, MA508C2000.CZCE
2025-06-11 13:55:18.892 | INFO | SimpleStrategy | combined: 收到行情, MA508C2025.CZCE
2025-06-11 13:55:18.893 | INFO | SimpleStrategy | combined: 收到行情, MA508C2025.CZCE
2025-06-11 13:55:18.893 | INFO | SimpleStrategy | combined: 收到行情, MA508C2050.CZCE
2025-06-11 13:55:18.893 | INFO | SimpleStrategy | combined: 收到行情, MA508C2050.CZCE
2025-06-11 13:55:18.893 | INFO | SimpleStrategy | combined: 收到行情, MA508C2075.CZCE
2025-06-11 13:55:18.893 | INFO | SimpleStrategy | combined: 收到行情, MA508C2075.CZCE
2025-06-11 13:55:18.893 | INFO | SimpleStrategy | combined: 收到行情, MA508C2100.CZCE
2025-06-11 13:55:18.893 | INFO | SimpleStrategy | combined: 收到行情, MA508C2100.CZCE
2025-06-11 13:55:18.893 | INFO | SimpleStrategy | combined: 收到行情, MA508C2125.CZCE
2025-06-11 13:55:18.893 | INFO | SimpleStrategy | combined: 收到行情, MA508C2125.CZCE
2025-06-11 13:55:18.893 | INFO | SimpleStrategy | combined: 收到行情, MA508C2150.CZCE
2025-06-11 13:55:18.893 | INFO | SimpleStrategy | combined: 收到行情, MA508C2150.CZCE
2025-06-11 13:55:18.893 | INFO | SimpleStrategy | combined: 收到行情, MA508C2175.CZCE
2025-06-11 13:55:18.893 | INFO | SimpleStrategy | combined: 收到行情, MA508C2175.CZCE
2025-06-11 13:55:18.893 | INFO | SimpleStrategy | combined: 收到行情, MA508C2200.CZCE
2025-06-11 13:55:18.893 | INFO | SimpleStrategy | combined: 收到行情, MA508C2200.CZCE
2025-06-11 13:55:18.893 | INFO | SimpleStrategy | combined: 收到行情, MA508C2225.CZCE
2025-06-11 13:55:18.894 | INFO | SimpleStrategy | combined: 收到行情, MA508C2225.CZCE
2025-06-11 13:55:18.894 | INFO | SimpleStrategy | combined: 收到行情, MA508C2250.CZCE
2025-06-11 13:55:18.894 | INFO | SimpleStrategy | combined: 收到行情, MA508C2250.CZCE
2025-06-11 13:55:18.894 | INFO | SimpleStrategy | combined: 收到行情, MA508C2275.CZCE
2025-06-11 13:55:18.894 | INFO | SimpleStrategy | combined: 收到行情, MA508C2275.CZCE
2025-06-11 13:55:18.894 | INFO | SimpleStrategy | combined: 收到行情, MA508C2300.CZCE
2025-06-11 13:55:18.894 | INFO | SimpleStrategy | combined: 收到行情, MA508C2300.CZCE
2025-06-11 13:55:18.894 | INFO | SimpleStrategy | combined: 收到行情, MA508C2325.CZCE
2025-06-11 13:55:18.894 | INFO | SimpleStrategy | combined: 收到行情, MA508C2325.CZCE
2025-06-11 13:55:18.894 | INFO | SimpleStrategy | combined: 收到行情, MA508C2350.CZCE
2025-06-11 13:55:18.894 | INFO | SimpleStrategy | combined: 收到行情, MA508C2350.CZCE
2025-06-11 13:55:18.894 | INFO | SimpleStrategy | combined: 收到行情, MA508C2375.CZCE
2025-06-11 13:55:18.894 | INFO | SimpleStrategy | combined: 收到行情, MA508C2375.CZCE
2025-06-11 13:55:18.895 | INFO | SimpleStrategy | combined: 收到行情, MA508C2400.CZCE
2025-06-11 13:55:18.895 | INFO | SimpleStrategy | combined: 收到行情, MA508C2400.CZCE
2025-06-11 13:55:18.895 | INFO | SimpleStrategy | combined: 收到行情, MA508C2425.CZCE
2025-06-11 13:55:18.895 | INFO | SimpleStrategy | combined: 收到行情, MA508C2425.CZCE
2025-06-11 13:55:18.895 | INFO | SimpleStrategy | combined: 收到行情, MA508C2450.CZCE
2025-06-11 13:55:18.895 | INFO | SimpleStrategy | combined: 收到行情, MA508C2450.CZCE
2025-06-11 13:55:18.895 | INFO | SimpleStrategy | combined: 收到行情, MA508C2475.CZCE
2025-06-11 13:55:18.895 | INFO | SimpleStrategy | combined: 收到行情, MA508C2475.CZCE
2025-06-11 13:55:18.895 | INFO | SimpleStrategy | combined: 收到行情, MA508C2500.CZCE
2025-06-11 13:55:18.895 | INFO | SimpleStrategy | combined: 收到行情, MA508C2500.CZCE
2025-06-11 13:55:18.895 | INFO | SimpleStrategy | combined: 收到行情, MA508C2550.CZCE
2025-06-11 13:55:18.895 | INFO | SimpleStrategy | combined: 收到行情, MA508C2550.CZCE
2025-06-11 13:55:18.895 | INFO | SimpleStrategy | combined: 收到行情, MA508C2600.CZCE
2025-06-11 13:55:18.895 | INFO | SimpleStrategy | combined: 收到行情, MA508C2600.CZCE
2025-06-11 13:55:18.895 | INFO | SimpleStrategy | combined: 收到行情, MA508P1950.CZCE
2025-06-11 13:55:18.896 | INFO | SimpleStrategy | combined: 收到行情, MA508P1950.CZCE
2025-06-11 13:55:18.896 | INFO | SimpleStrategy | combined: 收到行情, MA508P1975.CZCE
2025-06-11 13:55:18.896 | INFO | SimpleStrategy | combined: 收到行情, MA508P1975.CZCE
2025-06-11 13:55:18.896 | INFO | SimpleStrategy | combined: 收到行情, MA508P2000.CZCE
2025-06-11 13:55:18.896 | INFO | SimpleStrategy | combined: 收到行情, MA508P2000.CZCE
2025-06-11 13:55:18.896 | INFO | SimpleStrategy | combined: 收到行情, MA508P2025.CZCE
2025-06-11 13:55:18.896 | INFO | SimpleStrategy | combined: 收到行情, MA508P2025.CZCE
2025-06-11 13:55:18.896 | INFO | SimpleStrategy | combined: 收到行情, MA508P2050.CZCE
2025-06-11 13:55:18.896 | INFO | SimpleStrategy | combined: 收到行情, MA508P2050.CZCE
2025-06-11 13:55:18.896 | INFO | SimpleStrategy | combined: 收到行情, MA508P2075.CZCE
2025-06-11 13:55:18.896 | INFO | SimpleStrategy | combined: 收到行情, MA508P2075.CZCE
2025-06-11 13:55:18.896 | INFO | SimpleStrategy | combined: 收到行情, MA508P2100.CZCE
2025-06-11 13:55:18.896 | INFO | SimpleStrategy | combined: 收到行情, MA508P2100.CZCE
2025-06-11 13:55:18.896 | INFO | SimpleStrategy | combined: 收到行情, MA508P2125.CZCE
2025-06-11 13:55:18.896 | INFO | SimpleStrategy | combined: 收到行情, MA508P2125.CZCE
2025-06-11 13:55:18.896 | INFO | SimpleStrategy | combined: 收到行情, MA508P2150.CZCE
2025-06-11 13:55:18.896 | INFO | SimpleStrategy | combined: 收到行情, MA508P2150.CZCE
2025-06-11 13:55:18.896 | INFO | SimpleStrategy | combined: 收到行情, MA508P2175.CZCE
2025-06-11 13:55:18.896 | INFO | SimpleStrategy | combined: 收到行情, MA508P2175.CZCE
2025-06-11 13:55:18.896 | INFO | SimpleStrategy | combined: 收到行情, MA508P2200.CZCE
2025-06-11 13:55:18.896 | INFO | SimpleStrategy | combined: 收到行情, MA508P2200.CZCE
2025-06-11 13:55:18.897 | INFO | SimpleStrategy | combined: 收到行情, MA508P2225.CZCE
2025-06-11 13:55:18.897 | INFO | SimpleStrategy | combined: 收到行情, MA508P2225.CZCE
2025-06-11 13:55:18.897 | INFO | SimpleStrategy | combined: 收到行情, MA508P2250.CZCE
2025-06-11 13:55:18.897 | INFO | SimpleStrategy | combined: 收到行情, MA508P2250.CZCE
2025-06-11 13:55:18.897 | INFO | SimpleStrategy | combined: 收到行情, MA508P2275.CZCE
2025-06-11 13:55:18.897 | INFO | SimpleStrategy | combined: 收到行情, MA508P2275.CZCE
2025-06-11 13:55:18.897 | INFO | SimpleStrategy | combined: 收到行情, MA508P2300.CZCE
2025-06-11 13:55:18.897 | INFO | SimpleStrategy | combined: 收到行情, MA508P2300.CZCE
2025-06-11 13:55:18.897 | INFO | SimpleStrategy | combined: 收到行情, MA508P2325.CZCE
2025-06-11 13:55:18.897 | INFO | SimpleStrategy | combined: 收到行情, MA508P2325.CZCE
2025-06-11 13:55:18.897 | INFO | SimpleStrategy | combined: 收到行情, MA508P2350.CZCE
2025-06-11 13:55:18.897 | INFO | SimpleStrategy | combined: 收到行情, MA508P2350.CZCE
2025-06-11 13:55:18.897 | INFO | SimpleStrategy | combined: 收到行情, MA508P2375.CZCE
2025-06-11 13:55:18.897 | INFO | SimpleStrategy | combined: 收到行情, MA508P2375.CZCE
2025-06-11 13:55:18.897 | INFO | SimpleStrategy | combined: 收到行情, MA508P2400.CZCE
2025-06-11 13:55:18.897 | INFO | SimpleStrategy | combined: 收到行情, MA508P2400.CZCE
2025-06-11 13:55:18.898 | INFO | SimpleStrategy | combined: 收到行情, MA508P2425.CZCE
2025-06-11 13:55:18.898 | INFO | SimpleStrategy | combined: 收到行情, MA508P2425.CZCE
2025-06-11 13:55:18.898 | INFO | SimpleStrategy | combined: 收到行情, MA508P2450.CZCE
2025-06-11 13:55:18.898 | INFO | SimpleStrategy | combined: 收到行情, MA508P2450.CZCE
2025-06-11 13:55:18.898 | INFO | SimpleStrategy | combined: 收到行情, MA508P2475.CZCE
2025-06-11 13:55:18.898 | INFO | SimpleStrategy | combined: 收到行情, MA508P2475.CZCE
2025-06-11 13:55:18.898 | INFO | SimpleStrategy | combined: 收到行情, MA508P2500.CZCE
2025-06-11 13:55:18.898 | INFO | SimpleStrategy | combined: 收到行情, MA508P2500.CZCE
2025-06-11 13:55:18.898 | INFO | SimpleStrategy | combined: 收到行情, MA508P2550.CZCE
2025-06-11 13:55:18.898 | INFO | SimpleStrategy | combined: 收到行情, MA508P2550.CZCE
2025-06-11 13:55:18.898 | INFO | SimpleStrategy | combined: 收到行情, MA508P2600.CZCE
2025-06-11 13:55:18.898 | INFO | SimpleStrategy | combined: 收到行情, MA508P2600.CZCE
2025-06-11 13:55:18.898 | INFO | SimpleStrategy | combined: 收到行情, OI507C10000.CZCE
2025-06-11 13:55:18.898 | INFO | SimpleStrategy | combined: 收到行情, OI507C10000.CZCE
2025-06-11 13:55:18.898 | INFO | SimpleStrategy | combined: 收到行情, OI507C10200.CZCE
2025-06-11 13:55:18.899 | INFO | SimpleStrategy | combined: 收到行情, OI507C10200.CZCE
2025-06-11 13:55:18.899 | INFO | SimpleStrategy | combined: 收到行情, OI507C10400.CZCE
2025-06-11 13:55:18.899 | INFO | SimpleStrategy | combined: 收到行情, OI507C10400.CZCE
2025-06-11 13:55:18.899 | INFO | SimpleStrategy | combined: 收到行情, OI507C10600.CZCE
2025-06-11 13:55:18.899 | INFO | SimpleStrategy | combined: 收到行情, OI507C10600.CZCE
2025-06-11 13:55:18.899 | INFO | SimpleStrategy | combined: 收到行情, OI507C10800.CZCE
2025-06-11 13:55:18.899 | INFO | SimpleStrategy | combined: 收到行情, OI507C10800.CZCE
2025-06-11 13:55:18.899 | INFO | SimpleStrategy | combined: 收到行情, OI507C11000.CZCE
2025-06-11 13:55:18.899 | INFO | SimpleStrategy | combined: 收到行情, OI507C11000.CZCE
2025-06-11 13:55:18.899 | INFO | SimpleStrategy | combined: 收到行情, OI507C7900.CZCE
2025-06-11 13:55:18.899 | INFO | SimpleStrategy | combined: 收到行情, OI507C7900.CZCE
2025-06-11 13:55:18.899 | INFO | SimpleStrategy | combined: 收到行情, OI507C8000.CZCE
2025-06-11 13:55:18.899 | INFO | SimpleStrategy | combined: 收到行情, OI507C8000.CZCE
2025-06-11 13:55:19.203 | INFO | SimpleStrategy | combined: 收到行情, OI507C8100.CZCE
2025-06-11 13:55:19.241 | INFO | SimpleStrategy | combined: 收到行情, OI507C8100.CZCE
2025-06-11 13:55:19.248 | INFO | SimpleStrategy | combined: 收到行情, OI507C8200.CZCE
2025-06-11 13:55:19.260 | INFO | SimpleStrategy | combined: 收到行情, OI507C8200.CZCE
2025-06-11 13:55:19.302 | INFO | SimpleStrategy | combined: 收到行情, OI507C8300.CZCE
2025-06-11 13:55:19.303 | INFO | SimpleStrategy | combined: 收到行情, OI507C8300.CZCE
2025-06-11 13:55:19.303 | INFO | SimpleStrategy | combined: 收到行情, OI507C8400.CZCE
2025-06-11 13:55:19.303 | INFO | SimpleStrategy | combined: 收到行情, OI507C8400.CZCE
2025-06-11 13:55:19.303 | INFO | SimpleStrategy | combined: 收到行情, OI507C8500.CZCE
2025-06-11 13:55:19.303 | INFO | SimpleStrategy | combined: 收到行情, OI507C8500.CZCE
2025-06-11 13:55:19.303 | INFO | SimpleStrategy | combined: 收到行情, OI507C8600.CZCE
2025-06-11 13:55:19.303 | INFO | SimpleStrategy | combined: 收到行情, OI507C8600.CZCE
2025-06-11 13:55:19.304 | INFO | SimpleStrategy | combined: 收到行情, OI507C8700.CZCE
2025-06-11 13:55:19.304 | INFO | SimpleStrategy | combined: 收到行情, OI507C8700.CZCE
2025-06-11 13:55:19.304 | INFO | SimpleStrategy | combined: 收到行情, OI507C8800.CZCE
2025-06-11 13:55:19.304 | INFO | SimpleStrategy | combined: 收到行情, OI507C8800.CZCE
2025-06-11 13:55:19.305 | INFO | SimpleStrategy | combined: 收到行情, OI507C8900.CZCE
2025-06-11 13:55:19.305 | INFO | SimpleStrategy | combined: 收到行情, OI507C8900.CZCE
2025-06-11 13:55:19.305 | INFO | SimpleStrategy | combined: 收到行情, OI507C9000.CZCE
2025-06-11 13:55:19.305 | INFO | SimpleStrategy | combined: 收到行情, OI507C9000.CZCE
2025-06-11 13:55:19.305 | INFO | SimpleStrategy | combined: 收到行情, OI507C9100.CZCE
2025-06-11 13:55:19.305 | INFO | SimpleStrategy | combined: 收到行情, OI507C9100.CZCE
2025-06-11 13:55:19.305 | INFO | SimpleStrategy | combined: 收到行情, OI507C9200.CZCE
2025-06-11 13:55:19.305 | INFO | SimpleStrategy | combined: 收到行情, OI507C9200.CZCE
2025-06-11 13:55:19.305 | INFO | SimpleStrategy | combined: 收到行情, OI507C9300.CZCE
2025-06-11 13:55:19.305 | INFO | SimpleStrategy | combined: 收到行情, OI507C9300.CZCE
2025-06-11 13:55:19.305 | INFO | SimpleStrategy | combined: 收到行情, OI507C9400.CZCE
2025-06-11 13:55:19.306 | INFO | SimpleStrategy | combined: 收到行情, OI507C9400.CZCE
2025-06-11 13:55:19.306 | INFO | SimpleStrategy | combined: 收到行情, OI507C9500.CZCE
2025-06-11 13:55:19.306 | INFO | SimpleStrategy | combined: 收到行情, OI507C9500.CZCE
2025-06-11 13:55:19.306 | INFO | SimpleStrategy | combined: 收到行情, OI507C9600.CZCE
2025-06-11 13:55:19.306 | INFO | SimpleStrategy | combined: 收到行情, OI507C9600.CZCE
2025-06-11 13:55:19.306 | INFO | SimpleStrategy | combined: 收到行情, OI507C9700.CZCE
2025-06-11 13:55:19.306 | INFO | SimpleStrategy | combined: 收到行情, OI507C9700.CZCE
2025-06-11 13:55:19.306 | INFO | SimpleStrategy | combined: 收到行情, OI507C9800.CZCE
2025-06-11 13:55:19.306 | INFO | SimpleStrategy | combined: 收到行情, OI507C9800.CZCE
2025-06-11 13:55:19.306 | INFO | SimpleStrategy | combined: 收到行情, OI507C9900.CZCE
2025-06-11 13:55:19.306 | INFO | SimpleStrategy | combined: 收到行情, OI507C9900.CZCE
2025-06-11 13:55:19.306 | INFO | SimpleStrategy | combined: 收到行情, OI507P10000.CZCE
2025-06-11 13:55:19.306 | INFO | SimpleStrategy | combined: 收到行情, OI507P10000.CZCE
2025-06-11 13:55:19.306 | INFO | SimpleStrategy | combined: 收到行情, OI507P10200.CZCE
2025-06-11 13:55:19.306 | INFO | SimpleStrategy | combined: 收到行情, OI507P10200.CZCE
2025-06-11 13:55:19.306 | INFO | SimpleStrategy | combined: 收到行情, OI507P10400.CZCE
2025-06-11 13:55:19.307 | INFO | SimpleStrategy | combined: 收到行情, OI507P10400.CZCE
2025-06-11 13:55:19.307 | INFO | SimpleStrategy | combined: 收到行情, OI507P10600.CZCE
2025-06-11 13:55:19.307 | INFO | SimpleStrategy | combined: 收到行情, OI507P10600.CZCE
2025-06-11 13:55:19.307 | INFO | SimpleStrategy | combined: 收到行情, OI507P10800.CZCE
2025-06-11 13:55:19.307 | INFO | SimpleStrategy | combined: 收到行情, OI507P10800.CZCE
2025-06-11 13:55:19.307 | INFO | SimpleStrategy | combined: 收到行情, OI507P11000.CZCE
2025-06-11 13:55:19.307 | INFO | SimpleStrategy | combined: 收到行情, OI507P11000.CZCE
2025-06-11 13:55:19.307 | INFO | SimpleStrategy | combined: 收到行情, OI507P7900.CZCE
2025-06-11 13:55:19.307 | INFO | SimpleStrategy | combined: 收到行情, OI507P7900.CZCE
2025-06-11 13:55:19.307 | INFO | SimpleStrategy | combined: 收到行情, OI507P8000.CZCE
2025-06-11 13:55:19.307 | INFO | SimpleStrategy | combined: 收到行情, OI507P8000.CZCE
2025-06-11 13:55:19.307 | INFO | SimpleStrategy | combined: 收到行情, OI507P8100.CZCE
2025-06-11 13:55:19.307 | INFO | SimpleStrategy | combined: 收到行情, OI507P8100.CZCE
2025-06-11 13:55:19.307 | INFO | SimpleStrategy | combined: 收到行情, OI507P8200.CZCE
2025-06-11 13:55:19.308 | INFO | SimpleStrategy | combined: 收到行情, OI507P8200.CZCE
2025-06-11 13:55:19.308 | INFO | SimpleStrategy | combined: 收到行情, OI507P8300.CZCE
2025-06-11 13:55:19.308 | INFO | SimpleStrategy | combined: 收到行情, OI507P8300.CZCE
2025-06-11 13:55:19.308 | INFO | SimpleStrategy | combined: 收到行情, OI507P8400.CZCE
2025-06-11 13:55:19.308 | INFO | SimpleStrategy | combined: 收到行情, OI507P8400.CZCE
2025-06-11 13:55:19.308 | INFO | SimpleStrategy | combined: 收到行情, OI507P8500.CZCE
2025-06-11 13:55:19.308 | INFO | SimpleStrategy | combined: 收到行情, OI507P8500.CZCE
2025-06-11 13:55:19.308 | INFO | SimpleStrategy | combined: 收到行情, OI507P8600.CZCE
2025-06-11 13:55:19.308 | INFO | SimpleStrategy | combined: 收到行情, OI507P8600.CZCE
2025-06-11 13:55:19.308 | INFO | SimpleStrategy | combined: 收到行情, OI507P8700.CZCE
2025-06-11 13:55:19.308 | INFO | SimpleStrategy | combined: 收到行情, OI507P8700.CZCE
2025-06-11 13:55:19.309 | INFO | SimpleStrategy | combined: 收到行情, OI507P8800.CZCE
2025-06-11 13:55:19.309 | INFO | SimpleStrategy | combined: 收到行情, OI507P8800.CZCE
2025-06-11 13:55:19.309 | INFO | SimpleStrategy | combined: 收到行情, OI507P8900.CZCE
2025-06-11 13:55:19.309 | INFO | SimpleStrategy | combined: 收到行情, OI507P8900.CZCE
2025-06-11 13:55:19.309 | INFO | SimpleStrategy | combined: 收到行情, OI507P9000.CZCE
2025-06-11 13:55:19.309 | INFO | SimpleStrategy | combined: 收到行情, OI507P9000.CZCE
2025-06-11 13:55:19.309 | INFO | SimpleStrategy | combined: 收到行情, OI507P9100.CZCE
2025-06-11 13:55:19.309 | INFO | SimpleStrategy | combined: 收到行情, OI507P9100.CZCE
2025-06-11 13:55:19.309 | INFO | SimpleStrategy | combined: 收到行情, OI507P9200.CZCE
2025-06-11 13:55:19.309 | INFO | SimpleStrategy | combined: 收到行情, OI507P9200.CZCE
2025-06-11 13:55:19.309 | INFO | SimpleStrategy | combined: 收到行情, OI507P9300.CZCE
2025-06-11 13:55:19.309 | INFO | SimpleStrategy | combined: 收到行情, OI507P9300.CZCE
2025-06-11 13:55:19.309 | INFO | SimpleStrategy | combined: 收到行情, OI507P9400.CZCE
2025-06-11 13:55:19.310 | INFO | SimpleStrategy | combined: 收到行情, OI507P9400.CZCE
2025-06-11 13:55:19.310 | INFO | SimpleStrategy | combined: 收到行情, OI507P9500.CZCE
2025-06-11 13:55:19.310 | INFO | SimpleStrategy | combined: 收到行情, OI507P9500.CZCE
2025-06-11 13:55:19.310 | INFO | SimpleStrategy | combined: 收到行情, OI507P9600.CZCE
2025-06-11 13:55:19.310 | INFO | SimpleStrategy | combined: 收到行情, OI507P9600.CZCE
2025-06-11 13:55:19.310 | INFO | SimpleStrategy | combined: 收到行情, OI507P9700.CZCE
2025-06-11 13:55:19.310 | INFO | SimpleStrategy | combined: 收到行情, OI507P9700.CZCE
2025-06-11 13:55:19.310 | INFO | SimpleStrategy | combined: 收到行情, OI507P9800.CZCE
2025-06-11 13:55:19.310 | INFO | SimpleStrategy | combined: 收到行情, OI507P9800.CZCE
2025-06-11 13:55:19.310 | INFO | SimpleStrategy | combined: 收到行情, OI507P9900.CZCE
2025-06-11 13:55:19.310 | INFO | SimpleStrategy | combined: 收到行情, OI507P9900.CZCE
2025-06-11 13:55:19.310 | INFO | SimpleStrategy | combined: 收到行情, OI509C10000.CZCE
2025-06-11 13:55:19.310 | INFO | SimpleStrategy | combined: 收到行情, OI509C10000.CZCE
2025-06-11 13:55:19.310 | INFO | SimpleStrategy | combined: 收到行情, OI509C10200.CZCE
2025-06-11 13:55:19.311 | INFO | SimpleStrategy | combined: 收到行情, OI509C10200.CZCE
2025-06-11 13:55:19.311 | INFO | SimpleStrategy | combined: 收到行情, OI509C10400.CZCE
2025-06-11 13:55:19.311 | INFO | SimpleStrategy | combined: 收到行情, OI509C10400.CZCE
2025-06-11 13:55:19.311 | INFO | SimpleStrategy | combined: 收到行情, OI509C10600.CZCE
2025-06-11 13:55:19.311 | INFO | SimpleStrategy | combined: 收到行情, OI509C10600.CZCE
2025-06-11 13:55:19.311 | INFO | SimpleStrategy | combined: 收到行情, OI509C10800.CZCE
2025-06-11 13:55:19.311 | INFO | SimpleStrategy | combined: 收到行情, OI509C10800.CZCE
2025-06-11 13:55:19.311 | INFO | SimpleStrategy | combined: 收到行情, OI509C7300.CZCE
2025-06-11 13:55:19.311 | INFO | SimpleStrategy | combined: 收到行情, OI509C7300.CZCE
2025-06-11 13:55:19.311 | INFO | SimpleStrategy | combined: 收到行情, OI509C7400.CZCE
2025-06-11 13:55:19.311 | INFO | SimpleStrategy | combined: 收到行情, OI509C7400.CZCE
2025-06-11 13:55:19.311 | INFO | SimpleStrategy | combined: 收到行情, OI509C7500.CZCE
2025-06-11 13:55:19.311 | INFO | SimpleStrategy | combined: 收到行情, OI509C7500.CZCE
2025-06-11 13:55:19.311 | INFO | SimpleStrategy | combined: 收到行情, OI509C7600.CZCE
2025-06-11 13:55:19.311 | INFO | SimpleStrategy | combined: 收到行情, OI509C7600.CZCE
2025-06-11 13:55:19.312 | INFO | SimpleStrategy | combined: 收到行情, OI509C7700.CZCE
2025-06-11 13:55:19.312 | INFO | SimpleStrategy | combined: 收到行情, OI509C7700.CZCE
2025-06-11 13:55:19.312 | INFO | SimpleStrategy | combined: 收到行情, OI509C7800.CZCE
2025-06-11 13:55:19.312 | INFO | SimpleStrategy | combined: 收到行情, OI509C7800.CZCE
2025-06-11 13:55:19.312 | INFO | SimpleStrategy | combined: 收到行情, OI509C7900.CZCE
2025-06-11 13:55:19.312 | INFO | SimpleStrategy | combined: 收到行情, OI509C7900.CZCE
2025-06-11 13:55:19.312 | INFO | SimpleStrategy | combined: 收到行情, OI509C8000.CZCE
2025-06-11 13:55:19.312 | INFO | SimpleStrategy | combined: 收到行情, OI509C8000.CZCE
2025-06-11 13:55:19.312 | INFO | SimpleStrategy | combined: 收到行情, OI509C8100.CZCE
2025-06-11 13:55:19.312 | INFO | SimpleStrategy | combined: 收到行情, OI509C8100.CZCE
2025-06-11 13:55:19.312 | INFO | SimpleStrategy | combined: 收到行情, OI509C8200.CZCE
2025-06-11 13:55:19.312 | INFO | SimpleStrategy | combined: 收到行情, OI509C8200.CZCE
2025-06-11 13:55:19.312 | INFO | SimpleStrategy | combined: 收到行情, OI509C8300.CZCE
2025-06-11 13:55:19.312 | INFO | SimpleStrategy | combined: 收到行情, OI509C8300.CZCE
2025-06-11 13:55:19.312 | INFO | SimpleStrategy | combined: 收到行情, OI509C8400.CZCE
2025-06-11 13:55:19.313 | INFO | SimpleStrategy | combined: 收到行情, OI509C8400.CZCE
2025-06-11 13:55:19.313 | INFO | SimpleStrategy | combined: 收到行情, OI509C8500.CZCE
2025-06-11 13:55:19.313 | INFO | SimpleStrategy | combined: 收到行情, OI509C8500.CZCE
2025-06-11 13:55:19.313 | INFO | SimpleStrategy | combined: 收到行情, OI509C8600.CZCE
2025-06-11 13:55:19.313 | INFO | SimpleStrategy | combined: 收到行情, OI509C8600.CZCE
2025-06-11 13:55:19.313 | INFO | SimpleStrategy | combined: 收到行情, OI509C8700.CZCE
2025-06-11 13:55:19.313 | INFO | SimpleStrategy | combined: 收到行情, OI509C8700.CZCE
2025-06-11 13:55:19.313 | INFO | SimpleStrategy | combined: 收到行情, OI509C8800.CZCE
2025-06-11 13:55:19.313 | INFO | SimpleStrategy | combined: 收到行情, OI509C8800.CZCE
2025-06-11 13:55:19.313 | INFO | SimpleStrategy | combined: 收到行情, OI509C8900.CZCE
2025-06-11 13:55:19.313 | INFO | SimpleStrategy | combined: 收到行情, OI509C8900.CZCE
2025-06-11 13:55:19.313 | INFO | SimpleStrategy | combined: 收到行情, OI509C9000.CZCE
2025-06-11 13:55:19.313 | INFO | SimpleStrategy | combined: 收到行情, OI509C9000.CZCE
2025-06-11 13:55:19.314 | INFO | SimpleStrategy | combined: 收到行情, OI509C9100.CZCE
2025-06-11 13:55:19.314 | INFO | SimpleStrategy | combined: 收到行情, OI509C9100.CZCE
2025-06-11 13:55:19.314 | INFO | SimpleStrategy | combined: 收到行情, OI509C9200.CZCE
2025-06-11 13:55:19.314 | INFO | SimpleStrategy | combined: 收到行情, OI509C9200.CZCE
2025-06-11 13:55:19.314 | INFO | SimpleStrategy | combined: 收到行情, OI509C9300.CZCE
2025-06-11 13:55:19.314 | INFO | SimpleStrategy | combined: 收到行情, OI509C9300.CZCE
2025-06-11 13:55:19.314 | INFO | SimpleStrategy | combined: 收到行情, OI509C9400.CZCE
2025-06-11 13:55:19.314 | INFO | SimpleStrategy | combined: 收到行情, OI509C9400.CZCE
2025-06-11 13:55:19.314 | INFO | SimpleStrategy | combined: 收到行情, OI509C9500.CZCE
2025-06-11 13:55:19.314 | INFO | SimpleStrategy | combined: 收到行情, OI509C9500.CZCE
2025-06-11 13:55:19.314 | INFO | SimpleStrategy | combined: 收到行情, OI509C9600.CZCE
2025-06-11 13:55:19.314 | INFO | SimpleStrategy | combined: 收到行情, OI509C9600.CZCE
2025-06-11 13:55:19.314 | INFO | SimpleStrategy | combined: 收到行情, OI509C9700.CZCE
2025-06-11 13:55:19.315 | INFO | SimpleStrategy | combined: 收到行情, OI509C9700.CZCE
2025-06-11 13:55:19.315 | INFO | SimpleStrategy | combined: 收到行情, OI509C9800.CZCE
2025-06-11 13:55:19.315 | INFO | SimpleStrategy | combined: 收到行情, OI509C9800.CZCE
2025-06-11 13:55:19.315 | INFO | SimpleStrategy | combined: 收到行情, OI509C9900.CZCE
2025-06-11 13:55:19.315 | INFO | SimpleStrategy | combined: 收到行情, OI509C9900.CZCE
2025-06-11 13:55:19.315 | INFO | SimpleStrategy | combined: 收到行情, OI509P10000.CZCE
2025-06-11 13:55:19.315 | INFO | SimpleStrategy | combined: 收到行情, OI509P10000.CZCE
2025-06-11 13:55:19.315 | INFO | SimpleStrategy | combined: 收到行情, OI509P10200.CZCE
2025-06-11 13:55:19.315 | INFO | SimpleStrategy | combined: 收到行情, OI509P10200.CZCE
2025-06-11 13:55:19.315 | INFO | SimpleStrategy | combined: 收到行情, OI509P10400.CZCE
2025-06-11 13:55:19.315 | INFO | SimpleStrategy | combined: 收到行情, OI509P10400.CZCE
2025-06-11 13:55:19.315 | INFO | SimpleStrategy | combined: 收到行情, OI509P10600.CZCE
2025-06-11 13:55:19.316 | INFO | SimpleStrategy | combined: 收到行情, OI509P10600.CZCE
2025-06-11 13:55:19.316 | INFO | SimpleStrategy | combined: 收到行情, OI509P10800.CZCE
2025-06-11 13:55:19.316 | INFO | SimpleStrategy | combined: 收到行情, OI509P10800.CZCE
2025-06-11 13:55:19.316 | INFO | SimpleStrategy | combined: 收到行情, OI509P7300.CZCE
2025-06-11 13:55:19.316 | INFO | SimpleStrategy | combined: 收到行情, OI509P7300.CZCE
2025-06-11 13:55:19.316 | INFO | SimpleStrategy | combined: 收到行情, OI509P7400.CZCE
2025-06-11 13:55:19.316 | INFO | SimpleStrategy | combined: 收到行情, OI509P7400.CZCE
2025-06-11 13:55:19.316 | INFO | SimpleStrategy | combined: 收到行情, OI509P7500.CZCE
2025-06-11 13:55:19.316 | INFO | SimpleStrategy | combined: 收到行情, OI509P7500.CZCE
2025-06-11 13:55:19.316 | INFO | SimpleStrategy | combined: 收到行情, OI509P7600.CZCE
2025-06-11 13:55:19.316 | INFO | SimpleStrategy | combined: 收到行情, OI509P7600.CZCE
2025-06-11 13:55:19.316 | INFO | SimpleStrategy | combined: 收到行情, OI509P7700.CZCE
2025-06-11 13:55:19.316 | INFO | SimpleStrategy | combined: 收到行情, OI509P7700.CZCE
2025-06-11 13:55:19.316 | INFO | SimpleStrategy | combined: 收到行情, OI509P7800.CZCE
2025-06-11 13:55:19.316 | INFO | SimpleStrategy | combined: 收到行情, OI509P7800.CZCE
2025-06-11 13:55:19.316 | INFO | SimpleStrategy | combined: 收到行情, OI509P7900.CZCE
2025-06-11 13:55:19.317 | INFO | SimpleStrategy | combined: 收到行情, OI509P7900.CZCE
2025-06-11 13:55:19.317 | INFO | SimpleStrategy | combined: 收到行情, OI509P8000.CZCE
2025-06-11 13:55:19.317 | INFO | SimpleStrategy | combined: 收到行情, OI509P8000.CZCE
2025-06-11 13:55:19.317 | INFO | SimpleStrategy | combined: 收到行情, OI509P8100.CZCE
2025-06-11 13:55:19.317 | INFO | SimpleStrategy | combined: 收到行情, OI509P8100.CZCE
2025-06-11 13:55:19.317 | INFO | SimpleStrategy | combined: 收到行情, OI509P8200.CZCE
2025-06-11 13:55:19.317 | INFO | SimpleStrategy | combined: 收到行情, OI509P8200.CZCE
2025-06-11 13:55:19.317 | INFO | SimpleStrategy | combined: 收到行情, OI509P8300.CZCE
2025-06-11 13:55:19.317 | INFO | SimpleStrategy | combined: 收到行情, OI509P8300.CZCE
2025-06-11 13:55:19.317 | INFO | SimpleStrategy | combined: 收到行情, OI509P8400.CZCE
2025-06-11 13:55:19.317 | INFO | SimpleStrategy | combined: 收到行情, OI509P8400.CZCE
2025-06-11 13:55:19.317 | INFO | SimpleStrategy | combined: 收到行情, OI509P8500.CZCE
2025-06-11 13:55:19.317 | INFO | SimpleStrategy | combined: 收到行情, OI509P8500.CZCE
2025-06-11 13:55:19.317 | INFO | SimpleStrategy | combined: 收到行情, OI509P8600.CZCE
2025-06-11 13:55:19.317 | INFO | SimpleStrategy | combined: 收到行情, OI509P8600.CZCE
2025-06-11 13:55:19.318 | INFO | SimpleStrategy | combined: 收到行情, OI509P8700.CZCE
2025-06-11 13:55:19.318 | INFO | SimpleStrategy | combined: 收到行情, OI509P8700.CZCE
2025-06-11 13:55:19.318 | INFO | SimpleStrategy | combined: 收到行情, OI509P8800.CZCE
2025-06-11 13:55:19.318 | INFO | SimpleStrategy | combined: 收到行情, OI509P8800.CZCE
2025-06-11 13:55:19.318 | INFO | SimpleStrategy | combined: 收到行情, OI509P8900.CZCE
2025-06-11 13:55:19.318 | INFO | SimpleStrategy | combined: 收到行情, OI509P8900.CZCE
2025-06-11 13:55:19.318 | INFO | SimpleStrategy | combined: 收到行情, OI509P9000.CZCE
2025-06-11 13:55:19.318 | INFO | SimpleStrategy | combined: 收到行情, OI509P9000.CZCE
2025-06-11 13:55:19.318 | INFO | SimpleStrategy | combined: 收到行情, OI509P9100.CZCE
2025-06-11 13:55:19.318 | INFO | SimpleStrategy | combined: 收到行情, OI509P9100.CZCE
2025-06-11 13:55:19.321 | INFO | SimpleStrategy | combined: 收到行情, OI509P9200.CZCE
2025-06-11 13:55:19.321 | INFO | SimpleStrategy | combined: 收到行情, OI509P9200.CZCE
2025-06-11 13:55:19.322 | INFO | SimpleStrategy | combined: 收到行情, OI509P9300.CZCE
2025-06-11 13:55:19.322 | INFO | SimpleStrategy | combined: 收到行情, OI509P9300.CZCE
2025-06-11 13:55:19.322 | INFO | SimpleStrategy | combined: 收到行情, OI509P9400.CZCE
2025-06-11 13:55:19.322 | INFO | SimpleStrategy | combined: 收到行情, OI509P9400.CZCE
2025-06-11 13:55:19.322 | INFO | SimpleStrategy | combined: 收到行情, OI509P9500.CZCE
2025-06-11 13:55:19.322 | INFO | SimpleStrategy | combined: 收到行情, OI509P9500.CZCE
2025-06-11 13:55:19.322 | INFO | SimpleStrategy | combined: 收到行情, OI509P9600.CZCE
2025-06-11 13:55:19.322 | INFO | SimpleStrategy | combined: 收到行情, OI509P9600.CZCE
2025-06-11 13:55:19.322 | INFO | SimpleStrategy | combined: 收到行情, OI509P9700.CZCE
2025-06-11 13:55:19.322 | INFO | SimpleStrategy | combined: 收到行情, OI509P9700.CZCE
2025-06-11 13:55:19.322 | INFO | SimpleStrategy | combined: 收到行情, OI509P9800.CZCE
2025-06-11 13:55:19.322 | INFO | SimpleStrategy | combined: 收到行情, OI509P9800.CZCE
2025-06-11 13:55:19.323 | INFO | SimpleStrategy | combined: 收到行情, OI509P9900.CZCE
2025-06-11 13:55:19.323 | INFO | SimpleStrategy | combined: 收到行情, OI509P9900.CZCE
2025-06-11 13:55:19.323 | INFO | SimpleStrategy | combined: 收到行情, PF507C5200.CZCE
2025-06-11 13:55:19.323 | INFO | SimpleStrategy | combined: 收到行情, PF507C5200.CZCE
2025-06-11 13:55:19.323 | INFO | SimpleStrategy | combined: 收到行情, PF507C5300.CZCE
2025-06-11 13:55:19.323 | INFO | SimpleStrategy | combined: 收到行情, PF507C5300.CZCE
2025-06-11 13:55:19.323 | INFO | SimpleStrategy | combined: 收到行情, PF507C5400.CZCE
2025-06-11 13:55:19.323 | INFO | SimpleStrategy | combined: 收到行情, PF507C5400.CZCE
2025-06-11 13:55:19.323 | INFO | SimpleStrategy | combined: 收到行情, PF507C5500.CZCE
2025-06-11 13:55:19.323 | INFO | SimpleStrategy | combined: 收到行情, PF507C5500.CZCE
2025-06-11 13:55:19.323 | INFO | SimpleStrategy | combined: 收到行情, PF507C5600.CZCE
2025-06-11 13:55:19.323 | INFO | SimpleStrategy | combined: 收到行情, PF507C5600.CZCE
2025-06-11 13:55:19.323 | INFO | SimpleStrategy | combined: 收到行情, PF507C5700.CZCE
2025-06-11 13:55:19.323 | INFO | SimpleStrategy | combined: 收到行情, PF507C5700.CZCE
2025-06-11 13:55:19.324 | INFO | SimpleStrategy | combined: 收到行情, PF507C5800.CZCE
2025-06-11 13:55:19.324 | INFO | SimpleStrategy | combined: 收到行情, PF507C5800.CZCE
2025-06-11 13:55:19.324 | INFO | SimpleStrategy | combined: 收到行情, PF507C5900.CZCE
2025-06-11 13:55:19.324 | INFO | SimpleStrategy | combined: 收到行情, PF507C5900.CZCE
2025-06-11 13:55:19.324 | INFO | SimpleStrategy | combined: 收到行情, PF507C6000.CZCE
2025-06-11 13:55:19.324 | INFO | SimpleStrategy | combined: 收到行情, PF507C6000.CZCE
2025-06-11 13:55:19.324 | INFO | SimpleStrategy | combined: 收到行情, PF507C6100.CZCE
2025-06-11 13:55:19.324 | INFO | SimpleStrategy | combined: 收到行情, PF507C6100.CZCE
2025-06-11 13:55:19.324 | INFO | SimpleStrategy | combined: 收到行情, PF507C6200.CZCE
2025-06-11 13:55:19.324 | INFO | SimpleStrategy | combined: 收到行情, PF507C6200.CZCE
2025-06-11 13:55:19.324 | INFO | SimpleStrategy | combined: 收到行情, PF507C6300.CZCE
2025-06-11 13:55:19.324 | INFO | SimpleStrategy | combined: 收到行情, PF507C6300.CZCE
2025-06-11 13:55:19.324 | INFO | SimpleStrategy | combined: 收到行情, PF507C6400.CZCE
2025-06-11 13:55:19.325 | INFO | SimpleStrategy | combined: 收到行情, PF507C6400.CZCE
2025-06-11 13:55:19.325 | INFO | SimpleStrategy | combined: 收到行情, PF507C6500.CZCE
2025-06-11 13:55:19.325 | INFO | SimpleStrategy | combined: 收到行情, PF507C6500.CZCE
2025-06-11 13:55:19.325 | INFO | SimpleStrategy | combined: 收到行情, PF507C6600.CZCE
2025-06-11 13:55:19.325 | INFO | SimpleStrategy | combined: 收到行情, PF507C6600.CZCE
2025-06-11 13:55:19.325 | INFO | SimpleStrategy | combined: 收到行情, PF507C6700.CZCE
2025-06-11 13:55:19.325 | INFO | SimpleStrategy | combined: 收到行情, PF507C6700.CZCE
2025-06-11 13:55:19.325 | INFO | SimpleStrategy | combined: 收到行情, PF507C6800.CZCE
2025-06-11 13:55:19.325 | INFO | SimpleStrategy | combined: 收到行情, PF507C6800.CZCE
2025-06-11 13:55:19.325 | INFO | SimpleStrategy | combined: 收到行情, PF507C6900.CZCE
2025-06-11 13:55:19.325 | INFO | SimpleStrategy | combined: 收到行情, PF507C6900.CZCE
2025-06-11 13:55:19.325 | INFO | SimpleStrategy | combined: 收到行情, PF507C7000.CZCE
2025-06-11 13:55:19.325 | INFO | SimpleStrategy | combined: 收到行情, PF507C7000.CZCE
2025-06-11 13:55:19.326 | INFO | SimpleStrategy | combined: 收到行情, PF507C7100.CZCE
2025-06-11 13:55:19.326 | INFO | SimpleStrategy | combined: 收到行情, PF507C7100.CZCE
2025-06-11 13:55:19.326 | INFO | SimpleStrategy | combined: 收到行情, PF507C7200.CZCE
2025-06-11 13:55:19.326 | INFO | SimpleStrategy | combined: 收到行情, PF507C7200.CZCE
2025-06-11 13:55:19.326 | INFO | SimpleStrategy | combined: 收到行情, PF507C7300.CZCE
2025-06-11 13:55:19.326 | INFO | SimpleStrategy | combined: 收到行情, PF507C7300.CZCE
2025-06-11 13:55:19.326 | INFO | SimpleStrategy | combined: 收到行情, PF507C7400.CZCE
2025-06-11 13:55:19.326 | INFO | SimpleStrategy | combined: 收到行情, PF507C7400.CZCE
2025-06-11 13:55:19.326 | INFO | SimpleStrategy | combined: 收到行情, PF507C7500.CZCE
2025-06-11 13:55:19.326 | INFO | SimpleStrategy | combined: 收到行情, PF507C7500.CZCE
2025-06-11 13:55:19.326 | INFO | SimpleStrategy | combined: 收到行情, PF507P5200.CZCE
2025-06-11 13:55:19.326 | INFO | SimpleStrategy | combined: 收到行情, PF507P5200.CZCE
2025-06-11 13:55:19.326 | INFO | SimpleStrategy | combined: 收到行情, PF507P5300.CZCE
2025-06-11 13:55:19.326 | INFO | SimpleStrategy | combined: 收到行情, PF507P5300.CZCE
2025-06-11 13:55:19.326 | INFO | SimpleStrategy | combined: 收到行情, PF507P5400.CZCE
2025-06-11 13:55:19.327 | INFO | SimpleStrategy | combined: 收到行情, PF507P5400.CZCE
2025-06-11 13:55:19.327 | INFO | SimpleStrategy | combined: 收到行情, PF507P5500.CZCE
2025-06-11 13:55:19.327 | INFO | SimpleStrategy | combined: 收到行情, PF507P5500.CZCE
2025-06-11 13:55:19.327 | INFO | SimpleStrategy | combined: 收到行情, PF507P5600.CZCE
2025-06-11 13:55:19.327 | INFO | SimpleStrategy | combined: 收到行情, PF507P5600.CZCE
2025-06-11 13:55:19.327 | INFO | SimpleStrategy | combined: 收到行情, PF507P5700.CZCE
2025-06-11 13:55:19.327 | INFO | SimpleStrategy | combined: 收到行情, PF507P5700.CZCE
2025-06-11 13:55:19.327 | INFO | SimpleStrategy | combined: 收到行情, PF507P5800.CZCE
2025-06-11 13:55:19.327 | INFO | SimpleStrategy | combined: 收到行情, PF507P5800.CZCE
2025-06-11 13:55:19.327 | INFO | SimpleStrategy | combined: 收到行情, PF507P5900.CZCE
2025-06-11 13:55:19.327 | INFO | SimpleStrategy | combined: 收到行情, PF507P5900.CZCE
2025-06-11 13:55:19.327 | INFO | SimpleStrategy | combined: 收到行情, PF507P6000.CZCE
2025-06-11 13:55:19.327 | INFO | SimpleStrategy | combined: 收到行情, PF507P6000.CZCE
2025-06-11 13:55:19.327 | INFO | SimpleStrategy | combined: 收到行情, PF507P6100.CZCE
2025-06-11 13:55:19.327 | INFO | SimpleStrategy | combined: 收到行情, PF507P6100.CZCE
2025-06-11 13:55:19.328 | INFO | SimpleStrategy | combined: 收到行情, PF507P6200.CZCE
2025-06-11 13:55:19.328 | INFO | SimpleStrategy | combined: 收到行情, PF507P6200.CZCE
2025-06-11 13:55:19.328 | INFO | SimpleStrategy | combined: 收到行情, PF507P6300.CZCE
2025-06-11 13:55:19.328 | INFO | SimpleStrategy | combined: 收到行情, PF507P6300.CZCE
2025-06-11 13:55:19.328 | INFO | SimpleStrategy | combined: 收到行情, PF507P6400.CZCE
2025-06-11 13:55:19.328 | INFO | SimpleStrategy | combined: 收到行情, PF507P6400.CZCE
2025-06-11 13:55:19.328 | INFO | SimpleStrategy | combined: 收到行情, PF507P6500.CZCE
2025-06-11 13:55:19.328 | INFO | SimpleStrategy | combined: 收到行情, PF507P6500.CZCE
2025-06-11 13:55:19.328 | INFO | SimpleStrategy | combined: 收到行情, PF507P6600.CZCE
2025-06-11 13:55:19.328 | INFO | SimpleStrategy | combined: 收到行情, PF507P6600.CZCE
2025-06-11 13:55:19.328 | INFO | SimpleStrategy | combined: 收到行情, PF507P6700.CZCE
2025-06-11 13:55:19.328 | INFO | SimpleStrategy | combined: 收到行情, PF507P6700.CZCE
2025-06-11 13:55:19.328 | INFO | SimpleStrategy | combined: 收到行情, PF507P6800.CZCE
2025-06-11 13:55:19.329 | INFO | SimpleStrategy | combined: 收到行情, PF507P6800.CZCE
2025-06-11 13:55:19.329 | INFO | SimpleStrategy | combined: 收到行情, PF507P6900.CZCE
2025-06-11 13:55:19.329 | INFO | SimpleStrategy | combined: 收到行情, PF507P6900.CZCE
2025-06-11 13:55:19.329 | INFO | SimpleStrategy | combined: 收到行情, PF507P7000.CZCE
2025-06-11 13:55:19.329 | INFO | SimpleStrategy | combined: 收到行情, PF507P7000.CZCE
2025-06-11 13:55:19.329 | INFO | SimpleStrategy | combined: 收到行情, PF507P7100.CZCE
2025-06-11 13:55:19.329 | INFO | SimpleStrategy | combined: 收到行情, PF507P7100.CZCE
2025-06-11 13:55:19.329 | INFO | SimpleStrategy | combined: 收到行情, PF507P7200.CZCE
2025-06-11 13:55:19.329 | INFO | SimpleStrategy | combined: 收到行情, PF507P7200.CZCE
2025-06-11 13:55:19.329 | INFO | SimpleStrategy | combined: 收到行情, PF507P7300.CZCE
2025-06-11 13:55:19.329 | INFO | SimpleStrategy | combined: 收到行情, PF507P7300.CZCE
2025-06-11 13:55:19.329 | INFO | SimpleStrategy | combined: 收到行情, PF507P7400.CZCE
2025-06-11 13:55:19.329 | INFO | SimpleStrategy | combined: 收到行情, PF507P7400.CZCE
2025-06-11 13:55:19.329 | INFO | SimpleStrategy | combined: 收到行情, PF507P7500.CZCE
2025-06-11 13:55:19.330 | INFO | SimpleStrategy | combined: 收到行情, PF507P7500.CZCE
2025-06-11 13:55:19.330 | INFO | SimpleStrategy | combined: 收到行情, PF508C5500.CZCE
2025-06-11 13:55:19.330 | INFO | SimpleStrategy | combined: 收到行情, PF508C5500.CZCE
2025-06-11 13:55:19.330 | INFO | SimpleStrategy | combined: 收到行情, PF508C5600.CZCE
2025-06-11 13:55:19.330 | INFO | SimpleStrategy | combined: 收到行情, PF508C5600.CZCE
2025-06-11 13:55:19.330 | INFO | SimpleStrategy | combined: 收到行情, PF508C5700.CZCE
2025-06-11 13:55:19.330 | INFO | SimpleStrategy | combined: 收到行情, PF508C5700.CZCE
2025-06-11 13:55:19.330 | INFO | SimpleStrategy | combined: 收到行情, PF508C5800.CZCE
2025-06-11 13:55:19.330 | INFO | SimpleStrategy | combined: 收到行情, PF508C5800.CZCE
2025-06-11 13:55:19.330 | INFO | SimpleStrategy | combined: 收到行情, PF508C5900.CZCE
2025-06-11 13:55:19.330 | INFO | SimpleStrategy | combined: 收到行情, PF508C5900.CZCE
2025-06-11 13:55:19.330 | INFO | SimpleStrategy | combined: 收到行情, PF508C6000.CZCE
2025-06-11 13:55:19.330 | INFO | SimpleStrategy | combined: 收到行情, PF508C6000.CZCE
2025-06-11 13:55:19.330 | INFO | SimpleStrategy | combined: 收到行情, PF508C6100.CZCE
2025-06-11 13:55:19.330 | INFO | SimpleStrategy | combined: 收到行情, PF508C6100.CZCE
2025-06-11 13:55:19.331 | INFO | SimpleStrategy | combined: 收到行情, PF508C6200.CZCE
2025-06-11 13:55:19.331 | INFO | SimpleStrategy | combined: 收到行情, PF508C6200.CZCE
2025-06-11 13:55:19.331 | INFO | SimpleStrategy | combined: 收到行情, PF508C6300.CZCE
2025-06-11 13:55:19.331 | INFO | SimpleStrategy | combined: 收到行情, PF508C6300.CZCE
2025-06-11 13:55:19.331 | INFO | SimpleStrategy | combined: 收到行情, PF508C6400.CZCE
2025-06-11 13:55:19.331 | INFO | SimpleStrategy | combined: 收到行情, PF508C6400.CZCE
2025-06-11 13:55:19.331 | INFO | SimpleStrategy | combined: 收到行情, PF508C6500.CZCE
2025-06-11 13:55:19.331 | INFO | SimpleStrategy | combined: 收到行情, PF508C6500.CZCE
2025-06-11 13:55:19.331 | INFO | SimpleStrategy | combined: 收到行情, PF508C6600.CZCE
2025-06-11 13:55:19.331 | INFO | SimpleStrategy | combined: 收到行情, PF508C6600.CZCE
2025-06-11 13:55:19.331 | INFO | SimpleStrategy | combined: 收到行情, PF508C6700.CZCE
2025-06-11 13:55:19.331 | INFO | SimpleStrategy | combined: 收到行情, PF508C6700.CZCE
2025-06-11 13:55:19.331 | INFO | SimpleStrategy | combined: 收到行情, PF508C6800.CZCE
2025-06-11 13:55:19.331 | INFO | SimpleStrategy | combined: 收到行情, PF508C6800.CZCE
2025-06-11 13:55:19.331 | INFO | SimpleStrategy | combined: 收到行情, PF508C6900.CZCE
2025-06-11 13:55:19.331 | INFO | SimpleStrategy | combined: 收到行情, PF508C6900.CZCE
2025-06-11 13:55:19.332 | INFO | SimpleStrategy | combined: 收到行情, PF508C7000.CZCE
2025-06-11 13:55:19.332 | INFO | SimpleStrategy | combined: 收到行情, PF508C7000.CZCE
2025-06-11 13:55:19.332 | INFO | SimpleStrategy | combined: 收到行情, PF508C7100.CZCE
2025-06-11 13:55:19.332 | INFO | SimpleStrategy | combined: 收到行情, PF508C7100.CZCE
2025-06-11 13:55:19.332 | INFO | SimpleStrategy | combined: 收到行情, PF508C7200.CZCE
2025-06-11 13:55:19.332 | INFO | SimpleStrategy | combined: 收到行情, PF508C7200.CZCE
2025-06-11 13:55:19.332 | INFO | SimpleStrategy | combined: 收到行情, PF508P5500.CZCE
2025-06-11 13:55:19.332 | INFO | SimpleStrategy | combined: 收到行情, PF508P5500.CZCE
2025-06-11 13:55:19.332 | INFO | SimpleStrategy | combined: 收到行情, PF508P5600.CZCE
2025-06-11 13:55:19.332 | INFO | SimpleStrategy | combined: 收到行情, PF508P5600.CZCE
2025-06-11 13:55:19.332 | INFO | SimpleStrategy | combined: 收到行情, PF508P5700.CZCE
2025-06-11 13:55:19.332 | INFO | SimpleStrategy | combined: 收到行情, PF508P5700.CZCE
2025-06-11 13:55:19.332 | INFO | SimpleStrategy | combined: 收到行情, PF508P5800.CZCE
2025-06-11 13:55:19.332 | INFO | SimpleStrategy | combined: 收到行情, PF508P5800.CZCE
2025-06-11 13:55:19.332 | INFO | SimpleStrategy | combined: 收到行情, PF508P5900.CZCE
2025-06-11 13:55:19.332 | INFO | SimpleStrategy | combined: 收到行情, PF508P5900.CZCE
2025-06-11 13:55:19.333 | INFO | SimpleStrategy | combined: 收到行情, PF508P6000.CZCE
2025-06-11 13:55:19.333 | INFO | SimpleStrategy | combined: 收到行情, PF508P6000.CZCE
2025-06-11 13:55:19.333 | INFO | SimpleStrategy | combined: 收到行情, PF508P6100.CZCE
2025-06-11 13:55:19.333 | INFO | SimpleStrategy | combined: 收到行情, PF508P6100.CZCE
2025-06-11 13:55:19.333 | INFO | SimpleStrategy | combined: 收到行情, PF508P6200.CZCE
2025-06-11 13:55:19.333 | INFO | SimpleStrategy | combined: 收到行情, PF508P6200.CZCE
2025-06-11 13:55:19.333 | INFO | SimpleStrategy | combined: 收到行情, PF508P6300.CZCE
2025-06-11 13:55:19.333 | INFO | SimpleStrategy | combined: 收到行情, PF508P6300.CZCE
2025-06-11 13:55:19.333 | INFO | SimpleStrategy | combined: 收到行情, PF508P6400.CZCE
2025-06-11 13:55:19.333 | INFO | SimpleStrategy | combined: 收到行情, PF508P6400.CZCE
2025-06-11 13:55:19.333 | INFO | SimpleStrategy | combined: 收到行情, PF508P6500.CZCE
2025-06-11 13:55:19.333 | INFO | SimpleStrategy | combined: 收到行情, PF508P6500.CZCE
2025-06-11 13:55:19.333 | INFO | SimpleStrategy | combined: 收到行情, PF508P6600.CZCE
2025-06-11 13:55:19.334 | INFO | SimpleStrategy | combined: 收到行情, PF508P6600.CZCE
2025-06-11 13:55:19.334 | INFO | SimpleStrategy | combined: 收到行情, PF508P6700.CZCE
2025-06-11 13:55:19.334 | INFO | SimpleStrategy | combined: 收到行情, PF508P6700.CZCE
2025-06-11 13:55:19.334 | INFO | SimpleStrategy | combined: 收到行情, PF508P6800.CZCE
2025-06-11 13:55:19.334 | INFO | SimpleStrategy | combined: 收到行情, PF508P6800.CZCE
2025-06-11 13:55:19.334 | INFO | SimpleStrategy | combined: 收到行情, PF508P6900.CZCE
2025-06-11 13:55:19.334 | INFO | SimpleStrategy | combined: 收到行情, PF508P6900.CZCE
2025-06-11 13:55:19.334 | INFO | SimpleStrategy | combined: 收到行情, PF508P7000.CZCE
2025-06-11 13:55:19.334 | INFO | SimpleStrategy | combined: 收到行情, PF508P7000.CZCE
2025-06-11 13:55:19.334 | INFO | SimpleStrategy | combined: 收到行情, PF508P7100.CZCE
2025-06-11 13:55:19.334 | INFO | SimpleStrategy | combined: 收到行情, PF508P7100.CZCE
2025-06-11 13:55:19.334 | INFO | SimpleStrategy | combined: 收到行情, PF508P7200.CZCE
2025-06-11 13:55:19.334 | INFO | SimpleStrategy | combined: 收到行情, PF508P7200.CZCE
2025-06-11 13:55:19.334 | INFO | SimpleStrategy | combined: 收到行情, PK510C6900.CZCE
2025-06-11 13:55:19.335 | INFO | SimpleStrategy | combined: 收到行情, PK510C6900.CZCE
2025-06-11 13:55:19.335 | INFO | SimpleStrategy | combined: 收到行情, PK510C7000.CZCE
2025-06-11 13:55:19.335 | INFO | SimpleStrategy | combined: 收到行情, PK510C7000.CZCE
2025-06-11 13:55:19.335 | INFO | SimpleStrategy | combined: 收到行情, PK510C7100.CZCE
2025-06-11 13:55:19.335 | INFO | SimpleStrategy | combined: 收到行情, PK510C7100.CZCE
2025-06-11 13:55:19.335 | INFO | SimpleStrategy | combined: 收到行情, PK510C7200.CZCE
2025-06-11 13:55:19.335 | INFO | SimpleStrategy | combined: 收到行情, PK510C7200.CZCE
2025-06-11 13:55:19.335 | INFO | SimpleStrategy | combined: 收到行情, PK510C7300.CZCE
2025-06-11 13:55:19.335 | INFO | SimpleStrategy | combined: 收到行情, PK510C7300.CZCE
2025-06-11 13:55:19.335 | INFO | SimpleStrategy | combined: 收到行情, PK510C7400.CZCE
2025-06-11 13:55:19.335 | INFO | SimpleStrategy | combined: 收到行情, PK510C7400.CZCE
2025-06-11 13:55:19.335 | INFO | SimpleStrategy | combined: 收到行情, PK510C7500.CZCE
2025-06-11 13:55:19.335 | INFO | SimpleStrategy | combined: 收到行情, PK510C7500.CZCE
2025-06-11 13:55:19.335 | INFO | SimpleStrategy | combined: 收到行情, PK510C7600.CZCE
2025-06-11 13:55:19.335 | INFO | SimpleStrategy | combined: 收到行情, PK510C7600.CZCE
2025-06-11 13:55:19.336 | INFO | SimpleStrategy | combined: 收到行情, PK510C7700.CZCE
2025-06-11 13:55:19.336 | INFO | SimpleStrategy | combined: 收到行情, PK510C7700.CZCE
2025-06-11 13:55:19.336 | INFO | SimpleStrategy | combined: 收到行情, PK510C7800.CZCE
2025-06-11 13:55:19.336 | INFO | SimpleStrategy | combined: 收到行情, PK510C7800.CZCE
2025-06-11 13:55:19.336 | INFO | SimpleStrategy | combined: 收到行情, PK510C7900.CZCE
2025-06-11 13:55:19.336 | INFO | SimpleStrategy | combined: 收到行情, PK510C7900.CZCE
2025-06-11 13:55:19.336 | INFO | SimpleStrategy | combined: 收到行情, PK510C8000.CZCE
2025-06-11 13:55:19.336 | INFO | SimpleStrategy | combined: 收到行情, PK510C8000.CZCE
2025-06-11 13:55:19.336 | INFO | SimpleStrategy | combined: 收到行情, PK510C8100.CZCE
2025-06-11 13:55:19.336 | INFO | SimpleStrategy | combined: 收到行情, PK510C8100.CZCE
2025-06-11 13:55:19.336 | INFO | SimpleStrategy | combined: 收到行情, PK510C8200.CZCE
2025-06-11 13:55:19.336 | INFO | SimpleStrategy | combined: 收到行情, PK510C8200.CZCE
2025-06-11 13:55:19.336 | INFO | SimpleStrategy | combined: 收到行情, PK510C8300.CZCE
2025-06-11 13:55:19.336 | INFO | SimpleStrategy | combined: 收到行情, PK510C8300.CZCE
2025-06-11 13:55:19.336 | INFO | SimpleStrategy | combined: 收到行情, PK510C8400.CZCE
2025-06-11 13:55:19.336 | INFO | SimpleStrategy | combined: 收到行情, PK510C8400.CZCE
2025-06-11 13:55:19.337 | INFO | SimpleStrategy | combined: 收到行情, PK510C8500.CZCE
2025-06-11 13:55:19.337 | INFO | SimpleStrategy | combined: 收到行情, PK510C8500.CZCE
2025-06-11 13:55:19.337 | INFO | SimpleStrategy | combined: 收到行情, PK510C8600.CZCE
2025-06-11 13:55:19.337 | INFO | SimpleStrategy | combined: 收到行情, PK510C8600.CZCE
2025-06-11 13:55:19.337 | INFO | SimpleStrategy | combined: 收到行情, PK510C8700.CZCE
2025-06-11 13:55:19.337 | INFO | SimpleStrategy | combined: 收到行情, PK510C8700.CZCE
2025-06-11 13:55:19.337 | INFO | SimpleStrategy | combined: 收到行情, PK510C8800.CZCE
2025-06-11 13:55:19.337 | INFO | SimpleStrategy | combined: 收到行情, PK510C8800.CZCE
2025-06-11 13:55:19.337 | INFO | SimpleStrategy | combined: 收到行情, PK510C8900.CZCE
2025-06-11 13:55:19.337 | INFO | SimpleStrategy | combined: 收到行情, PK510C8900.CZCE
2025-06-11 13:55:19.337 | INFO | SimpleStrategy | combined: 收到行情, PK510C9000.CZCE
2025-06-11 13:55:19.338 | INFO | SimpleStrategy | combined: 收到行情, PK510C9000.CZCE
2025-06-11 13:55:19.338 | INFO | SimpleStrategy | combined: 收到行情, PK510C9100.CZCE
2025-06-11 13:55:19.338 | INFO | SimpleStrategy | combined: 收到行情, PK510C9100.CZCE
2025-06-11 13:55:19.338 | INFO | SimpleStrategy | combined: 收到行情, PK510C9200.CZCE
2025-06-11 13:55:19.338 | INFO | SimpleStrategy | combined: 收到行情, PK510C9200.CZCE
2025-06-11 13:55:19.338 | INFO | SimpleStrategy | combined: 收到行情, PK510C9300.CZCE
2025-06-11 13:55:19.338 | INFO | SimpleStrategy | combined: 收到行情, PK510C9300.CZCE
2025-06-11 13:55:19.338 | INFO | SimpleStrategy | combined: 收到行情, PK510C9400.CZCE
2025-06-11 13:55:19.338 | INFO | SimpleStrategy | combined: 收到行情, PK510C9400.CZCE
2025-06-11 13:55:19.338 | INFO | SimpleStrategy | combined: 收到行情, PK510P6900.CZCE
2025-06-11 13:55:19.338 | INFO | SimpleStrategy | combined: 收到行情, PK510P6900.CZCE
2025-06-11 13:55:19.339 | INFO | SimpleStrategy | combined: 收到行情, PK510P7000.CZCE
2025-06-11 13:55:19.339 | INFO | SimpleStrategy | combined: 收到行情, PK510P7000.CZCE
2025-06-11 13:55:19.339 | INFO | SimpleStrategy | combined: 收到行情, PK510P7100.CZCE
2025-06-11 13:55:19.339 | INFO | SimpleStrategy | combined: 收到行情, PK510P7100.CZCE
2025-06-11 13:55:19.339 | INFO | SimpleStrategy | combined: 收到行情, PK510P7200.CZCE
2025-06-11 13:55:19.339 | INFO | SimpleStrategy | combined: 收到行情, PK510P7200.CZCE
2025-06-11 13:55:19.339 | INFO | SimpleStrategy | combined: 收到行情, PK510P7300.CZCE
2025-06-11 13:55:19.339 | INFO | SimpleStrategy | combined: 收到行情, PK510P7300.CZCE
2025-06-11 13:55:19.339 | INFO | SimpleStrategy | combined: 收到行情, PK510P7400.CZCE
2025-06-11 13:55:19.339 | INFO | SimpleStrategy | combined: 收到行情, PK510P7400.CZCE
2025-06-11 13:55:19.339 | INFO | SimpleStrategy | combined: 收到行情, PK510P7500.CZCE
2025-06-11 13:55:19.339 | INFO | SimpleStrategy | combined: 收到行情, PK510P7500.CZCE
2025-06-11 13:55:19.340 | INFO | SimpleStrategy | combined: 收到行情, PK510P7600.CZCE
2025-06-11 13:55:19.340 | INFO | SimpleStrategy | combined: 收到行情, PK510P7600.CZCE
2025-06-11 13:55:19.340 | INFO | SimpleStrategy | combined: 收到行情, PK510P7700.CZCE
2025-06-11 13:55:19.340 | INFO | SimpleStrategy | combined: 收到行情, PK510P7700.CZCE
2025-06-11 13:55:19.340 | INFO | SimpleStrategy | combined: 收到行情, PK510P7800.CZCE
2025-06-11 13:55:19.340 | INFO | SimpleStrategy | combined: 收到行情, PK510P7800.CZCE
2025-06-11 13:55:19.340 | INFO | SimpleStrategy | combined: 收到行情, PK510P7900.CZCE
2025-06-11 13:55:19.340 | INFO | SimpleStrategy | combined: 收到行情, PK510P7900.CZCE
2025-06-11 13:55:19.340 | INFO | SimpleStrategy | combined: 收到行情, PK510P8000.CZCE
2025-06-11 13:55:19.340 | INFO | SimpleStrategy | combined: 收到行情, PK510P8000.CZCE
2025-06-11 13:55:19.340 | INFO | SimpleStrategy | combined: 收到行情, PK510P8100.CZCE
2025-06-11 13:55:19.340 | INFO | SimpleStrategy | combined: 收到行情, PK510P8100.CZCE
2025-06-11 13:55:19.340 | INFO | SimpleStrategy | combined: 收到行情, PK510P8200.CZCE
2025-06-11 13:55:19.340 | INFO | SimpleStrategy | combined: 收到行情, PK510P8200.CZCE
2025-06-11 13:55:19.340 | INFO | SimpleStrategy | combined: 收到行情, PK510P8300.CZCE
2025-06-11 13:55:19.340 | INFO | SimpleStrategy | combined: 收到行情, PK510P8300.CZCE
2025-06-11 13:55:19.341 | INFO | SimpleStrategy | combined: 收到行情, PK510P8400.CZCE
2025-06-11 13:55:19.341 | INFO | SimpleStrategy | combined: 收到行情, PK510P8400.CZCE
2025-06-11 13:55:19.341 | INFO | SimpleStrategy | combined: 收到行情, PK510P8500.CZCE
2025-06-11 13:55:19.341 | INFO | SimpleStrategy | combined: 收到行情, PK510P8500.CZCE
2025-06-11 13:55:19.341 | INFO | SimpleStrategy | combined: 收到行情, PK510P8600.CZCE
2025-06-11 13:55:19.341 | INFO | SimpleStrategy | combined: 收到行情, PK510P8600.CZCE
2025-06-11 13:55:19.341 | INFO | SimpleStrategy | combined: 收到行情, PK510P8700.CZCE
2025-06-11 13:55:19.341 | INFO | SimpleStrategy | combined: 收到行情, PK510P8700.CZCE
2025-06-11 13:55:19.341 | INFO | SimpleStrategy | combined: 收到行情, PK510P8800.CZCE
2025-06-11 13:55:19.342 | INFO | SimpleStrategy | combined: 收到行情, PK510P8800.CZCE
2025-06-11 13:55:19.342 | INFO | SimpleStrategy | combined: 收到行情, PK510P8900.CZCE
2025-06-11 13:55:19.342 | INFO | SimpleStrategy | combined: 收到行情, PK510P8900.CZCE
2025-06-11 13:55:19.342 | INFO | SimpleStrategy | combined: 收到行情, PK510P9000.CZCE
2025-06-11 13:55:19.342 | INFO | SimpleStrategy | combined: 收到行情, PK510P9000.CZCE
2025-06-11 13:55:19.342 | INFO | SimpleStrategy | combined: 收到行情, PK510P9100.CZCE
2025-06-11 13:55:19.342 | INFO | SimpleStrategy | combined: 收到行情, PK510P9100.CZCE
2025-06-11 13:55:19.342 | INFO | SimpleStrategy | combined: 收到行情, PK510P9200.CZCE
2025-06-11 13:55:19.342 | INFO | SimpleStrategy | combined: 收到行情, PK510P9200.CZCE
2025-06-11 13:55:19.343 | INFO | SimpleStrategy | combined: 收到行情, PK510P9300.CZCE
2025-06-11 13:55:19.343 | INFO | SimpleStrategy | combined: 收到行情, PK510P9300.CZCE
2025-06-11 13:55:19.343 | INFO | SimpleStrategy | combined: 收到行情, PK510P9400.CZCE
2025-06-11 13:55:19.343 | INFO | SimpleStrategy | combined: 收到行情, PK510P9400.CZCE
2025-06-11 13:55:19.343 | INFO | SimpleStrategy | combined: 收到行情, PK511C6900.CZCE
2025-06-11 13:55:19.343 | INFO | SimpleStrategy | combined: 收到行情, PK511C6900.CZCE
2025-06-11 13:55:19.343 | INFO | SimpleStrategy | combined: 收到行情, PK511C7000.CZCE
2025-06-11 13:55:19.343 | INFO | SimpleStrategy | combined: 收到行情, PK511C7000.CZCE
2025-06-11 13:55:19.343 | INFO | SimpleStrategy | combined: 收到行情, PK511C7100.CZCE
2025-06-11 13:55:19.343 | INFO | SimpleStrategy | combined: 收到行情, PK511C7100.CZCE
2025-06-11 13:55:19.343 | INFO | SimpleStrategy | combined: 收到行情, PK511C7200.CZCE
2025-06-11 13:55:19.343 | INFO | SimpleStrategy | combined: 收到行情, PK511C7200.CZCE
2025-06-11 13:55:19.343 | INFO | SimpleStrategy | combined: 收到行情, PK511C7300.CZCE
2025-06-11 13:55:19.344 | INFO | SimpleStrategy | combined: 收到行情, PK511C7300.CZCE
2025-06-11 13:55:19.344 | INFO | SimpleStrategy | combined: 收到行情, PK511C7400.CZCE
2025-06-11 13:55:19.344 | INFO | SimpleStrategy | combined: 收到行情, PK511C7400.CZCE
2025-06-11 13:55:19.344 | INFO | SimpleStrategy | combined: 收到行情, PK511C7500.CZCE
2025-06-11 13:55:19.344 | INFO | SimpleStrategy | combined: 收到行情, PK511C7500.CZCE
2025-06-11 13:55:19.344 | INFO | SimpleStrategy | combined: 收到行情, PK511C7600.CZCE
2025-06-11 13:55:19.344 | INFO | SimpleStrategy | combined: 收到行情, PK511C7600.CZCE
2025-06-11 13:55:19.344 | INFO | SimpleStrategy | combined: 收到行情, PK511C7700.CZCE
2025-06-11 13:55:19.344 | INFO | SimpleStrategy | combined: 收到行情, PK511C7700.CZCE
2025-06-11 13:55:19.344 | INFO | SimpleStrategy | combined: 收到行情, PK511C7800.CZCE
2025-06-11 13:55:19.344 | INFO | SimpleStrategy | combined: 收到行情, PK511C7800.CZCE
2025-06-11 13:55:19.344 | INFO | SimpleStrategy | combined: 收到行情, PK511C7900.CZCE
2025-06-11 13:55:19.344 | INFO | SimpleStrategy | combined: 收到行情, PK511C7900.CZCE
2025-06-11 13:55:19.344 | INFO | SimpleStrategy | combined: 收到行情, PK511C8000.CZCE
2025-06-11 13:55:19.345 | INFO | SimpleStrategy | combined: 收到行情, PK511C8000.CZCE
2025-06-11 13:55:19.345 | INFO | SimpleStrategy | combined: 收到行情, PK511C8100.CZCE
2025-06-11 13:55:19.345 | INFO | SimpleStrategy | combined: 收到行情, PK511C8100.CZCE
2025-06-11 13:55:19.345 | INFO | SimpleStrategy | combined: 收到行情, PK511C8200.CZCE
2025-06-11 13:55:19.345 | INFO | SimpleStrategy | combined: 收到行情, PK511C8200.CZCE
2025-06-11 13:55:19.345 | INFO | SimpleStrategy | combined: 收到行情, PK511C8300.CZCE
2025-06-11 13:55:19.345 | INFO | SimpleStrategy | combined: 收到行情, PK511C8300.CZCE
2025-06-11 13:55:19.345 | INFO | SimpleStrategy | combined: 收到行情, PK511C8400.CZCE
2025-06-11 13:55:19.345 | INFO | SimpleStrategy | combined: 收到行情, PK511C8400.CZCE
2025-06-11 13:55:19.345 | INFO | SimpleStrategy | combined: 收到行情, PK511C8500.CZCE
2025-06-11 13:55:19.345 | INFO | SimpleStrategy | combined: 收到行情, PK511C8500.CZCE
2025-06-11 13:55:19.345 | INFO | SimpleStrategy | combined: 收到行情, PK511C8600.CZCE
2025-06-11 13:55:19.345 | INFO | SimpleStrategy | combined: 收到行情, PK511C8600.CZCE
2025-06-11 13:55:19.345 | INFO | SimpleStrategy | combined: 收到行情, PK511C8700.CZCE
2025-06-11 13:55:19.345 | INFO | SimpleStrategy | combined: 收到行情, PK511C8700.CZCE
2025-06-11 13:55:19.346 | INFO | SimpleStrategy | combined: 收到行情, PK511C8800.CZCE
2025-06-11 13:55:19.346 | INFO | SimpleStrategy | combined: 收到行情, PK511C8800.CZCE
2025-06-11 13:55:19.346 | INFO | SimpleStrategy | combined: 收到行情, PK511C8900.CZCE
2025-06-11 13:55:19.346 | INFO | SimpleStrategy | combined: 收到行情, PK511C8900.CZCE
2025-06-11 13:55:19.346 | INFO | SimpleStrategy | combined: 收到行情, PK511C9000.CZCE
2025-06-11 13:55:19.346 | INFO | SimpleStrategy | combined: 收到行情, PK511C9000.CZCE
2025-06-11 13:55:19.346 | INFO | SimpleStrategy | combined: 收到行情, PK511C9100.CZCE
2025-06-11 13:55:19.346 | INFO | SimpleStrategy | combined: 收到行情, PK511C9100.CZCE
2025-06-11 13:55:19.346 | INFO | SimpleStrategy | combined: 收到行情, PK511C9200.CZCE
2025-06-11 13:55:19.346 | INFO | SimpleStrategy | combined: 收到行情, PK511C9200.CZCE
2025-06-11 13:55:19.346 | INFO | SimpleStrategy | combined: 收到行情, PK511P6900.CZCE
2025-06-11 13:55:19.346 | INFO | SimpleStrategy | combined: 收到行情, PK511P6900.CZCE
2025-06-11 13:55:19.346 | INFO | SimpleStrategy | combined: 收到行情, PK511P7000.CZCE
2025-06-11 13:55:19.346 | INFO | SimpleStrategy | combined: 收到行情, PK511P7000.CZCE
2025-06-11 13:55:19.347 | INFO | SimpleStrategy | combined: 收到行情, PK511P7100.CZCE
2025-06-11 13:55:19.347 | INFO | SimpleStrategy | combined: 收到行情, PK511P7100.CZCE
2025-06-11 13:55:19.347 | INFO | SimpleStrategy | combined: 收到行情, PK511P7200.CZCE
2025-06-11 13:55:19.347 | INFO | SimpleStrategy | combined: 收到行情, PK511P7200.CZCE
2025-06-11 13:55:19.347 | INFO | SimpleStrategy | combined: 收到行情, PK511P7300.CZCE
2025-06-11 13:55:19.347 | INFO | SimpleStrategy | combined: 收到行情, PK511P7300.CZCE
2025-06-11 13:55:19.347 | INFO | SimpleStrategy | combined: 收到行情, PK511P7400.CZCE
2025-06-11 13:55:19.347 | INFO | SimpleStrategy | combined: 收到行情, PK511P7400.CZCE
2025-06-11 13:55:19.347 | INFO | SimpleStrategy | combined: 收到行情, PK511P7500.CZCE
2025-06-11 13:55:19.347 | INFO | SimpleStrategy | combined: 收到行情, PK511P7500.CZCE
2025-06-11 13:55:19.347 | INFO | SimpleStrategy | combined: 收到行情, PK511P7600.CZCE
2025-06-11 13:55:19.347 | INFO | SimpleStrategy | combined: 收到行情, PK511P7600.CZCE
2025-06-11 13:55:19.347 | INFO | SimpleStrategy | combined: 收到行情, PK511P7700.CZCE
2025-06-11 13:55:19.347 | INFO | SimpleStrategy | combined: 收到行情, PK511P7700.CZCE
2025-06-11 13:55:19.347 | INFO | SimpleStrategy | combined: 收到行情, PK511P7800.CZCE
2025-06-11 13:55:19.348 | INFO | SimpleStrategy | combined: 收到行情, PK511P7800.CZCE
2025-06-11 13:55:19.348 | INFO | SimpleStrategy | combined: 收到行情, PK511P7900.CZCE
2025-06-11 13:55:19.348 | INFO | SimpleStrategy | combined: 收到行情, PK511P7900.CZCE
2025-06-11 13:55:19.348 | INFO | SimpleStrategy | combined: 收到行情, PK511P8000.CZCE
2025-06-11 13:55:19.348 | INFO | SimpleStrategy | combined: 收到行情, PK511P8000.CZCE
2025-06-11 13:55:19.348 | INFO | SimpleStrategy | combined: 收到行情, PK511P8100.CZCE
2025-06-11 13:55:19.348 | INFO | SimpleStrategy | combined: 收到行情, PK511P8100.CZCE
2025-06-11 13:55:19.348 | INFO | SimpleStrategy | combined: 收到行情, PK511P8200.CZCE
2025-06-11 13:55:19.348 | INFO | SimpleStrategy | combined: 收到行情, PK511P8200.CZCE
2025-06-11 13:55:19.348 | INFO | SimpleStrategy | combined: 收到行情, PK511P8300.CZCE
2025-06-11 13:55:19.348 | INFO | SimpleStrategy | combined: 收到行情, PK511P8300.CZCE
2025-06-11 13:55:19.348 | INFO | SimpleStrategy | combined: 收到行情, PK511P8400.CZCE
2025-06-11 13:55:19.349 | INFO | SimpleStrategy | combined: 收到行情, PK511P8400.CZCE
2025-06-11 13:55:19.349 | INFO | SimpleStrategy | combined: 收到行情, PK511P8500.CZCE
2025-06-11 13:55:19.349 | INFO | SimpleStrategy | combined: 收到行情, PK511P8500.CZCE
2025-06-11 13:55:19.349 | INFO | SimpleStrategy | combined: 收到行情, PK511P8600.CZCE
2025-06-11 13:55:19.349 | INFO | SimpleStrategy | combined: 收到行情, PK511P8600.CZCE
2025-06-11 13:55:19.349 | INFO | SimpleStrategy | combined: 收到行情, PK511P8700.CZCE
2025-06-11 13:55:19.349 | INFO | SimpleStrategy | combined: 收到行情, PK511P8700.CZCE
2025-06-11 13:55:19.349 | INFO | SimpleStrategy | combined: 收到行情, PK511P8800.CZCE
2025-06-11 13:55:19.349 | INFO | SimpleStrategy | combined: 收到行情, PK511P8800.CZCE
2025-06-11 13:55:19.349 | INFO | SimpleStrategy | combined: 收到行情, PK511P8900.CZCE
2025-06-11 13:55:19.349 | INFO | SimpleStrategy | combined: 收到行情, PK511P8900.CZCE
2025-06-11 13:55:19.349 | INFO | SimpleStrategy | combined: 收到行情, PK511P9000.CZCE
2025-06-11 13:55:19.349 | INFO | SimpleStrategy | combined: 收到行情, PK511P9000.CZCE
2025-06-11 13:55:19.349 | INFO | SimpleStrategy | combined: 收到行情, PK511P9100.CZCE
2025-06-11 13:55:19.349 | INFO | SimpleStrategy | combined: 收到行情, PK511P9100.CZCE
2025-06-11 13:55:19.350 | INFO | SimpleStrategy | combined: 收到行情, PK511P9200.CZCE
2025-06-11 13:55:19.350 | INFO | SimpleStrategy | combined: 收到行情, PK511P9200.CZCE
2025-06-11 13:55:19.350 | INFO | SimpleStrategy | combined: 收到行情, PR507C4900.CZCE
2025-06-11 13:55:19.350 | INFO | SimpleStrategy | combined: 收到行情, PR507C4900.CZCE
2025-06-11 13:55:19.350 | INFO | SimpleStrategy | combined: 收到行情, PR507C4950.CZCE
2025-06-11 13:55:19.350 | INFO | SimpleStrategy | combined: 收到行情, PR507C4950.CZCE
2025-06-11 13:55:19.350 | INFO | SimpleStrategy | combined: 收到行情, PR507C5000.CZCE
2025-06-11 13:55:19.350 | INFO | SimpleStrategy | combined: 收到行情, PR507C5000.CZCE
2025-06-11 13:55:19.350 | INFO | SimpleStrategy | combined: 收到行情, PR507C5100.CZCE
2025-06-11 13:55:19.350 | INFO | SimpleStrategy | combined: 收到行情, PR507C5100.CZCE
2025-06-11 13:55:19.350 | INFO | SimpleStrategy | combined: 收到行情, PR507C5200.CZCE
2025-06-11 13:55:19.350 | INFO | SimpleStrategy | combined: 收到行情, PR507C5200.CZCE
2025-06-11 13:55:19.350 | INFO | SimpleStrategy | combined: 收到行情, PR507C5300.CZCE
2025-06-11 13:55:19.350 | INFO | SimpleStrategy | combined: 收到行情, PR507C5300.CZCE
2025-06-11 13:55:19.350 | INFO | SimpleStrategy | combined: 收到行情, PR507C5400.CZCE
2025-06-11 13:55:19.351 | INFO | SimpleStrategy | combined: 收到行情, PR507C5400.CZCE
2025-06-11 13:55:19.351 | INFO | SimpleStrategy | combined: 收到行情, PR507C5500.CZCE
2025-06-11 13:55:19.351 | INFO | SimpleStrategy | combined: 收到行情, PR507C5500.CZCE
2025-06-11 13:55:19.351 | INFO | SimpleStrategy | combined: 收到行情, PR507C5600.CZCE
2025-06-11 13:55:19.351 | INFO | SimpleStrategy | combined: 收到行情, PR507C5600.CZCE
2025-06-11 13:55:19.351 | INFO | SimpleStrategy | combined: 收到行情, PR507C5700.CZCE
2025-06-11 13:55:19.351 | INFO | SimpleStrategy | combined: 收到行情, PR507C5700.CZCE
2025-06-11 13:55:19.351 | INFO | SimpleStrategy | combined: 收到行情, PR507C5800.CZCE
2025-06-11 13:55:19.351 | INFO | SimpleStrategy | combined: 收到行情, PR507C5800.CZCE
2025-06-11 13:55:19.351 | INFO | SimpleStrategy | combined: 收到行情, PR507C5900.CZCE
2025-06-11 13:55:19.351 | INFO | SimpleStrategy | combined: 收到行情, PR507C5900.CZCE
2025-06-11 13:55:19.351 | INFO | SimpleStrategy | combined: 收到行情, PR507C6000.CZCE
2025-06-11 13:55:19.351 | INFO | SimpleStrategy | combined: 收到行情, PR507C6000.CZCE
2025-06-11 13:55:19.351 | INFO | SimpleStrategy | combined: 收到行情, PR507C6100.CZCE
2025-06-11 13:55:19.351 | INFO | SimpleStrategy | combined: 收到行情, PR507C6100.CZCE
2025-06-11 13:55:19.351 | INFO | SimpleStrategy | combined: 收到行情, PR507C6200.CZCE
2025-06-11 13:55:19.352 | INFO | SimpleStrategy | combined: 收到行情, PR507C6200.CZCE
2025-06-11 13:55:19.352 | INFO | SimpleStrategy | combined: 收到行情, PR507C6300.CZCE
2025-06-11 13:55:19.352 | INFO | SimpleStrategy | combined: 收到行情, PR507C6300.CZCE
2025-06-11 13:55:19.352 | INFO | SimpleStrategy | combined: 收到行情, PR507C6400.CZCE
2025-06-11 13:55:19.352 | INFO | SimpleStrategy | combined: 收到行情, PR507C6400.CZCE
2025-06-11 13:55:19.352 | INFO | SimpleStrategy | combined: 收到行情, PR507C6500.CZCE
2025-06-11 13:55:19.352 | INFO | SimpleStrategy | combined: 收到行情, PR507C6500.CZCE
2025-06-11 13:55:19.352 | INFO | SimpleStrategy | combined: 收到行情, PR507C6600.CZCE
2025-06-11 13:55:19.352 | INFO | SimpleStrategy | combined: 收到行情, PR507C6600.CZCE
2025-06-11 13:55:19.352 | INFO | SimpleStrategy | combined: 收到行情, PR507C6700.CZCE
2025-06-11 13:55:19.352 | INFO | SimpleStrategy | combined: 收到行情, PR507C6700.CZCE
2025-06-11 13:55:19.352 | INFO | SimpleStrategy | combined: 收到行情, PR507C6800.CZCE
2025-06-11 13:55:19.352 | INFO | SimpleStrategy | combined: 收到行情, PR507C6800.CZCE
2025-06-11 13:55:19.352 | INFO | SimpleStrategy | combined: 收到行情, PR507P4900.CZCE
2025-06-11 13:55:19.352 | INFO | SimpleStrategy | combined: 收到行情, PR507P4900.CZCE
2025-06-11 13:55:19.352 | INFO | SimpleStrategy | combined: 收到行情, PR507P4950.CZCE
2025-06-11 13:55:19.353 | INFO | SimpleStrategy | combined: 收到行情, PR507P4950.CZCE
2025-06-11 13:55:19.353 | INFO | SimpleStrategy | combined: 收到行情, PR507P5000.CZCE
2025-06-11 13:55:19.353 | INFO | SimpleStrategy | combined: 收到行情, PR507P5000.CZCE
2025-06-11 13:55:19.353 | INFO | SimpleStrategy | combined: 收到行情, PR507P5100.CZCE
2025-06-11 13:55:19.353 | INFO | SimpleStrategy | combined: 收到行情, PR507P5100.CZCE
2025-06-11 13:55:19.353 | INFO | SimpleStrategy | combined: 收到行情, PR507P5200.CZCE
2025-06-11 13:55:19.353 | INFO | SimpleStrategy | combined: 收到行情, PR507P5200.CZCE
2025-06-11 13:55:19.353 | INFO | SimpleStrategy | combined: 收到行情, PR507P5300.CZCE
2025-06-11 13:55:19.353 | INFO | SimpleStrategy | combined: 收到行情, PR507P5300.CZCE
2025-06-11 13:55:19.353 | INFO | SimpleStrategy | combined: 收到行情, PR507P5400.CZCE
2025-06-11 13:55:19.353 | INFO | SimpleStrategy | combined: 收到行情, PR507P5400.CZCE
2025-06-11 13:55:19.353 | INFO | SimpleStrategy | combined: 收到行情, PR507P5500.CZCE
2025-06-11 13:55:19.353 | INFO | SimpleStrategy | combined: 收到行情, PR507P5500.CZCE
2025-06-11 13:55:19.354 | INFO | SimpleStrategy | combined: 收到行情, PR507P5600.CZCE
2025-06-11 13:55:19.354 | INFO | SimpleStrategy | combined: 收到行情, PR507P5600.CZCE
2025-06-11 13:55:19.354 | INFO | SimpleStrategy | combined: 收到行情, PR507P5700.CZCE
2025-06-11 13:55:19.354 | INFO | SimpleStrategy | combined: 收到行情, PR507P5700.CZCE
2025-06-11 13:55:19.354 | INFO | SimpleStrategy | combined: 收到行情, PR507P5800.CZCE
2025-06-11 13:55:19.354 | INFO | SimpleStrategy | combined: 收到行情, PR507P5800.CZCE
2025-06-11 13:55:19.354 | INFO | SimpleStrategy | combined: 收到行情, PR507P5900.CZCE
2025-06-11 13:55:19.354 | INFO | SimpleStrategy | combined: 收到行情, PR507P5900.CZCE
2025-06-11 13:55:19.354 | INFO | SimpleStrategy | combined: 收到行情, PR507P6000.CZCE
2025-06-11 13:55:19.354 | INFO | SimpleStrategy | combined: 收到行情, PR507P6000.CZCE
2025-06-11 13:55:19.354 | INFO | SimpleStrategy | combined: 收到行情, PR507P6100.CZCE
2025-06-11 13:55:19.355 | INFO | SimpleStrategy | combined: 收到行情, PR507P6100.CZCE
2025-06-11 13:55:19.355 | INFO | SimpleStrategy | combined: 收到行情, PR507P6200.CZCE
2025-06-11 13:55:19.355 | INFO | SimpleStrategy | combined: 收到行情, PR507P6200.CZCE
2025-06-11 13:55:19.355 | INFO | SimpleStrategy | combined: 收到行情, PR507P6300.CZCE
2025-06-11 13:55:19.355 | INFO | SimpleStrategy | combined: 收到行情, PR507P6300.CZCE
2025-06-11 13:55:19.355 | INFO | SimpleStrategy | combined: 收到行情, PR507P6400.CZCE
2025-06-11 13:55:19.355 | INFO | SimpleStrategy | combined: 收到行情, PR507P6400.CZCE
2025-06-11 13:55:19.355 | INFO | SimpleStrategy | combined: 收到行情, PR507P6500.CZCE
2025-06-11 13:55:19.355 | INFO | SimpleStrategy | combined: 收到行情, PR507P6500.CZCE
2025-06-11 13:55:19.355 | INFO | SimpleStrategy | combined: 收到行情, PR507P6600.CZCE
2025-06-11 13:55:19.355 | INFO | SimpleStrategy | combined: 收到行情, PR507P6600.CZCE
2025-06-11 13:55:19.356 | INFO | SimpleStrategy | combined: 收到行情, PR507P6700.CZCE
2025-06-11 13:55:19.356 | INFO | SimpleStrategy | combined: 收到行情, PR507P6700.CZCE
2025-06-11 13:55:19.356 | INFO | SimpleStrategy | combined: 收到行情, PR507P6800.CZCE
2025-06-11 13:55:19.356 | INFO | SimpleStrategy | combined: 收到行情, PR507P6800.CZCE
2025-06-11 13:55:19.356 | INFO | SimpleStrategy | combined: 收到行情, PR508C5100.CZCE
2025-06-11 13:55:19.356 | INFO | SimpleStrategy | combined: 收到行情, PR508C5100.CZCE
2025-06-11 13:55:19.356 | INFO | SimpleStrategy | combined: 收到行情, PR508C5200.CZCE
2025-06-11 13:55:19.356 | INFO | SimpleStrategy | combined: 收到行情, PR508C5200.CZCE
2025-06-11 13:55:19.356 | INFO | SimpleStrategy | combined: 收到行情, PR508C5300.CZCE
2025-06-11 13:55:19.356 | INFO | SimpleStrategy | combined: 收到行情, PR508C5300.CZCE
2025-06-11 13:55:19.356 | INFO | SimpleStrategy | combined: 收到行情, PR508C5400.CZCE
2025-06-11 13:55:19.356 | INFO | SimpleStrategy | combined: 收到行情, PR508C5400.CZCE
2025-06-11 13:55:19.356 | INFO | SimpleStrategy | combined: 收到行情, PR508C5500.CZCE
2025-06-11 13:55:19.356 | INFO | SimpleStrategy | combined: 收到行情, PR508C5500.CZCE
2025-06-11 13:55:19.356 | INFO | SimpleStrategy | combined: 收到行情, PR508C5600.CZCE
2025-06-11 13:55:19.356 | INFO | SimpleStrategy | combined: 收到行情, PR508C5600.CZCE
2025-06-11 13:55:19.357 | INFO | SimpleStrategy | combined: 收到行情, PR508C5700.CZCE
2025-06-11 13:55:19.357 | INFO | SimpleStrategy | combined: 收到行情, PR508C5700.CZCE
2025-06-11 13:55:19.357 | INFO | SimpleStrategy | combined: 收到行情, PR508C5800.CZCE
2025-06-11 13:55:19.357 | INFO | SimpleStrategy | combined: 收到行情, PR508C5800.CZCE
2025-06-11 13:55:19.357 | INFO | SimpleStrategy | combined: 收到行情, PR508C5900.CZCE
2025-06-11 13:55:19.357 | INFO | SimpleStrategy | combined: 收到行情, PR508C5900.CZCE
2025-06-11 13:55:19.357 | INFO | SimpleStrategy | combined: 收到行情, PR508C6000.CZCE
2025-06-11 13:55:19.357 | INFO | SimpleStrategy | combined: 收到行情, PR508C6000.CZCE
2025-06-11 13:55:19.357 | INFO | SimpleStrategy | combined: 收到行情, PR508C6100.CZCE
2025-06-11 13:55:19.357 | INFO | SimpleStrategy | combined: 收到行情, PR508C6100.CZCE
2025-06-11 13:55:19.357 | INFO | SimpleStrategy | combined: 收到行情, PR508C6200.CZCE
2025-06-11 13:55:19.357 | INFO | SimpleStrategy | combined: 收到行情, PR508C6200.CZCE
2025-06-11 13:55:19.357 | INFO | SimpleStrategy | combined: 收到行情, PR508C6300.CZCE
2025-06-11 13:55:19.358 | INFO | SimpleStrategy | combined: 收到行情, PR508C6300.CZCE
2025-06-11 13:55:19.358 | INFO | SimpleStrategy | combined: 收到行情, PR508C6400.CZCE
2025-06-11 13:55:19.358 | INFO | SimpleStrategy | combined: 收到行情, PR508C6400.CZCE
2025-06-11 13:55:19.358 | INFO | SimpleStrategy | combined: 收到行情, PR508C6500.CZCE
2025-06-11 13:55:19.358 | INFO | SimpleStrategy | combined: 收到行情, PR508C6500.CZCE
2025-06-11 13:55:19.358 | INFO | SimpleStrategy | combined: 收到行情, PR508C6600.CZCE
2025-06-11 13:55:19.358 | INFO | SimpleStrategy | combined: 收到行情, PR508C6600.CZCE
2025-06-11 13:55:19.359 | INFO | SimpleStrategy | combined: 收到行情, PR508C6700.CZCE
2025-06-11 13:55:19.359 | INFO | SimpleStrategy | combined: 收到行情, PR508C6700.CZCE
2025-06-11 13:55:19.359 | INFO | SimpleStrategy | combined: 收到行情, PR508P5100.CZCE
2025-06-11 13:55:19.359 | INFO | SimpleStrategy | combined: 收到行情, PR508P5100.CZCE
2025-06-11 13:55:19.359 | INFO | SimpleStrategy | combined: 收到行情, PR508P5200.CZCE
2025-06-11 13:55:19.359 | INFO | SimpleStrategy | combined: 收到行情, PR508P5200.CZCE
2025-06-11 13:55:19.359 | INFO | SimpleStrategy | combined: 收到行情, PR508P5300.CZCE
2025-06-11 13:55:19.359 | INFO | SimpleStrategy | combined: 收到行情, PR508P5300.CZCE
2025-06-11 13:55:19.359 | INFO | SimpleStrategy | combined: 收到行情, PR508P5400.CZCE
2025-06-11 13:55:19.359 | INFO | SimpleStrategy | combined: 收到行情, PR508P5400.CZCE
2025-06-11 13:55:19.359 | INFO | SimpleStrategy | combined: 收到行情, PR508P5500.CZCE
2025-06-11 13:55:19.359 | INFO | SimpleStrategy | combined: 收到行情, PR508P5500.CZCE
2025-06-11 13:55:19.359 | INFO | SimpleStrategy | combined: 收到行情, PR508P5600.CZCE
2025-06-11 13:55:19.360 | INFO | SimpleStrategy | combined: 收到行情, PR508P5600.CZCE
2025-06-11 13:55:19.360 | INFO | SimpleStrategy | combined: 收到行情, PR508P5700.CZCE
2025-06-11 13:55:19.360 | INFO | SimpleStrategy | combined: 收到行情, PR508P5700.CZCE
2025-06-11 13:55:19.360 | INFO | SimpleStrategy | combined: 收到行情, PR508P5800.CZCE
2025-06-11 13:55:19.360 | INFO | SimpleStrategy | combined: 收到行情, PR508P5800.CZCE
2025-06-11 13:55:19.360 | INFO | SimpleStrategy | combined: 收到行情, PR508P5900.CZCE
2025-06-11 13:55:19.360 | INFO | SimpleStrategy | combined: 收到行情, PR508P5900.CZCE
2025-06-11 13:55:19.360 | INFO | SimpleStrategy | combined: 收到行情, PR508P6000.CZCE
2025-06-11 13:55:19.360 | INFO | SimpleStrategy | combined: 收到行情, PR508P6000.CZCE
2025-06-11 13:55:19.360 | INFO | SimpleStrategy | combined: 收到行情, PR508P6100.CZCE
2025-06-11 13:55:19.360 | INFO | SimpleStrategy | combined: 收到行情, PR508P6100.CZCE
2025-06-11 13:55:19.360 | INFO | SimpleStrategy | combined: 收到行情, PR508P6200.CZCE
2025-06-11 13:55:19.360 | INFO | SimpleStrategy | combined: 收到行情, PR508P6200.CZCE
2025-06-11 13:55:19.360 | INFO | SimpleStrategy | combined: 收到行情, PR508P6300.CZCE
2025-06-11 13:55:19.360 | INFO | SimpleStrategy | combined: 收到行情, PR508P6300.CZCE
2025-06-11 13:55:19.360 | INFO | SimpleStrategy | combined: 收到行情, PR508P6400.CZCE
2025-06-11 13:55:19.360 | INFO | SimpleStrategy | combined: 收到行情, PR508P6400.CZCE
2025-06-11 13:55:19.360 | INFO | SimpleStrategy | combined: 收到行情, PR508P6500.CZCE
2025-06-11 13:55:19.360 | INFO | SimpleStrategy | combined: 收到行情, PR508P6500.CZCE
2025-06-11 13:55:19.360 | INFO | SimpleStrategy | combined: 收到行情, PR508P6600.CZCE
2025-06-11 13:55:19.360 | INFO | SimpleStrategy | combined: 收到行情, PR508P6600.CZCE
2025-06-11 13:55:19.361 | INFO | SimpleStrategy | combined: 收到行情, PR508P6700.CZCE
2025-06-11 13:55:19.361 | INFO | SimpleStrategy | combined: 收到行情, PR508P6700.CZCE
2025-06-11 13:55:19.361 | INFO | SimpleStrategy | combined: 收到行情, PX508C5300.CZCE
2025-06-11 13:55:19.361 | INFO | SimpleStrategy | combined: 收到行情, PX508C5300.CZCE
2025-06-11 13:55:19.361 | INFO | SimpleStrategy | combined: 收到行情, PX508C5400.CZCE
2025-06-11 13:55:19.361 | INFO | SimpleStrategy | combined: 收到行情, PX508C5400.CZCE
2025-06-11 13:55:19.361 | INFO | SimpleStrategy | combined: 收到行情, PX508C5500.CZCE
2025-06-11 13:55:19.361 | INFO | SimpleStrategy | combined: 收到行情, PX508C5500.CZCE
2025-06-11 13:55:19.361 | INFO | SimpleStrategy | combined: 收到行情, PX508C5600.CZCE
2025-06-11 13:55:19.362 | INFO | SimpleStrategy | combined: 收到行情, PX508C5600.CZCE
2025-06-11 13:55:19.362 | INFO | SimpleStrategy | combined: 收到行情, PX508C5700.CZCE
2025-06-11 13:55:19.362 | INFO | SimpleStrategy | combined: 收到行情, PX508C5700.CZCE
2025-06-11 13:55:19.362 | INFO | SimpleStrategy | combined: 收到行情, PX508C5800.CZCE
2025-06-11 13:55:19.362 | INFO | SimpleStrategy | combined: 收到行情, PX508C5800.CZCE
2025-06-11 13:55:19.362 | INFO | SimpleStrategy | combined: 收到行情, PX508C5900.CZCE
2025-06-11 13:55:19.362 | INFO | SimpleStrategy | combined: 收到行情, PX508C5900.CZCE
2025-06-11 13:55:19.362 | INFO | SimpleStrategy | combined: 收到行情, PX508C6000.CZCE
2025-06-11 13:55:19.362 | INFO | SimpleStrategy | combined: 收到行情, PX508C6000.CZCE
2025-06-11 13:55:19.362 | INFO | SimpleStrategy | combined: 收到行情, PX508C6100.CZCE
2025-06-11 13:55:19.362 | INFO | SimpleStrategy | combined: 收到行情, PX508C6100.CZCE
2025-06-11 13:55:19.362 | INFO | SimpleStrategy | combined: 收到行情, PX508C6200.CZCE
2025-06-11 13:55:19.362 | INFO | SimpleStrategy | combined: 收到行情, PX508C6200.CZCE
2025-06-11 13:55:19.362 | INFO | SimpleStrategy | combined: 收到行情, PX508C6300.CZCE
2025-06-11 13:55:19.362 | INFO | SimpleStrategy | combined: 收到行情, PX508C6300.CZCE
2025-06-11 13:55:19.362 | INFO | SimpleStrategy | combined: 收到行情, PX508C6400.CZCE
2025-06-11 13:55:19.362 | INFO | SimpleStrategy | combined: 收到行情, PX508C6400.CZCE
2025-06-11 13:55:19.363 | INFO | SimpleStrategy | combined: 收到行情, PX508C6500.CZCE
2025-06-11 13:55:19.363 | INFO | SimpleStrategy | combined: 收到行情, PX508C6500.CZCE
2025-06-11 13:55:19.363 | INFO | SimpleStrategy | combined: 收到行情, PX508C6600.CZCE
2025-06-11 13:55:19.363 | INFO | SimpleStrategy | combined: 收到行情, PX508C6600.CZCE
2025-06-11 13:55:19.363 | INFO | SimpleStrategy | combined: 收到行情, PX508C6700.CZCE
2025-06-11 13:55:19.363 | INFO | SimpleStrategy | combined: 收到行情, PX508C6700.CZCE
2025-06-11 13:55:19.363 | INFO | SimpleStrategy | combined: 收到行情, PX508C6800.CZCE
2025-06-11 13:55:19.363 | INFO | SimpleStrategy | combined: 收到行情, PX508C6800.CZCE
2025-06-11 13:55:19.363 | INFO | SimpleStrategy | combined: 收到行情, PX508C6900.CZCE
2025-06-11 13:55:19.363 | INFO | SimpleStrategy | combined: 收到行情, PX508C6900.CZCE
2025-06-11 13:55:19.363 | INFO | SimpleStrategy | combined: 收到行情, PX508C7000.CZCE
2025-06-11 13:55:19.363 | INFO | SimpleStrategy | combined: 收到行情, PX508C7000.CZCE
2025-06-11 13:55:19.363 | INFO | SimpleStrategy | combined: 收到行情, PX508C7100.CZCE
2025-06-11 13:55:19.363 | INFO | SimpleStrategy | combined: 收到行情, PX508C7100.CZCE
2025-06-11 13:55:19.363 | INFO | SimpleStrategy | combined: 收到行情, PX508C7200.CZCE
2025-06-11 13:55:19.363 | INFO | SimpleStrategy | combined: 收到行情, PX508C7200.CZCE
2025-06-11 13:55:19.363 | INFO | SimpleStrategy | combined: 收到行情, PX508C7300.CZCE
2025-06-11 13:55:19.364 | INFO | SimpleStrategy | combined: 收到行情, PX508C7300.CZCE
2025-06-11 13:55:19.364 | INFO | SimpleStrategy | combined: 收到行情, PX508C7400.CZCE
2025-06-11 13:55:19.364 | INFO | SimpleStrategy | combined: 收到行情, PX508C7400.CZCE
2025-06-11 13:55:19.364 | INFO | SimpleStrategy | combined: 收到行情, PX508C7500.CZCE
2025-06-11 13:55:19.364 | INFO | SimpleStrategy | combined: 收到行情, PX508C7500.CZCE
2025-06-11 13:55:19.364 | INFO | SimpleStrategy | combined: 收到行情, PX508C7600.CZCE
2025-06-11 13:55:19.364 | INFO | SimpleStrategy | combined: 收到行情, PX508C7600.CZCE
2025-06-11 13:55:19.364 | INFO | SimpleStrategy | combined: 收到行情, PX508C7700.CZCE
2025-06-11 13:55:19.364 | INFO | SimpleStrategy | combined: 收到行情, PX508C7700.CZCE
2025-06-11 13:55:19.364 | INFO | SimpleStrategy | combined: 收到行情, PX508C7800.CZCE
2025-06-11 13:55:19.364 | INFO | SimpleStrategy | combined: 收到行情, PX508C7800.CZCE
2025-06-11 13:55:19.364 | INFO | SimpleStrategy | combined: 收到行情, PX508C7900.CZCE
2025-06-11 13:55:19.364 | INFO | SimpleStrategy | combined: 收到行情, PX508C7900.CZCE
2025-06-11 13:55:19.364 | INFO | SimpleStrategy | combined: 收到行情, PX508P5300.CZCE
2025-06-11 13:55:19.364 | INFO | SimpleStrategy | combined: 收到行情, PX508P5300.CZCE
2025-06-11 13:55:19.364 | INFO | SimpleStrategy | combined: 收到行情, PX508P5400.CZCE
2025-06-11 13:55:19.365 | INFO | SimpleStrategy | combined: 收到行情, PX508P5400.CZCE
2025-06-11 13:55:19.365 | INFO | SimpleStrategy | combined: 收到行情, PX508P5500.CZCE
2025-06-11 13:55:19.365 | INFO | SimpleStrategy | combined: 收到行情, PX508P5500.CZCE
2025-06-11 13:55:19.365 | INFO | SimpleStrategy | combined: 收到行情, PX508P5600.CZCE
2025-06-11 13:55:19.365 | INFO | SimpleStrategy | combined: 收到行情, PX508P5600.CZCE
2025-06-11 13:55:19.365 | INFO | SimpleStrategy | combined: 收到行情, PX508P5700.CZCE
2025-06-11 13:55:19.365 | INFO | SimpleStrategy | combined: 收到行情, PX508P5700.CZCE
2025-06-11 13:55:19.365 | INFO | SimpleStrategy | combined: 收到行情, PX508P5800.CZCE
2025-06-11 13:55:19.365 | INFO | SimpleStrategy | combined: 收到行情, PX508P5800.CZCE
2025-06-11 13:55:19.365 | INFO | SimpleStrategy | combined: 收到行情, PX508P5900.CZCE
2025-06-11 13:55:19.365 | INFO | SimpleStrategy | combined: 收到行情, PX508P5900.CZCE
2025-06-11 13:55:19.365 | INFO | SimpleStrategy | combined: 收到行情, PX508P6000.CZCE
2025-06-11 13:55:19.365 | INFO | SimpleStrategy | combined: 收到行情, PX508P6000.CZCE
2025-06-11 13:55:19.365 | INFO | SimpleStrategy | combined: 收到行情, PX508P6100.CZCE
2025-06-11 13:55:19.365 | INFO | SimpleStrategy | combined: 收到行情, PX508P6100.CZCE
2025-06-11 13:55:19.365 | INFO | SimpleStrategy | combined: 收到行情, PX508P6200.CZCE
2025-06-11 13:55:19.366 | INFO | SimpleStrategy | combined: 收到行情, PX508P6200.CZCE
2025-06-11 13:55:19.366 | INFO | SimpleStrategy | combined: 收到行情, PX508P6300.CZCE
2025-06-11 13:55:19.366 | INFO | SimpleStrategy | combined: 收到行情, PX508P6300.CZCE
2025-06-11 13:55:19.366 | INFO | SimpleStrategy | combined: 收到行情, PX508P6400.CZCE
2025-06-11 13:55:19.366 | INFO | SimpleStrategy | combined: 收到行情, PX508P6400.CZCE
2025-06-11 13:55:19.366 | INFO | SimpleStrategy | combined: 收到行情, PX508P6500.CZCE
2025-06-11 13:55:19.366 | INFO | SimpleStrategy | combined: 收到行情, PX508P6500.CZCE
2025-06-11 13:55:19.366 | INFO | SimpleStrategy | combined: 收到行情, PX508P6600.CZCE
2025-06-11 13:55:19.366 | INFO | SimpleStrategy | combined: 收到行情, PX508P6600.CZCE
2025-06-11 13:55:19.366 | INFO | SimpleStrategy | combined: 收到行情, PX508P6700.CZCE
2025-06-11 13:55:19.366 | INFO | SimpleStrategy | combined: 收到行情, PX508P6700.CZCE
2025-06-11 13:55:19.366 | INFO | SimpleStrategy | combined: 收到行情, PX508P6800.CZCE
2025-06-11 13:55:19.366 | INFO | SimpleStrategy | combined: 收到行情, PX508P6800.CZCE
2025-06-11 13:55:19.366 | INFO | SimpleStrategy | combined: 收到行情, PX508P6900.CZCE
2025-06-11 13:55:19.366 | INFO | SimpleStrategy | combined: 收到行情, PX508P6900.CZCE
2025-06-11 13:55:19.366 | INFO | SimpleStrategy | combined: 收到行情, PX508P7000.CZCE
2025-06-11 13:55:19.367 | INFO | SimpleStrategy | combined: 收到行情, PX508P7000.CZCE
2025-06-11 13:55:19.367 | INFO | SimpleStrategy | combined: 收到行情, PX508P7100.CZCE
2025-06-11 13:55:19.367 | INFO | SimpleStrategy | combined: 收到行情, PX508P7100.CZCE
2025-06-11 13:55:19.367 | INFO | SimpleStrategy | combined: 收到行情, PX508P7200.CZCE
2025-06-11 13:55:19.367 | INFO | SimpleStrategy | combined: 收到行情, PX508P7200.CZCE
2025-06-11 13:55:19.367 | INFO | SimpleStrategy | combined: 收到行情, PX508P7300.CZCE
2025-06-11 13:55:19.367 | INFO | SimpleStrategy | combined: 收到行情, PX508P7300.CZCE
2025-06-11 13:55:19.367 | INFO | SimpleStrategy | combined: 收到行情, PX508P7400.CZCE
2025-06-11 13:55:19.367 | INFO | SimpleStrategy | combined: 收到行情, PX508P7400.CZCE
2025-06-11 13:55:19.367 | INFO | SimpleStrategy | combined: 收到行情, PX508P7500.CZCE
2025-06-11 13:55:19.367 | INFO | SimpleStrategy | combined: 收到行情, PX508P7500.CZCE
2025-06-11 13:55:19.367 | INFO | SimpleStrategy | combined: 收到行情, PX508P7600.CZCE
2025-06-11 13:55:19.367 | INFO | SimpleStrategy | combined: 收到行情, PX508P7600.CZCE
2025-06-11 13:55:19.367 | INFO | SimpleStrategy | combined: 收到行情, PX508P7700.CZCE
2025-06-11 13:55:19.367 | INFO | SimpleStrategy | combined: 收到行情, PX508P7700.CZCE
2025-06-11 13:55:19.367 | INFO | SimpleStrategy | combined: 收到行情, PX508P7800.CZCE
2025-06-11 13:55:19.368 | INFO | SimpleStrategy | combined: 收到行情, PX508P7800.CZCE
2025-06-11 13:55:19.368 | INFO | SimpleStrategy | combined: 收到行情, PX508P7900.CZCE
2025-06-11 13:55:19.368 | INFO | SimpleStrategy | combined: 收到行情, PX508P7900.CZCE
2025-06-11 13:55:19.368 | INFO | SimpleStrategy | combined: 收到行情, PX509C5200.CZCE
2025-06-11 13:55:19.368 | INFO | SimpleStrategy | combined: 收到行情, PX509C5200.CZCE
2025-06-11 13:55:19.368 | INFO | SimpleStrategy | combined: 收到行情, PX509C5300.CZCE
2025-06-11 13:55:19.368 | INFO | SimpleStrategy | combined: 收到行情, PX509C5300.CZCE
2025-06-11 13:55:19.368 | INFO | SimpleStrategy | combined: 收到行情, PX509C5400.CZCE
2025-06-11 13:55:19.368 | INFO | SimpleStrategy | combined: 收到行情, PX509C5400.CZCE
2025-06-11 13:55:19.368 | INFO | SimpleStrategy | combined: 收到行情, PX509C5500.CZCE
2025-06-11 13:55:19.368 | INFO | SimpleStrategy | combined: 收到行情, PX509C5500.CZCE
2025-06-11 13:55:19.368 | INFO | SimpleStrategy | combined: 收到行情, PX509C5600.CZCE
2025-06-11 13:55:19.368 | INFO | SimpleStrategy | combined: 收到行情, PX509C5600.CZCE
2025-06-11 13:55:19.368 | INFO | SimpleStrategy | combined: 收到行情, PX509C5700.CZCE
2025-06-11 13:55:19.368 | INFO | SimpleStrategy | combined: 收到行情, PX509C5700.CZCE
2025-06-11 13:55:19.368 | INFO | SimpleStrategy | combined: 收到行情, PX509C5800.CZCE
2025-06-11 13:55:19.369 | INFO | SimpleStrategy | combined: 收到行情, PX509C5800.CZCE
2025-06-11 13:55:19.369 | INFO | SimpleStrategy | combined: 收到行情, PX509C5900.CZCE
2025-06-11 13:55:19.369 | INFO | SimpleStrategy | combined: 收到行情, PX509C5900.CZCE
2025-06-11 13:55:19.369 | INFO | SimpleStrategy | combined: 收到行情, PX509C6000.CZCE
2025-06-11 13:55:19.369 | INFO | SimpleStrategy | combined: 收到行情, PX509C6000.CZCE
2025-06-11 13:55:19.369 | INFO | SimpleStrategy | combined: 收到行情, PX509C6100.CZCE
2025-06-11 13:55:19.369 | INFO | SimpleStrategy | combined: 收到行情, PX509C6100.CZCE
2025-06-11 13:55:19.369 | INFO | SimpleStrategy | combined: 收到行情, PX509C6200.CZCE
2025-06-11 13:55:19.369 | INFO | SimpleStrategy | combined: 收到行情, PX509C6200.CZCE
2025-06-11 13:55:19.369 | INFO | SimpleStrategy | combined: 收到行情, PX509C6300.CZCE
2025-06-11 13:55:19.369 | INFO | SimpleStrategy | combined: 收到行情, PX509C6300.CZCE
2025-06-11 13:55:19.369 | INFO | SimpleStrategy | combined: 收到行情, PX509C6400.CZCE
2025-06-11 13:55:19.369 | INFO | SimpleStrategy | combined: 收到行情, PX509C6400.CZCE
2025-06-11 13:55:19.369 | INFO | SimpleStrategy | combined: 收到行情, PX509C6500.CZCE
2025-06-11 13:55:19.369 | INFO | SimpleStrategy | combined: 收到行情, PX509C6500.CZCE
2025-06-11 13:55:19.370 | INFO | SimpleStrategy | combined: 收到行情, PX509C6600.CZCE
2025-06-11 13:55:19.370 | INFO | SimpleStrategy | combined: 收到行情, PX509C6600.CZCE
2025-06-11 13:55:19.370 | INFO | SimpleStrategy | combined: 收到行情, PX509C6700.CZCE
2025-06-11 13:55:19.370 | INFO | SimpleStrategy | combined: 收到行情, PX509C6700.CZCE
2025-06-11 13:55:19.370 | INFO | SimpleStrategy | combined: 收到行情, PX509C6800.CZCE
2025-06-11 13:55:19.371 | INFO | SimpleStrategy | combined: 收到行情, PX509C6800.CZCE
2025-06-11 13:55:19.371 | INFO | SimpleStrategy | combined: 收到行情, PX509C6900.CZCE
2025-06-11 13:55:19.371 | INFO | SimpleStrategy | combined: 收到行情, PX509C6900.CZCE
2025-06-11 13:55:19.371 | INFO | SimpleStrategy | combined: 收到行情, PX509C7000.CZCE
2025-06-11 13:55:19.371 | INFO | SimpleStrategy | combined: 收到行情, PX509C7000.CZCE
2025-06-11 13:55:19.371 | INFO | SimpleStrategy | combined: 收到行情, PX509C7100.CZCE
2025-06-11 13:55:19.371 | INFO | SimpleStrategy | combined: 收到行情, PX509C7100.CZCE
2025-06-11 13:55:19.371 | INFO | SimpleStrategy | combined: 收到行情, PX509C7200.CZCE
2025-06-11 13:55:19.371 | INFO | SimpleStrategy | combined: 收到行情, PX509C7200.CZCE
2025-06-11 13:55:19.371 | INFO | SimpleStrategy | combined: 收到行情, PX509C7300.CZCE
2025-06-11 13:55:19.371 | INFO | SimpleStrategy | combined: 收到行情, PX509C7300.CZCE
2025-06-11 13:55:19.371 | INFO | SimpleStrategy | combined: 收到行情, PX509C7400.CZCE
2025-06-11 13:55:19.372 | INFO | SimpleStrategy | combined: 收到行情, PX509C7400.CZCE
2025-06-11 13:55:19.372 | INFO | SimpleStrategy | combined: 收到行情, PX509C7500.CZCE
2025-06-11 13:55:19.372 | INFO | SimpleStrategy | combined: 收到行情, PX509C7500.CZCE
2025-06-11 13:55:19.372 | INFO | SimpleStrategy | combined: 收到行情, PX509C7600.CZCE
2025-06-11 13:55:19.372 | INFO | SimpleStrategy | combined: 收到行情, PX509C7600.CZCE
2025-06-11 13:55:19.372 | INFO | SimpleStrategy | combined: 收到行情, PX509C7700.CZCE
2025-06-11 13:55:19.372 | INFO | SimpleStrategy | combined: 收到行情, PX509C7700.CZCE
2025-06-11 13:55:19.372 | INFO | SimpleStrategy | combined: 收到行情, PX509C7800.CZCE
2025-06-11 13:55:19.372 | INFO | SimpleStrategy | combined: 收到行情, PX509C7800.CZCE
2025-06-11 13:55:19.372 | INFO | SimpleStrategy | combined: 收到行情, PX509C7900.CZCE
2025-06-11 13:55:19.372 | INFO | SimpleStrategy | combined: 收到行情, PX509C7900.CZCE
2025-06-11 13:55:19.372 | INFO | SimpleStrategy | combined: 收到行情, PX509C8000.CZCE
2025-06-11 13:55:19.372 | INFO | SimpleStrategy | combined: 收到行情, PX509C8000.CZCE
2025-06-11 13:55:19.372 | INFO | SimpleStrategy | combined: 收到行情, PX509C8100.CZCE
2025-06-11 13:55:19.373 | INFO | SimpleStrategy | combined: 收到行情, PX509C8100.CZCE
2025-06-11 13:55:19.373 | INFO | SimpleStrategy | combined: 收到行情, PX509C8200.CZCE
2025-06-11 13:55:19.373 | INFO | SimpleStrategy | combined: 收到行情, PX509C8200.CZCE
2025-06-11 13:55:19.373 | INFO | SimpleStrategy | combined: 收到行情, PX509C8300.CZCE
2025-06-11 13:55:19.373 | INFO | SimpleStrategy | combined: 收到行情, PX509C8300.CZCE
2025-06-11 13:55:19.373 | INFO | SimpleStrategy | combined: 收到行情, PX509C8400.CZCE
2025-06-11 13:55:19.373 | INFO | SimpleStrategy | combined: 收到行情, PX509C8400.CZCE
2025-06-11 13:55:19.373 | INFO | SimpleStrategy | combined: 收到行情, PX509P5200.CZCE
2025-06-11 13:55:19.373 | INFO | SimpleStrategy | combined: 收到行情, PX509P5200.CZCE
2025-06-11 13:55:19.373 | INFO | SimpleStrategy | combined: 收到行情, PX509P5300.CZCE
2025-06-11 13:55:19.373 | INFO | SimpleStrategy | combined: 收到行情, PX509P5300.CZCE
2025-06-11 13:55:19.373 | INFO | SimpleStrategy | combined: 收到行情, PX509P5400.CZCE
2025-06-11 13:55:19.373 | INFO | SimpleStrategy | combined: 收到行情, PX509P5400.CZCE
2025-06-11 13:55:19.374 | INFO | SimpleStrategy | combined: 收到行情, PX509P5500.CZCE
2025-06-11 13:55:19.374 | INFO | SimpleStrategy | combined: 收到行情, PX509P5500.CZCE
2025-06-11 13:55:19.374 | INFO | SimpleStrategy | combined: 收到行情, PX509P5600.CZCE
2025-06-11 13:55:19.374 | INFO | SimpleStrategy | combined: 收到行情, PX509P5600.CZCE
2025-06-11 13:55:19.374 | INFO | SimpleStrategy | combined: 收到行情, PX509P5700.CZCE
2025-06-11 13:55:19.374 | INFO | SimpleStrategy | combined: 收到行情, PX509P5700.CZCE
2025-06-11 13:55:19.374 | INFO | SimpleStrategy | combined: 收到行情, PX509P5800.CZCE
2025-06-11 13:55:19.374 | INFO | SimpleStrategy | combined: 收到行情, PX509P5800.CZCE
2025-06-11 13:55:19.374 | INFO | SimpleStrategy | combined: 收到行情, PX509P5900.CZCE
2025-06-11 13:55:19.374 | INFO | SimpleStrategy | combined: 收到行情, PX509P5900.CZCE
2025-06-11 13:55:19.374 | INFO | SimpleStrategy | combined: 收到行情, PX509P6000.CZCE
2025-06-11 13:55:19.374 | INFO | SimpleStrategy | combined: 收到行情, PX509P6000.CZCE
2025-06-11 13:55:19.375 | INFO | SimpleStrategy | combined: 收到行情, PX509P6100.CZCE
2025-06-11 13:55:19.375 | INFO | SimpleStrategy | combined: 收到行情, PX509P6100.CZCE
2025-06-11 13:55:19.375 | INFO | SimpleStrategy | combined: 收到行情, PX509P6200.CZCE
2025-06-11 13:55:19.375 | INFO | SimpleStrategy | combined: 收到行情, PX509P6200.CZCE
2025-06-11 13:55:19.375 | INFO | SimpleStrategy | combined: 收到行情, PX509P6300.CZCE
2025-06-11 13:55:19.375 | INFO | SimpleStrategy | combined: 收到行情, PX509P6300.CZCE
2025-06-11 13:55:19.375 | INFO | SimpleStrategy | combined: 收到行情, PX509P6400.CZCE
2025-06-11 13:55:19.375 | INFO | SimpleStrategy | combined: 收到行情, PX509P6400.CZCE
2025-06-11 13:55:19.375 | INFO | SimpleStrategy | combined: 收到行情, PX509P6500.CZCE
2025-06-11 13:55:19.375 | INFO | SimpleStrategy | combined: 收到行情, PX509P6500.CZCE
2025-06-11 13:55:19.375 | INFO | SimpleStrategy | combined: 收到行情, PX509P6600.CZCE
2025-06-11 13:55:19.375 | INFO | SimpleStrategy | combined: 收到行情, PX509P6600.CZCE
2025-06-11 13:55:19.375 | INFO | SimpleStrategy | combined: 收到行情, PX509P6700.CZCE
2025-06-11 13:55:19.375 | INFO | SimpleStrategy | combined: 收到行情, PX509P6700.CZCE
2025-06-11 13:55:19.375 | INFO | SimpleStrategy | combined: 收到行情, PX509P6800.CZCE
2025-06-11 13:55:19.376 | INFO | SimpleStrategy | combined: 收到行情, PX509P6800.CZCE
2025-06-11 13:55:19.376 | INFO | SimpleStrategy | combined: 收到行情, PX509P6900.CZCE
2025-06-11 13:55:19.376 | INFO | SimpleStrategy | combined: 收到行情, PX509P6900.CZCE
2025-06-11 13:55:19.376 | INFO | SimpleStrategy | combined: 收到行情, PX509P7000.CZCE
2025-06-11 13:55:19.376 | INFO | SimpleStrategy | combined: 收到行情, PX509P7000.CZCE
2025-06-11 13:55:19.376 | INFO | SimpleStrategy | combined: 收到行情, PX509P7100.CZCE
2025-06-11 13:55:19.376 | INFO | SimpleStrategy | combined: 收到行情, PX509P7100.CZCE
2025-06-11 13:55:19.376 | INFO | SimpleStrategy | combined: 收到行情, PX509P7200.CZCE
2025-06-11 13:55:19.376 | INFO | SimpleStrategy | combined: 收到行情, PX509P7200.CZCE
2025-06-11 13:55:19.376 | INFO | SimpleStrategy | combined: 收到行情, PX509P7300.CZCE
2025-06-11 13:55:19.376 | INFO | SimpleStrategy | combined: 收到行情, PX509P7300.CZCE
2025-06-11 13:55:19.376 | INFO | SimpleStrategy | combined: 收到行情, PX509P7400.CZCE
2025-06-11 13:55:19.376 | INFO | SimpleStrategy | combined: 收到行情, PX509P7400.CZCE
2025-06-11 13:55:19.376 | INFO | SimpleStrategy | combined: 收到行情, PX509P7500.CZCE
2025-06-11 13:55:19.376 | INFO | SimpleStrategy | combined: 收到行情, PX509P7500.CZCE
2025-06-11 13:55:19.377 | INFO | SimpleStrategy | combined: 收到行情, PX509P7600.CZCE
2025-06-11 13:55:19.377 | INFO | SimpleStrategy | combined: 收到行情, PX509P7600.CZCE
2025-06-11 13:55:19.377 | INFO | SimpleStrategy | combined: 收到行情, PX509P7700.CZCE
2025-06-11 13:55:19.377 | INFO | SimpleStrategy | combined: 收到行情, PX509P7700.CZCE
2025-06-11 13:55:19.377 | INFO | SimpleStrategy | combined: 收到行情, PX509P7800.CZCE
2025-06-11 13:55:19.377 | INFO | SimpleStrategy | combined: 收到行情, PX509P7800.CZCE
2025-06-11 13:55:19.377 | INFO | SimpleStrategy | combined: 收到行情, PX509P7900.CZCE
2025-06-11 13:55:19.377 | INFO | SimpleStrategy | combined: 收到行情, PX509P7900.CZCE
2025-06-11 13:55:19.377 | INFO | SimpleStrategy | combined: 收到行情, PX509P8000.CZCE
2025-06-11 13:55:19.377 | INFO | SimpleStrategy | combined: 收到行情, PX509P8000.CZCE
2025-06-11 13:55:19.377 | INFO | SimpleStrategy | combined: 收到行情, PX509P8100.CZCE
2025-06-11 13:55:19.377 | INFO | SimpleStrategy | combined: 收到行情, PX509P8100.CZCE
2025-06-11 13:55:19.377 | INFO | SimpleStrategy | combined: 收到行情, PX509P8200.CZCE
2025-06-11 13:55:19.377 | INFO | SimpleStrategy | combined: 收到行情, PX509P8200.CZCE
2025-06-11 13:55:19.378 | INFO | SimpleStrategy | combined: 收到行情, PX509P8300.CZCE
2025-06-11 13:55:19.378 | INFO | SimpleStrategy | combined: 收到行情, PX509P8300.CZCE
2025-06-11 13:55:19.378 | INFO | SimpleStrategy | combined: 收到行情, PX509P8400.CZCE
2025-06-11 13:55:19.378 | INFO | SimpleStrategy | combined: 收到行情, PX509P8400.CZCE
2025-06-11 13:55:19.378 | INFO | SimpleStrategy | combined: 收到行情, RM507C2000.CZCE
2025-06-11 13:55:19.378 | INFO | SimpleStrategy | combined: 收到行情, RM507C2000.CZCE
2025-06-11 13:55:19.378 | INFO | SimpleStrategy | combined: 收到行情, RM507C2025.CZCE
2025-06-11 13:55:19.378 | INFO | SimpleStrategy | combined: 收到行情, RM507C2025.CZCE
2025-06-11 13:55:19.378 | INFO | SimpleStrategy | combined: 收到行情, RM507C2050.CZCE
2025-06-11 13:55:19.378 | INFO | SimpleStrategy | combined: 收到行情, RM507C2050.CZCE
2025-06-11 13:55:19.378 | INFO | SimpleStrategy | combined: 收到行情, RM507C2075.CZCE
2025-06-11 13:55:19.378 | INFO | SimpleStrategy | combined: 收到行情, RM507C2075.CZCE
2025-06-11 13:55:19.378 | INFO | SimpleStrategy | combined: 收到行情, RM507C2100.CZCE
2025-06-11 13:55:19.379 | INFO | SimpleStrategy | combined: 收到行情, RM507C2100.CZCE
2025-06-11 13:55:19.379 | INFO | SimpleStrategy | combined: 收到行情, RM507C2125.CZCE
2025-06-11 13:55:19.379 | INFO | SimpleStrategy | combined: 收到行情, RM507C2125.CZCE
2025-06-11 13:55:19.379 | INFO | SimpleStrategy | combined: 收到行情, RM507C2150.CZCE
2025-06-11 13:55:19.379 | INFO | SimpleStrategy | combined: 收到行情, RM507C2150.CZCE
2025-06-11 13:55:19.379 | INFO | SimpleStrategy | combined: 收到行情, RM507C2175.CZCE
2025-06-11 13:55:19.379 | INFO | SimpleStrategy | combined: 收到行情, RM507C2175.CZCE
2025-06-11 13:55:19.379 | INFO | SimpleStrategy | combined: 收到行情, RM507C2200.CZCE
2025-06-11 13:55:19.379 | INFO | SimpleStrategy | combined: 收到行情, RM507C2200.CZCE
2025-06-11 13:55:19.379 | INFO | SimpleStrategy | combined: 收到行情, RM507C2225.CZCE
2025-06-11 13:55:19.379 | INFO | SimpleStrategy | combined: 收到行情, RM507C2225.CZCE
2025-06-11 13:55:19.379 | INFO | SimpleStrategy | combined: 收到行情, RM507C2250.CZCE
2025-06-11 13:55:19.379 | INFO | SimpleStrategy | combined: 收到行情, RM507C2250.CZCE
2025-06-11 13:55:19.379 | INFO | SimpleStrategy | combined: 收到行情, RM507C2275.CZCE
2025-06-11 13:55:19.380 | INFO | SimpleStrategy | combined: 收到行情, RM507C2275.CZCE
2025-06-11 13:55:19.380 | INFO | SimpleStrategy | combined: 收到行情, RM507C2300.CZCE
2025-06-11 13:55:19.380 | INFO | SimpleStrategy | combined: 收到行情, RM507C2300.CZCE
2025-06-11 13:55:19.380 | INFO | SimpleStrategy | combined: 收到行情, RM507C2325.CZCE
2025-06-11 13:55:19.380 | INFO | SimpleStrategy | combined: 收到行情, RM507C2325.CZCE
2025-06-11 13:55:19.380 | INFO | SimpleStrategy | combined: 收到行情, RM507C2350.CZCE
2025-06-11 13:55:19.380 | INFO | SimpleStrategy | combined: 收到行情, RM507C2350.CZCE
2025-06-11 13:55:19.380 | INFO | SimpleStrategy | combined: 收到行情, RM507C2375.CZCE
2025-06-11 13:55:19.380 | INFO | SimpleStrategy | combined: 收到行情, RM507C2375.CZCE
2025-06-11 13:55:19.380 | INFO | SimpleStrategy | combined: 收到行情, RM507C2400.CZCE
2025-06-11 13:55:19.380 | INFO | SimpleStrategy | combined: 收到行情, RM507C2400.CZCE
2025-06-11 13:55:19.380 | INFO | SimpleStrategy | combined: 收到行情, RM507C2425.CZCE
2025-06-11 13:55:19.380 | INFO | SimpleStrategy | combined: 收到行情, RM507C2425.CZCE
2025-06-11 13:55:19.380 | INFO | SimpleStrategy | combined: 收到行情, RM507C2450.CZCE
2025-06-11 13:55:19.380 | INFO | SimpleStrategy | combined: 收到行情, RM507C2450.CZCE
2025-06-11 13:55:19.381 | INFO | SimpleStrategy | combined: 收到行情, RM507C2475.CZCE
2025-06-11 13:55:19.381 | INFO | SimpleStrategy | combined: 收到行情, RM507C2475.CZCE
2025-06-11 13:55:19.381 | INFO | SimpleStrategy | combined: 收到行情, RM507C2500.CZCE
2025-06-11 13:55:19.381 | INFO | SimpleStrategy | combined: 收到行情, RM507C2500.CZCE
2025-06-11 13:55:19.381 | INFO | SimpleStrategy | combined: 收到行情, RM507C2550.CZCE
2025-06-11 13:55:19.381 | INFO | SimpleStrategy | combined: 收到行情, RM507C2550.CZCE
2025-06-11 13:55:19.381 | INFO | SimpleStrategy | combined: 收到行情, RM507C2600.CZCE
2025-06-11 13:55:19.381 | INFO | SimpleStrategy | combined: 收到行情, RM507C2600.CZCE
2025-06-11 13:55:19.381 | INFO | SimpleStrategy | combined: 收到行情, RM507C2650.CZCE
2025-06-11 13:55:19.381 | INFO | SimpleStrategy | combined: 收到行情, RM507C2650.CZCE
2025-06-11 13:55:19.381 | INFO | SimpleStrategy | combined: 收到行情, RM507C2700.CZCE
2025-06-11 13:55:19.381 | INFO | SimpleStrategy | combined: 收到行情, RM507C2700.CZCE
2025-06-11 13:55:19.381 | INFO | SimpleStrategy | combined: 收到行情, RM507C2750.CZCE
2025-06-11 13:55:19.381 | INFO | SimpleStrategy | combined: 收到行情, RM507C2750.CZCE
2025-06-11 13:55:19.381 | INFO | SimpleStrategy | combined: 收到行情, RM507C2800.CZCE
2025-06-11 13:55:19.381 | INFO | SimpleStrategy | combined: 收到行情, RM507C2800.CZCE
2025-06-11 13:55:19.381 | INFO | SimpleStrategy | combined: 收到行情, RM507C2850.CZCE
2025-06-11 13:55:19.381 | INFO | SimpleStrategy | combined: 收到行情, RM507C2850.CZCE
2025-06-11 13:55:19.381 | INFO | SimpleStrategy | combined: 收到行情, RM507C2900.CZCE
2025-06-11 13:55:19.381 | INFO | SimpleStrategy | combined: 收到行情, RM507C2900.CZCE
2025-06-11 13:55:19.381 | INFO | SimpleStrategy | combined: 收到行情, RM507C2950.CZCE
2025-06-11 13:55:19.381 | INFO | SimpleStrategy | combined: 收到行情, RM507C2950.CZCE
2025-06-11 13:55:19.382 | INFO | SimpleStrategy | combined: 收到行情, RM507C3000.CZCE
2025-06-11 13:55:19.382 | INFO | SimpleStrategy | combined: 收到行情, RM507C3000.CZCE
2025-06-11 13:55:19.382 | INFO | SimpleStrategy | combined: 收到行情, RM507P2000.CZCE
2025-06-11 13:55:19.382 | INFO | SimpleStrategy | combined: 收到行情, RM507P2000.CZCE
2025-06-11 13:55:19.382 | INFO | SimpleStrategy | combined: 收到行情, RM507P2025.CZCE
2025-06-11 13:55:19.382 | INFO | SimpleStrategy | combined: 收到行情, RM507P2025.CZCE
2025-06-11 13:55:19.382 | INFO | SimpleStrategy | combined: 收到行情, RM507P2050.CZCE
2025-06-11 13:55:19.382 | INFO | SimpleStrategy | combined: 收到行情, RM507P2050.CZCE
2025-06-11 13:55:19.382 | INFO | SimpleStrategy | combined: 收到行情, RM507P2075.CZCE
2025-06-11 13:55:19.382 | INFO | SimpleStrategy | combined: 收到行情, RM507P2075.CZCE
2025-06-11 13:55:19.382 | INFO | SimpleStrategy | combined: 收到行情, RM507P2100.CZCE
2025-06-11 13:55:19.382 | INFO | SimpleStrategy | combined: 收到行情, RM507P2100.CZCE
2025-06-11 13:55:19.383 | INFO | SimpleStrategy | combined: 收到行情, RM507P2125.CZCE
2025-06-11 13:55:19.383 | INFO | SimpleStrategy | combined: 收到行情, RM507P2125.CZCE
2025-06-11 13:55:19.383 | INFO | SimpleStrategy | combined: 收到行情, RM507P2150.CZCE
2025-06-11 13:55:19.383 | INFO | SimpleStrategy | combined: 收到行情, RM507P2150.CZCE
2025-06-11 13:55:19.383 | INFO | SimpleStrategy | combined: 收到行情, RM507P2175.CZCE
2025-06-11 13:55:19.383 | INFO | SimpleStrategy | combined: 收到行情, RM507P2175.CZCE
2025-06-11 13:55:19.383 | INFO | SimpleStrategy | combined: 收到行情, RM507P2200.CZCE
2025-06-11 13:55:19.383 | INFO | SimpleStrategy | combined: 收到行情, RM507P2200.CZCE
2025-06-11 13:55:19.384 | INFO | SimpleStrategy | combined: 收到行情, RM507P2225.CZCE
2025-06-11 13:55:19.384 | INFO | SimpleStrategy | combined: 收到行情, RM507P2225.CZCE
2025-06-11 13:55:19.384 | INFO | SimpleStrategy | combined: 收到行情, RM507P2250.CZCE
2025-06-11 13:55:19.384 | INFO | SimpleStrategy | combined: 收到行情, RM507P2250.CZCE
2025-06-11 13:55:19.384 | INFO | SimpleStrategy | combined: 收到行情, RM507P2275.CZCE
2025-06-11 13:55:19.384 | INFO | SimpleStrategy | combined: 收到行情, RM507P2275.CZCE
2025-06-11 13:55:19.384 | INFO | SimpleStrategy | combined: 收到行情, RM507P2300.CZCE
2025-06-11 13:55:19.384 | INFO | SimpleStrategy | combined: 收到行情, RM507P2300.CZCE
2025-06-11 13:55:19.384 | INFO | SimpleStrategy | combined: 收到行情, RM507P2325.CZCE
2025-06-11 13:55:19.384 | INFO | SimpleStrategy | combined: 收到行情, RM507P2325.CZCE
2025-06-11 13:55:19.385 | INFO | SimpleStrategy | combined: 收到行情, RM507P2350.CZCE
2025-06-11 13:55:19.385 | INFO | SimpleStrategy | combined: 收到行情, RM507P2350.CZCE
2025-06-11 13:55:19.385 | INFO | SimpleStrategy | combined: 收到行情, RM507P2375.CZCE
2025-06-11 13:55:19.385 | INFO | SimpleStrategy | combined: 收到行情, RM507P2375.CZCE
2025-06-11 13:55:19.386 | INFO | SimpleStrategy | combined: 收到行情, RM507P2400.CZCE
2025-06-11 13:55:19.386 | INFO | SimpleStrategy | combined: 收到行情, RM507P2400.CZCE
2025-06-11 13:55:19.386 | INFO | SimpleStrategy | combined: 收到行情, RM507P2425.CZCE
2025-06-11 13:55:19.386 | INFO | SimpleStrategy | combined: 收到行情, RM507P2425.CZCE
2025-06-11 13:55:19.386 | INFO | SimpleStrategy | combined: 收到行情, RM507P2450.CZCE
2025-06-11 13:55:19.386 | INFO | SimpleStrategy | combined: 收到行情, RM507P2450.CZCE
2025-06-11 13:55:19.386 | INFO | SimpleStrategy | combined: 收到行情, RM507P2475.CZCE
2025-06-11 13:55:19.386 | INFO | SimpleStrategy | combined: 收到行情, RM507P2475.CZCE
2025-06-11 13:55:19.386 | INFO | SimpleStrategy | combined: 收到行情, RM507P2500.CZCE
2025-06-11 13:55:19.386 | INFO | SimpleStrategy | combined: 收到行情, RM507P2500.CZCE
2025-06-11 13:55:19.386 | INFO | SimpleStrategy | combined: 收到行情, RM507P2550.CZCE
2025-06-11 13:55:19.386 | INFO | SimpleStrategy | combined: 收到行情, RM507P2550.CZCE
2025-06-11 13:55:19.387 | INFO | SimpleStrategy | combined: 收到行情, RM507P2600.CZCE
2025-06-11 13:55:19.387 | INFO | SimpleStrategy | combined: 收到行情, RM507P2600.CZCE
2025-06-11 13:55:19.387 | INFO | SimpleStrategy | combined: 收到行情, RM507P2650.CZCE
2025-06-11 13:55:19.387 | INFO | SimpleStrategy | combined: 收到行情, RM507P2650.CZCE
2025-06-11 13:55:19.387 | INFO | SimpleStrategy | combined: 收到行情, RM507P2700.CZCE
2025-06-11 13:55:19.387 | INFO | SimpleStrategy | combined: 收到行情, RM507P2700.CZCE
2025-06-11 13:55:19.388 | INFO | SimpleStrategy | combined: 收到行情, RM507P2750.CZCE
2025-06-11 13:55:19.388 | INFO | SimpleStrategy | combined: 收到行情, RM507P2750.CZCE
2025-06-11 13:55:19.388 | INFO | SimpleStrategy | combined: 收到行情, RM507P2800.CZCE
2025-06-11 13:55:19.388 | INFO | SimpleStrategy | combined: 收到行情, RM507P2800.CZCE
2025-06-11 13:55:19.388 | INFO | SimpleStrategy | combined: 收到行情, RM507P2850.CZCE
2025-06-11 13:55:19.388 | INFO | SimpleStrategy | combined: 收到行情, RM507P2850.CZCE
2025-06-11 13:55:19.388 | INFO | SimpleStrategy | combined: 收到行情, RM507P2900.CZCE
2025-06-11 13:55:19.388 | INFO | SimpleStrategy | combined: 收到行情, RM507P2900.CZCE
2025-06-11 13:55:19.388 | INFO | SimpleStrategy | combined: 收到行情, RM507P2950.CZCE
2025-06-11 13:55:19.388 | INFO | SimpleStrategy | combined: 收到行情, RM507P2950.CZCE
2025-06-11 13:55:19.388 | INFO | SimpleStrategy | combined: 收到行情, RM507P3000.CZCE
2025-06-11 13:55:19.388 | INFO | SimpleStrategy | combined: 收到行情, RM507P3000.CZCE
2025-06-11 13:55:19.389 | INFO | SimpleStrategy | combined: 收到行情, RM508C2150.CZCE
2025-06-11 13:55:19.389 | INFO | SimpleStrategy | combined: 收到行情, RM508C2150.CZCE
2025-06-11 13:55:19.389 | INFO | SimpleStrategy | combined: 收到行情, RM508C2175.CZCE
2025-06-11 13:55:19.389 | INFO | SimpleStrategy | combined: 收到行情, RM508C2175.CZCE
2025-06-11 13:55:19.389 | INFO | SimpleStrategy | combined: 收到行情, RM508C2200.CZCE
2025-06-11 13:55:19.389 | INFO | SimpleStrategy | combined: 收到行情, RM508C2200.CZCE
2025-06-11 13:55:19.389 | INFO | SimpleStrategy | combined: 收到行情, RM508C2225.CZCE
2025-06-11 13:55:19.389 | INFO | SimpleStrategy | combined: 收到行情, RM508C2225.CZCE
2025-06-11 13:55:19.389 | INFO | SimpleStrategy | combined: 收到行情, RM508C2250.CZCE
2025-06-11 13:55:19.389 | INFO | SimpleStrategy | combined: 收到行情, RM508C2250.CZCE
2025-06-11 13:55:19.389 | INFO | SimpleStrategy | combined: 收到行情, RM508C2275.CZCE
2025-06-11 13:55:19.389 | INFO | SimpleStrategy | combined: 收到行情, RM508C2275.CZCE
2025-06-11 13:55:19.389 | INFO | SimpleStrategy | combined: 收到行情, RM508C2300.CZCE
2025-06-11 13:55:19.390 | INFO | SimpleStrategy | combined: 收到行情, RM508C2300.CZCE
2025-06-11 13:55:19.390 | INFO | SimpleStrategy | combined: 收到行情, RM508C2325.CZCE
2025-06-11 13:55:19.390 | INFO | SimpleStrategy | combined: 收到行情, RM508C2325.CZCE
2025-06-11 13:55:19.390 | INFO | SimpleStrategy | combined: 收到行情, RM508C2350.CZCE
2025-06-11 13:55:19.390 | INFO | SimpleStrategy | combined: 收到行情, RM508C2350.CZCE
2025-06-11 13:55:19.390 | INFO | SimpleStrategy | combined: 收到行情, RM508C2375.CZCE
2025-06-11 13:55:19.390 | INFO | SimpleStrategy | combined: 收到行情, RM508C2375.CZCE
2025-06-11 13:55:19.390 | INFO | SimpleStrategy | combined: 收到行情, RM508C2400.CZCE
2025-06-11 13:55:19.390 | INFO | SimpleStrategy | combined: 收到行情, RM508C2400.CZCE
2025-06-11 13:55:19.390 | INFO | SimpleStrategy | combined: 收到行情, RM508C2425.CZCE
2025-06-11 13:55:19.390 | INFO | SimpleStrategy | combined: 收到行情, RM508C2425.CZCE
2025-06-11 13:55:19.390 | INFO | SimpleStrategy | combined: 收到行情, RM508C2450.CZCE
2025-06-11 13:55:19.391 | INFO | SimpleStrategy | combined: 收到行情, RM508C2450.CZCE
2025-06-11 13:55:19.391 | INFO | SimpleStrategy | combined: 收到行情, RM508C2475.CZCE
2025-06-11 13:55:19.391 | INFO | SimpleStrategy | combined: 收到行情, RM508C2475.CZCE
2025-06-11 13:55:19.391 | INFO | SimpleStrategy | combined: 收到行情, RM508C2500.CZCE
2025-06-11 13:55:19.391 | INFO | SimpleStrategy | combined: 收到行情, RM508C2500.CZCE
2025-06-11 13:55:19.391 | INFO | SimpleStrategy | combined: 收到行情, RM508C2550.CZCE
2025-06-11 13:55:19.391 | INFO | SimpleStrategy | combined: 收到行情, RM508C2550.CZCE
2025-06-11 13:55:19.391 | INFO | SimpleStrategy | combined: 收到行情, RM508C2600.CZCE
2025-06-11 13:55:19.391 | INFO | SimpleStrategy | combined: 收到行情, RM508C2600.CZCE
2025-06-11 13:55:19.391 | INFO | SimpleStrategy | combined: 收到行情, RM508C2650.CZCE
2025-06-11 13:55:19.391 | INFO | SimpleStrategy | combined: 收到行情, RM508C2650.CZCE
2025-06-11 13:55:19.391 | INFO | SimpleStrategy | combined: 收到行情, RM508C2700.CZCE
2025-06-11 13:55:19.391 | INFO | SimpleStrategy | combined: 收到行情, RM508C2700.CZCE
2025-06-11 13:55:19.391 | INFO | SimpleStrategy | combined: 收到行情, RM508C2750.CZCE
2025-06-11 13:55:19.392 | INFO | SimpleStrategy | combined: 收到行情, RM508C2750.CZCE
2025-06-11 13:55:19.392 | INFO | SimpleStrategy | combined: 收到行情, RM508C2800.CZCE
2025-06-11 13:55:19.392 | INFO | SimpleStrategy | combined: 收到行情, RM508C2800.CZCE
2025-06-11 13:55:19.392 | INFO | SimpleStrategy | combined: 收到行情, RM508C2850.CZCE
2025-06-11 13:55:19.392 | INFO | SimpleStrategy | combined: 收到行情, RM508C2850.CZCE
2025-06-11 13:55:19.392 | INFO | SimpleStrategy | combined: 收到行情, RM508C2900.CZCE
2025-06-11 13:55:19.392 | INFO | SimpleStrategy | combined: 收到行情, RM508C2900.CZCE
2025-06-11 13:55:19.392 | INFO | SimpleStrategy | combined: 收到行情, RM508C2950.CZCE
2025-06-11 13:55:19.392 | INFO | SimpleStrategy | combined: 收到行情, RM508C2950.CZCE
2025-06-11 13:55:19.392 | INFO | SimpleStrategy | combined: 收到行情, RM508C3000.CZCE
2025-06-11 13:55:19.392 | INFO | SimpleStrategy | combined: 收到行情, RM508C3000.CZCE
2025-06-11 13:55:19.392 | INFO | SimpleStrategy | combined: 收到行情, RM508C3050.CZCE
2025-06-11 13:55:19.392 | INFO | SimpleStrategy | combined: 收到行情, RM508C3050.CZCE
2025-06-11 13:55:19.392 | INFO | SimpleStrategy | combined: 收到行情, RM508C3100.CZCE
2025-06-11 13:55:19.392 | INFO | SimpleStrategy | combined: 收到行情, RM508C3100.CZCE
2025-06-11 13:55:19.393 | INFO | SimpleStrategy | combined: 收到行情, RM508P2150.CZCE
2025-06-11 13:55:19.393 | INFO | SimpleStrategy | combined: 收到行情, RM508P2150.CZCE
2025-06-11 13:55:19.393 | INFO | SimpleStrategy | combined: 收到行情, RM508P2175.CZCE
2025-06-11 13:55:19.393 | INFO | SimpleStrategy | combined: 收到行情, RM508P2175.CZCE
2025-06-11 13:55:19.393 | INFO | SimpleStrategy | combined: 收到行情, RM508P2200.CZCE
2025-06-11 13:55:19.393 | INFO | SimpleStrategy | combined: 收到行情, RM508P2200.CZCE
2025-06-11 13:55:19.393 | INFO | SimpleStrategy | combined: 收到行情, RM508P2225.CZCE
2025-06-11 13:55:19.393 | INFO | SimpleStrategy | combined: 收到行情, RM508P2225.CZCE
2025-06-11 13:55:19.393 | INFO | SimpleStrategy | combined: 收到行情, RM508P2250.CZCE
2025-06-11 13:55:19.393 | INFO | SimpleStrategy | combined: 收到行情, RM508P2250.CZCE
2025-06-11 13:55:19.393 | INFO | SimpleStrategy | combined: 收到行情, RM508P2275.CZCE
2025-06-11 13:55:19.393 | INFO | SimpleStrategy | combined: 收到行情, RM508P2275.CZCE
2025-06-11 13:55:19.393 | INFO | SimpleStrategy | combined: 收到行情, RM508P2300.CZCE
2025-06-11 13:55:19.394 | INFO | SimpleStrategy | combined: 收到行情, RM508P2300.CZCE
2025-06-11 13:55:19.394 | INFO | SimpleStrategy | combined: 收到行情, RM508P2325.CZCE
2025-06-11 13:55:19.394 | INFO | SimpleStrategy | combined: 收到行情, RM508P2325.CZCE
2025-06-11 13:55:19.394 | INFO | SimpleStrategy | combined: 收到行情, RM508P2350.CZCE
2025-06-11 13:55:19.394 | INFO | SimpleStrategy | combined: 收到行情, RM508P2350.CZCE
2025-06-11 13:55:19.394 | INFO | SimpleStrategy | combined: 收到行情, RM508P2375.CZCE
2025-06-11 13:55:19.394 | INFO | SimpleStrategy | combined: 收到行情, RM508P2375.CZCE
2025-06-11 13:55:19.394 | INFO | SimpleStrategy | combined: 收到行情, RM508P2400.CZCE
2025-06-11 13:55:19.394 | INFO | SimpleStrategy | combined: 收到行情, RM508P2400.CZCE
2025-06-11 13:55:19.394 | INFO | SimpleStrategy | combined: 收到行情, RM508P2425.CZCE
2025-06-11 13:55:19.394 | INFO | SimpleStrategy | combined: 收到行情, RM508P2425.CZCE
2025-06-11 13:55:19.394 | INFO | SimpleStrategy | combined: 收到行情, RM508P2450.CZCE
2025-06-11 13:55:19.394 | INFO | SimpleStrategy | combined: 收到行情, RM508P2450.CZCE
2025-06-11 13:55:19.395 | INFO | SimpleStrategy | combined: 收到行情, RM508P2475.CZCE
2025-06-11 13:55:19.395 | INFO | SimpleStrategy | combined: 收到行情, RM508P2475.CZCE
2025-06-11 13:55:19.395 | INFO | SimpleStrategy | combined: 收到行情, RM508P2500.CZCE
2025-06-11 13:55:19.395 | INFO | SimpleStrategy | combined: 收到行情, RM508P2500.CZCE
2025-06-11 13:55:19.395 | INFO | SimpleStrategy | combined: 收到行情, RM508P2550.CZCE
2025-06-11 13:55:19.395 | INFO | SimpleStrategy | combined: 收到行情, RM508P2550.CZCE
2025-06-11 13:55:19.395 | INFO | SimpleStrategy | combined: 收到行情, RM508P2600.CZCE
2025-06-11 13:55:19.395 | INFO | SimpleStrategy | combined: 收到行情, RM508P2600.CZCE
2025-06-11 13:55:19.395 | INFO | SimpleStrategy | combined: 收到行情, RM508P2650.CZCE
2025-06-11 13:55:19.395 | INFO | SimpleStrategy | combined: 收到行情, RM508P2650.CZCE
2025-06-11 13:55:19.395 | INFO | SimpleStrategy | combined: 收到行情, RM508P2700.CZCE
2025-06-11 13:55:19.395 | INFO | SimpleStrategy | combined: 收到行情, RM508P2700.CZCE
2025-06-11 13:55:19.395 | INFO | SimpleStrategy | combined: 收到行情, RM508P2750.CZCE
2025-06-11 13:55:19.396 | INFO | SimpleStrategy | combined: 收到行情, RM508P2750.CZCE
2025-06-11 13:55:19.396 | INFO | SimpleStrategy | combined: 收到行情, RM508P2800.CZCE
2025-06-11 13:55:19.396 | INFO | SimpleStrategy | combined: 收到行情, RM508P2800.CZCE
2025-06-11 13:55:19.396 | INFO | SimpleStrategy | combined: 收到行情, RM508P2850.CZCE
2025-06-11 13:55:19.396 | INFO | SimpleStrategy | combined: 收到行情, RM508P2850.CZCE
2025-06-11 13:55:19.396 | INFO | SimpleStrategy | combined: 收到行情, RM508P2900.CZCE
2025-06-11 13:55:19.396 | INFO | SimpleStrategy | combined: 收到行情, RM508P2900.CZCE
2025-06-11 13:55:19.396 | INFO | SimpleStrategy | combined: 收到行情, RM508P2950.CZCE
2025-06-11 13:55:19.396 | INFO | SimpleStrategy | combined: 收到行情, RM508P2950.CZCE
2025-06-11 13:55:19.396 | INFO | SimpleStrategy | combined: 收到行情, RM508P3000.CZCE
2025-06-11 13:55:19.396 | INFO | SimpleStrategy | combined: 收到行情, RM508P3000.CZCE
2025-06-11 13:55:19.396 | INFO | SimpleStrategy | combined: 收到行情, RM508P3050.CZCE
2025-06-11 13:55:19.396 | INFO | SimpleStrategy | combined: 收到行情, RM508P3050.CZCE
2025-06-11 13:55:19.396 | INFO | SimpleStrategy | combined: 收到行情, RM508P3100.CZCE
2025-06-11 13:55:19.397 | INFO | SimpleStrategy | combined: 收到行情, RM508P3100.CZCE
2025-06-11 13:55:19.397 | INFO | SimpleStrategy | combined: 收到行情, SA507C1060.CZCE
2025-06-11 13:55:19.397 | INFO | SimpleStrategy | combined: 收到行情, SA507C1060.CZCE
2025-06-11 13:55:19.397 | INFO | SimpleStrategy | combined: 收到行情, SA507C1080.CZCE
2025-06-11 13:55:19.397 | INFO | SimpleStrategy | combined: 收到行情, SA507C1080.CZCE
2025-06-11 13:55:19.397 | INFO | SimpleStrategy | combined: 收到行情, SA507C1100.CZCE
2025-06-11 13:55:19.397 | INFO | SimpleStrategy | combined: 收到行情, SA507C1100.CZCE
2025-06-11 13:55:19.397 | INFO | SimpleStrategy | combined: 收到行情, SA507C1120.CZCE
2025-06-11 13:55:19.397 | INFO | SimpleStrategy | combined: 收到行情, SA507C1120.CZCE
2025-06-11 13:55:19.397 | INFO | SimpleStrategy | combined: 收到行情, SA507C1140.CZCE
2025-06-11 13:55:19.397 | INFO | SimpleStrategy | combined: 收到行情, SA507C1140.CZCE
2025-06-11 13:55:19.398 | INFO | SimpleStrategy | combined: 收到行情, SA507C1160.CZCE
2025-06-11 13:55:19.398 | INFO | SimpleStrategy | combined: 收到行情, SA507C1160.CZCE
2025-06-11 13:55:19.398 | INFO | SimpleStrategy | combined: 收到行情, SA507C1180.CZCE
2025-06-11 13:55:19.398 | INFO | SimpleStrategy | combined: 收到行情, SA507C1180.CZCE
2025-06-11 13:55:19.398 | INFO | SimpleStrategy | combined: 收到行情, SA507C1200.CZCE
2025-06-11 13:55:19.398 | INFO | SimpleStrategy | combined: 收到行情, SA507C1200.CZCE
2025-06-11 13:55:19.398 | INFO | SimpleStrategy | combined: 收到行情, SA507C1220.CZCE
2025-06-11 13:55:19.398 | INFO | SimpleStrategy | combined: 收到行情, SA507C1220.CZCE
2025-06-11 13:55:19.398 | INFO | SimpleStrategy | combined: 收到行情, SA507C1240.CZCE
2025-06-11 13:55:19.398 | INFO | SimpleStrategy | combined: 收到行情, SA507C1240.CZCE
2025-06-11 13:55:19.398 | INFO | SimpleStrategy | combined: 收到行情, SA507C1260.CZCE
2025-06-11 13:55:19.398 | INFO | SimpleStrategy | combined: 收到行情, SA507C1260.CZCE
2025-06-11 13:55:19.399 | INFO | SimpleStrategy | combined: 收到行情, SA507C1280.CZCE
2025-06-11 13:55:19.399 | INFO | SimpleStrategy | combined: 收到行情, SA507C1280.CZCE
2025-06-11 13:55:19.399 | INFO | SimpleStrategy | combined: 收到行情, SA507C1300.CZCE
2025-06-11 13:55:19.399 | INFO | SimpleStrategy | combined: 收到行情, SA507C1300.CZCE
2025-06-11 13:55:19.399 | INFO | SimpleStrategy | combined: 收到行情, SA507C1320.CZCE
2025-06-11 13:55:19.399 | INFO | SimpleStrategy | combined: 收到行情, SA507C1320.CZCE
2025-06-11 13:55:19.399 | INFO | SimpleStrategy | combined: 收到行情, SA507C1340.CZCE
2025-06-11 13:55:19.399 | INFO | SimpleStrategy | combined: 收到行情, SA507C1340.CZCE
2025-06-11 13:55:19.399 | INFO | SimpleStrategy | combined: 收到行情, SA507C1360.CZCE
2025-06-11 13:55:19.399 | INFO | SimpleStrategy | combined: 收到行情, SA507C1360.CZCE
2025-06-11 13:55:19.399 | INFO | SimpleStrategy | combined: 收到行情, SA507C1380.CZCE
2025-06-11 13:55:19.399 | INFO | SimpleStrategy | combined: 收到行情, SA507C1380.CZCE
2025-06-11 13:55:19.399 | INFO | SimpleStrategy | combined: 收到行情, SA507C1400.CZCE
2025-06-11 13:55:19.399 | INFO | SimpleStrategy | combined: 收到行情, SA507C1400.CZCE
2025-06-11 13:55:19.399 | INFO | SimpleStrategy | combined: 收到行情, SA507C1420.CZCE
2025-06-11 13:55:19.400 | INFO | SimpleStrategy | combined: 收到行情, SA507C1420.CZCE
2025-06-11 13:55:19.400 | INFO | SimpleStrategy | combined: 收到行情, SA507C1440.CZCE
2025-06-11 13:55:19.400 | INFO | SimpleStrategy | combined: 收到行情, SA507C1440.CZCE
2025-06-11 13:55:19.400 | INFO | SimpleStrategy | combined: 收到行情, SA507C1460.CZCE
2025-06-11 13:55:19.400 | INFO | SimpleStrategy | combined: 收到行情, SA507C1460.CZCE
2025-06-11 13:55:19.400 | INFO | SimpleStrategy | combined: 收到行情, SA507C1480.CZCE
2025-06-11 13:55:19.400 | INFO | SimpleStrategy | combined: 收到行情, SA507C1480.CZCE
2025-06-11 13:55:19.400 | INFO | SimpleStrategy | combined: 收到行情, SA507C1500.CZCE
2025-06-11 13:55:19.400 | INFO | SimpleStrategy | combined: 收到行情, SA507C1500.CZCE
2025-06-11 13:55:19.400 | INFO | SimpleStrategy | combined: 收到行情, SA507C1520.CZCE
2025-06-11 13:55:19.400 | INFO | SimpleStrategy | combined: 收到行情, SA507C1520.CZCE
2025-06-11 13:55:19.400 | INFO | SimpleStrategy | combined: 收到行情, SA507C1540.CZCE
2025-06-11 13:55:19.400 | INFO | SimpleStrategy | combined: 收到行情, SA507C1540.CZCE
2025-06-11 13:55:19.400 | INFO | SimpleStrategy | combined: 收到行情, SA507C1560.CZCE
2025-06-11 13:55:19.401 | INFO | SimpleStrategy | combined: 收到行情, SA507C1560.CZCE
2025-06-11 13:55:19.401 | INFO | SimpleStrategy | combined: 收到行情, SA507C1580.CZCE
2025-06-11 13:55:19.401 | INFO | SimpleStrategy | combined: 收到行情, SA507C1580.CZCE
2025-06-11 13:55:19.401 | INFO | SimpleStrategy | combined: 收到行情, SA507C1600.CZCE
2025-06-11 13:55:19.401 | INFO | SimpleStrategy | combined: 收到行情, SA507C1600.CZCE
2025-06-11 13:55:19.401 | INFO | SimpleStrategy | combined: 收到行情, SA507C1620.CZCE
2025-06-11 13:55:19.401 | INFO | SimpleStrategy | combined: 收到行情, SA507C1620.CZCE
2025-06-11 13:55:19.401 | INFO | SimpleStrategy | combined: 收到行情, SA507C1640.CZCE
2025-06-11 13:55:19.401 | INFO | SimpleStrategy | combined: 收到行情, SA507C1640.CZCE
2025-06-11 13:55:19.401 | INFO | SimpleStrategy | combined: 收到行情, SA507C1660.CZCE
2025-06-11 13:55:19.402 | INFO | SimpleStrategy | combined: 收到行情, SA507C1660.CZCE
2025-06-11 13:55:19.402 | INFO | SimpleStrategy | combined: 收到行情, SA507C1680.CZCE
2025-06-11 13:55:19.402 | INFO | SimpleStrategy | combined: 收到行情, SA507C1680.CZCE
2025-06-11 13:55:19.402 | INFO | SimpleStrategy | combined: 收到行情, SA507C1700.CZCE
2025-06-11 13:55:19.402 | INFO | SimpleStrategy | combined: 收到行情, SA507C1700.CZCE
2025-06-11 13:55:19.402 | INFO | SimpleStrategy | combined: 收到行情, SA507C1720.CZCE
2025-06-11 13:55:19.402 | INFO | SimpleStrategy | combined: 收到行情, SA507C1720.CZCE
2025-06-11 13:55:19.402 | INFO | SimpleStrategy | combined: 收到行情, SA507C1740.CZCE
2025-06-11 13:55:19.402 | INFO | SimpleStrategy | combined: 收到行情, SA507C1740.CZCE
2025-06-11 13:55:19.402 | INFO | SimpleStrategy | combined: 收到行情, SA507C1760.CZCE
2025-06-11 13:55:19.402 | INFO | SimpleStrategy | combined: 收到行情, SA507C1760.CZCE
2025-06-11 13:55:19.402 | INFO | SimpleStrategy | combined: 收到行情, SA507C1780.CZCE
2025-06-11 13:55:19.402 | INFO | SimpleStrategy | combined: 收到行情, SA507C1780.CZCE
2025-06-11 13:55:19.402 | INFO | SimpleStrategy | combined: 收到行情, SA507C1800.CZCE
2025-06-11 13:55:19.402 | INFO | SimpleStrategy | combined: 收到行情, SA507C1800.CZCE
2025-06-11 13:55:19.402 | INFO | SimpleStrategy | combined: 收到行情, SA507C1820.CZCE
2025-06-11 13:55:19.402 | INFO | SimpleStrategy | combined: 收到行情, SA507C1820.CZCE
2025-06-11 13:55:19.403 | INFO | SimpleStrategy | combined: 收到行情, SA507P1060.CZCE
2025-06-11 13:55:19.403 | INFO | SimpleStrategy | combined: 收到行情, SA507P1060.CZCE
2025-06-11 13:55:19.403 | INFO | SimpleStrategy | combined: 收到行情, SA507P1080.CZCE
2025-06-11 13:55:19.403 | INFO | SimpleStrategy | combined: 收到行情, SA507P1080.CZCE
2025-06-11 13:55:19.403 | INFO | SimpleStrategy | combined: 收到行情, SA507P1100.CZCE
2025-06-11 13:55:19.403 | INFO | SimpleStrategy | combined: 收到行情, SA507P1100.CZCE
2025-06-11 13:55:19.403 | INFO | SimpleStrategy | combined: 收到行情, SA507P1120.CZCE
2025-06-11 13:55:19.403 | INFO | SimpleStrategy | combined: 收到行情, SA507P1120.CZCE
2025-06-11 13:55:19.403 | INFO | SimpleStrategy | combined: 收到行情, SA507P1140.CZCE
2025-06-11 13:55:19.403 | INFO | SimpleStrategy | combined: 收到行情, SA507P1140.CZCE
2025-06-11 13:55:19.404 | INFO | SimpleStrategy | combined: 收到行情, SA507P1160.CZCE
2025-06-11 13:55:19.404 | INFO | SimpleStrategy | combined: 收到行情, SA507P1160.CZCE
2025-06-11 13:55:19.404 | INFO | SimpleStrategy | combined: 收到行情, SA507P1180.CZCE
2025-06-11 13:55:19.404 | INFO | SimpleStrategy | combined: 收到行情, SA507P1180.CZCE
2025-06-11 13:55:19.404 | INFO | SimpleStrategy | combined: 收到行情, SA507P1200.CZCE
2025-06-11 13:55:19.404 | INFO | SimpleStrategy | combined: 收到行情, SA507P1200.CZCE
2025-06-11 13:55:19.404 | INFO | SimpleStrategy | combined: 收到行情, SA507P1220.CZCE
2025-06-11 13:55:19.404 | INFO | SimpleStrategy | combined: 收到行情, SA507P1220.CZCE
2025-06-11 13:55:19.404 | INFO | SimpleStrategy | combined: 收到行情, SA507P1240.CZCE
2025-06-11 13:55:19.404 | INFO | SimpleStrategy | combined: 收到行情, SA507P1240.CZCE
2025-06-11 13:55:19.404 | INFO | SimpleStrategy | combined: 收到行情, SA507P1260.CZCE
2025-06-11 13:55:19.405 | INFO | SimpleStrategy | combined: 收到行情, SA507P1260.CZCE
2025-06-11 13:55:19.405 | INFO | SimpleStrategy | combined: 收到行情, SA507P1280.CZCE
2025-06-11 13:55:19.405 | INFO | SimpleStrategy | combined: 收到行情, SA507P1280.CZCE
2025-06-11 13:55:19.405 | INFO | SimpleStrategy | combined: 收到行情, SA507P1300.CZCE
2025-06-11 13:55:19.405 | INFO | SimpleStrategy | combined: 收到行情, SA507P1300.CZCE
2025-06-11 13:55:19.405 | INFO | SimpleStrategy | combined: 收到行情, SA507P1320.CZCE
2025-06-11 13:55:19.405 | INFO | SimpleStrategy | combined: 收到行情, SA507P1320.CZCE
2025-06-11 13:55:19.405 | INFO | SimpleStrategy | combined: 收到行情, SA507P1340.CZCE
2025-06-11 13:55:19.405 | INFO | SimpleStrategy | combined: 收到行情, SA507P1340.CZCE
2025-06-11 13:55:19.405 | INFO | SimpleStrategy | combined: 收到行情, SA507P1360.CZCE
2025-06-11 13:55:19.405 | INFO | SimpleStrategy | combined: 收到行情, SA507P1360.CZCE
2025-06-11 13:55:19.405 | INFO | SimpleStrategy | combined: 收到行情, SA507P1380.CZCE
2025-06-11 13:55:19.405 | INFO | SimpleStrategy | combined: 收到行情, SA507P1380.CZCE
2025-06-11 13:55:19.405 | INFO | SimpleStrategy | combined: 收到行情, SA507P1400.CZCE
2025-06-11 13:55:19.405 | INFO | SimpleStrategy | combined: 收到行情, SA507P1400.CZCE
2025-06-11 13:55:19.406 | INFO | SimpleStrategy | combined: 收到行情, SA507P1420.CZCE
2025-06-11 13:55:19.406 | INFO | SimpleStrategy | combined: 收到行情, SA507P1420.CZCE
2025-06-11 13:55:19.406 | INFO | SimpleStrategy | combined: 收到行情, SA507P1440.CZCE
2025-06-11 13:55:19.406 | INFO | SimpleStrategy | combined: 收到行情, SA507P1440.CZCE
2025-06-11 13:55:19.406 | INFO | SimpleStrategy | combined: 收到行情, SA507P1460.CZCE
2025-06-11 13:55:19.406 | INFO | SimpleStrategy | combined: 收到行情, SA507P1460.CZCE
2025-06-11 13:55:19.406 | INFO | SimpleStrategy | combined: 收到行情, SA507P1480.CZCE
2025-06-11 13:55:19.406 | INFO | SimpleStrategy | combined: 收到行情, SA507P1480.CZCE
2025-06-11 13:55:19.406 | INFO | SimpleStrategy | combined: 收到行情, SA507P1500.CZCE
2025-06-11 13:55:19.406 | INFO | SimpleStrategy | combined: 收到行情, SA507P1500.CZCE
2025-06-11 13:55:19.406 | INFO | SimpleStrategy | combined: 收到行情, SA507P1520.CZCE
2025-06-11 13:55:19.406 | INFO | SimpleStrategy | combined: 收到行情, SA507P1520.CZCE
2025-06-11 13:55:19.406 | INFO | SimpleStrategy | combined: 收到行情, SA507P1540.CZCE
2025-06-11 13:55:19.406 | INFO | SimpleStrategy | combined: 收到行情, SA507P1540.CZCE
2025-06-11 13:55:19.407 | INFO | SimpleStrategy | combined: 收到行情, SA507P1560.CZCE
2025-06-11 13:55:19.407 | INFO | SimpleStrategy | combined: 收到行情, SA507P1560.CZCE
2025-06-11 13:55:19.407 | INFO | SimpleStrategy | combined: 收到行情, SA507P1580.CZCE
2025-06-11 13:55:19.407 | INFO | SimpleStrategy | combined: 收到行情, SA507P1580.CZCE
2025-06-11 13:55:19.407 | INFO | SimpleStrategy | combined: 收到行情, SA507P1600.CZCE
2025-06-11 13:55:19.407 | INFO | SimpleStrategy | combined: 收到行情, SA507P1600.CZCE
2025-06-11 13:55:19.407 | INFO | SimpleStrategy | combined: 收到行情, SA507P1620.CZCE
2025-06-11 13:55:19.407 | INFO | SimpleStrategy | combined: 收到行情, SA507P1620.CZCE
2025-06-11 13:55:19.407 | INFO | SimpleStrategy | combined: 收到行情, SA507P1640.CZCE
2025-06-11 13:55:19.407 | INFO | SimpleStrategy | combined: 收到行情, SA507P1640.CZCE
2025-06-11 13:55:19.407 | INFO | SimpleStrategy | combined: 收到行情, SA507P1660.CZCE
2025-06-11 13:55:19.407 | INFO | SimpleStrategy | combined: 收到行情, SA507P1660.CZCE
2025-06-11 13:55:19.408 | INFO | SimpleStrategy | combined: 收到行情, SA507P1680.CZCE
2025-06-11 13:55:19.408 | INFO | SimpleStrategy | combined: 收到行情, SA507P1680.CZCE
2025-06-11 13:55:19.408 | INFO | SimpleStrategy | combined: 收到行情, SA507P1700.CZCE
2025-06-11 13:55:19.408 | INFO | SimpleStrategy | combined: 收到行情, SA507P1700.CZCE
2025-06-11 13:55:19.408 | INFO | SimpleStrategy | combined: 收到行情, SA507P1720.CZCE
2025-06-11 13:55:19.408 | INFO | SimpleStrategy | combined: 收到行情, SA507P1720.CZCE
2025-06-11 13:55:19.408 | INFO | SimpleStrategy | combined: 收到行情, SA507P1740.CZCE
2025-06-11 13:55:19.408 | INFO | SimpleStrategy | combined: 收到行情, SA507P1740.CZCE
2025-06-11 13:55:19.408 | INFO | SimpleStrategy | combined: 收到行情, SA507P1760.CZCE
2025-06-11 13:55:19.408 | INFO | SimpleStrategy | combined: 收到行情, SA507P1760.CZCE
2025-06-11 13:55:19.408 | INFO | SimpleStrategy | combined: 收到行情, SA507P1780.CZCE
2025-06-11 13:55:19.408 | INFO | SimpleStrategy | combined: 收到行情, SA507P1780.CZCE
2025-06-11 13:55:19.408 | INFO | SimpleStrategy | combined: 收到行情, SA507P1800.CZCE
2025-06-11 13:55:19.408 | INFO | SimpleStrategy | combined: 收到行情, SA507P1800.CZCE
2025-06-11 13:55:19.408 | INFO | SimpleStrategy | combined: 收到行情, SA507P1820.CZCE
2025-06-11 13:55:19.409 | INFO | SimpleStrategy | combined: 收到行情, SA507P1820.CZCE
2025-06-11 13:55:19.409 | INFO | SimpleStrategy | combined: 收到行情, SA508C1060.CZCE
2025-06-11 13:55:19.409 | INFO | SimpleStrategy | combined: 收到行情, SA508C1060.CZCE
2025-06-11 13:55:19.409 | INFO | SimpleStrategy | combined: 收到行情, SA508C1080.CZCE
2025-06-11 13:55:19.409 | INFO | SimpleStrategy | combined: 收到行情, SA508C1080.CZCE
2025-06-11 13:55:19.409 | INFO | SimpleStrategy | combined: 收到行情, SA508C1100.CZCE
2025-06-11 13:55:19.409 | INFO | SimpleStrategy | combined: 收到行情, SA508C1100.CZCE
2025-06-11 13:55:19.409 | INFO | SimpleStrategy | combined: 收到行情, SA508C1120.CZCE
2025-06-11 13:55:19.409 | INFO | SimpleStrategy | combined: 收到行情, SA508C1120.CZCE
2025-06-11 13:55:19.409 | INFO | SimpleStrategy | combined: 收到行情, SA508C1140.CZCE
2025-06-11 13:55:19.409 | INFO | SimpleStrategy | combined: 收到行情, SA508C1140.CZCE
2025-06-11 13:55:19.409 | INFO | SimpleStrategy | combined: 收到行情, SA508C1160.CZCE
2025-06-11 13:55:19.409 | INFO | SimpleStrategy | combined: 收到行情, SA508C1160.CZCE
2025-06-11 13:55:19.409 | INFO | SimpleStrategy | combined: 收到行情, SA508C1180.CZCE
2025-06-11 13:55:19.409 | INFO | SimpleStrategy | combined: 收到行情, SA508C1180.CZCE
2025-06-11 13:55:19.410 | INFO | SimpleStrategy | combined: 收到行情, SA508C1200.CZCE
2025-06-11 13:55:19.410 | INFO | SimpleStrategy | combined: 收到行情, SA508C1200.CZCE
2025-06-11 13:55:19.410 | INFO | SimpleStrategy | combined: 收到行情, SA508C1220.CZCE
2025-06-11 13:55:19.410 | INFO | SimpleStrategy | combined: 收到行情, SA508C1220.CZCE
2025-06-11 13:55:19.410 | INFO | SimpleStrategy | combined: 收到行情, SA508C1240.CZCE
2025-06-11 13:55:19.410 | INFO | SimpleStrategy | combined: 收到行情, SA508C1240.CZCE
2025-06-11 13:55:19.410 | INFO | SimpleStrategy | combined: 收到行情, SA508C1260.CZCE
2025-06-11 13:55:19.410 | INFO | SimpleStrategy | combined: 收到行情, SA508C1260.CZCE
2025-06-11 13:55:19.410 | INFO | SimpleStrategy | combined: 收到行情, SA508C1280.CZCE
2025-06-11 13:55:19.410 | INFO | SimpleStrategy | combined: 收到行情, SA508C1280.CZCE
2025-06-11 13:55:19.410 | INFO | SimpleStrategy | combined: 收到行情, SA508C1300.CZCE
2025-06-11 13:55:19.410 | INFO | SimpleStrategy | combined: 收到行情, SA508C1300.CZCE
2025-06-11 13:55:19.410 | INFO | SimpleStrategy | combined: 收到行情, SA508C1320.CZCE
2025-06-11 13:55:19.410 | INFO | SimpleStrategy | combined: 收到行情, SA508C1320.CZCE
2025-06-11 13:55:19.410 | INFO | SimpleStrategy | combined: 收到行情, SA508C1340.CZCE
2025-06-11 13:55:19.410 | INFO | SimpleStrategy | combined: 收到行情, SA508C1340.CZCE
2025-06-11 13:55:19.411 | INFO | SimpleStrategy | combined: 收到行情, SA508C1360.CZCE
2025-06-11 13:55:19.411 | INFO | SimpleStrategy | combined: 收到行情, SA508C1360.CZCE
2025-06-11 13:55:19.411 | INFO | SimpleStrategy | combined: 收到行情, SA508C1380.CZCE
2025-06-11 13:55:19.411 | INFO | SimpleStrategy | combined: 收到行情, SA508C1380.CZCE
2025-06-11 13:55:19.411 | INFO | SimpleStrategy | combined: 收到行情, SA508C1400.CZCE
2025-06-11 13:55:19.411 | INFO | SimpleStrategy | combined: 收到行情, SA508C1400.CZCE
2025-06-11 13:55:19.411 | INFO | SimpleStrategy | combined: 收到行情, SA508C1420.CZCE
2025-06-11 13:55:19.411 | INFO | SimpleStrategy | combined: 收到行情, SA508C1420.CZCE
2025-06-11 13:55:19.411 | INFO | SimpleStrategy | combined: 收到行情, SA508C1440.CZCE
2025-06-11 13:55:19.411 | INFO | SimpleStrategy | combined: 收到行情, SA508C1440.CZCE
2025-06-11 13:55:19.411 | INFO | SimpleStrategy | combined: 收到行情, SA508C1460.CZCE
2025-06-11 13:55:19.411 | INFO | SimpleStrategy | combined: 收到行情, SA508C1460.CZCE
2025-06-11 13:55:19.411 | INFO | SimpleStrategy | combined: 收到行情, SA508C1480.CZCE
2025-06-11 13:55:19.411 | INFO | SimpleStrategy | combined: 收到行情, SA508C1480.CZCE
2025-06-11 13:55:19.411 | INFO | SimpleStrategy | combined: 收到行情, SA508C1500.CZCE
2025-06-11 13:55:19.411 | INFO | SimpleStrategy | combined: 收到行情, SA508C1500.CZCE
2025-06-11 13:55:19.412 | INFO | SimpleStrategy | combined: 收到行情, SA508P1060.CZCE
2025-06-11 13:55:19.412 | INFO | SimpleStrategy | combined: 收到行情, SA508P1060.CZCE
2025-06-11 13:55:19.412 | INFO | SimpleStrategy | combined: 收到行情, SA508P1080.CZCE
2025-06-11 13:55:19.412 | INFO | SimpleStrategy | combined: 收到行情, SA508P1080.CZCE
2025-06-11 13:55:19.412 | INFO | SimpleStrategy | combined: 收到行情, SA508P1100.CZCE
2025-06-11 13:55:19.412 | INFO | SimpleStrategy | combined: 收到行情, SA508P1100.CZCE
2025-06-11 13:55:19.412 | INFO | SimpleStrategy | combined: 收到行情, SA508P1120.CZCE
2025-06-11 13:55:19.412 | INFO | SimpleStrategy | combined: 收到行情, SA508P1120.CZCE
2025-06-11 13:55:19.412 | INFO | SimpleStrategy | combined: 收到行情, SA508P1140.CZCE
2025-06-11 13:55:19.412 | INFO | SimpleStrategy | combined: 收到行情, SA508P1140.CZCE
2025-06-11 13:55:19.412 | INFO | SimpleStrategy | combined: 收到行情, SA508P1160.CZCE
2025-06-11 13:55:19.412 | INFO | SimpleStrategy | combined: 收到行情, SA508P1160.CZCE
2025-06-11 13:55:19.412 | INFO | SimpleStrategy | combined: 收到行情, SA508P1180.CZCE
2025-06-11 13:55:19.413 | INFO | SimpleStrategy | combined: 收到行情, SA508P1180.CZCE
2025-06-11 13:55:19.413 | INFO | SimpleStrategy | combined: 收到行情, SA508P1200.CZCE
2025-06-11 13:55:19.413 | INFO | SimpleStrategy | combined: 收到行情, SA508P1200.CZCE
2025-06-11 13:55:19.413 | INFO | SimpleStrategy | combined: 收到行情, SA508P1220.CZCE
2025-06-11 13:55:19.413 | INFO | SimpleStrategy | combined: 收到行情, SA508P1220.CZCE
2025-06-11 13:55:19.413 | INFO | SimpleStrategy | combined: 收到行情, SA508P1240.CZCE
2025-06-11 13:55:19.413 | INFO | SimpleStrategy | combined: 收到行情, SA508P1240.CZCE
2025-06-11 13:55:19.413 | INFO | SimpleStrategy | combined: 收到行情, SA508P1260.CZCE
2025-06-11 13:55:19.413 | INFO | SimpleStrategy | combined: 收到行情, SA508P1260.CZCE
2025-06-11 13:55:19.413 | INFO | SimpleStrategy | combined: 收到行情, SA508P1280.CZCE
2025-06-11 13:55:19.413 | INFO | SimpleStrategy | combined: 收到行情, SA508P1280.CZCE
